Substrate_SMILES,cluster_id,pc1,pc2,pc3,pair_count
C/C(=C/CNc1ncnc2nc[nH]c12)CO,6,0.016370375,0.13639845,-0.048915606,6
C=C1C[C@@]23CC[C@H]4[C@@](C)(CCC[C@@]4(C)C(=O)O)[C@@H]2CC[C@]1(O)C3,7,0.167576,0.13195351,0.24328928,2
C=C1C[C@@]23CC[C@H]4[C@@](C)(CCC[C@@]4(C)C(=O)O)[C@@H]2CC[C@]1(O[C@@H]1O[C@H](CO)[C@@H](O)[C@H](O)[C@H]1O[C@@H]1O[C@H](CO)[C@@H](O)[C@H](O)[C@H]1O)C3,2,-0.1737866,-0.037255973,0.37918,2
C=C1C[C@@]23CC[C@H]4[C@@](C)(CCC[C@@]4(C)C(=O)O[C@@H]4O[C@H](CO)[C@@H](O)[C@H](O)[C@H]4O)[C@@H]2CC[C@]1(O[C@@H]1O[C@H](CO)[C@@H](O)[C@H](O)[C@H]1O[C@@H]1O[C@H](CO)[C@@H](O)[C@H](O)[C@H]1O)C3,2,-0.18163836,-0.034069765,0.38353997,4
C=CC1=C(C)C(=Cc2[nH]c(Cc3[nH]c(C=C4NC(=O)C(C)=C4C=C)c(C)c3CCC(=O)O)c(CCC(=O)O)c2C)NC1=O,6,0.09186302,0.10771543,-0.022047121,4
C=CCc1ccc(O)c(OC)c1,1,0.28218126,0.08821379,-0.100722715,4
CC(=CCCC(C)=CCCC(C)CCOP(=O)(O)O)CCC=C(C)CCCC(C)C,4,-0.21568283,0.5028474,-0.34546545,2
CC(=CCCC(C)=CCCC(C)CCOP(=O)([O-])OC1OC(CO)C(O)C(O)C1O)CCC=C(C)CCCC(C)C,4,-0.47716886,0.18133481,-0.20491311,2
CC(=O)N(C)[C@H](C)[C@@H]1CC[C@@H]2[C@H]3CC=C4C[C@@H](N(C)C)CC[C@@]4(C)[C@@H]3CC[C@]21C,7,0.1990269,0.20719469,0.2413735,2
CC(=O)NC1C(O)OC(CO)C(O)C1O,2,-0.35171837,-0.06285213,0.22859198,1318
CC(=O)NC1C(O)OC(CO)C(O)C1OC1OC(C(=O)[O-])C(O)C(O)C1O,2,-0.40445623,-0.11340274,0.28235212,468
CC(=O)NC1C(O)OC(CO)C(O)C1OC1OC(CO)C(O)C(O)C1OC1OC(C)C(O)C(O)C1O,2,-0.43414173,-0.10212839,0.31225485,2
CC(=O)NC1C(O)OC(CO)C(OC2OC(CO)C(O)C(O)C2O)C1O,2,-0.442222,-0.09278255,0.30049244,152
CC(=O)NC1C(OC2C(C(=O)[O-])OC(OC3C(O)C(CO)OC(O)C3NC(C)=O)C(O)C2O)OC(CO)C(O)C1O,2,-0.42384267,-0.10474152,0.26573184,468
CC(=O)NC1C(OC2C(CO)OC(OC3C(CO)OC(OC4C(CO)OC(OC5C(CO)OC(OC6C(NC(C)=O)C(C)OC(OP(=O)([O-])OP(=O)([O-])OCC=C(C)CCC=C(C)CCC=C(C)CCC=C(C)CCC=C(C)CCC=C(C)CCC=C(C)CCC=C(C)CCC=C(C)CCC=C(C)CCC=C(C)C)C6NC(C)=O)C(NC(C)=O)C5O)C(NC(C)=O)C4O)C(NC(C)=O)C3O)C(NC(C)=O)C2O)OC(CO)C(O)C1O,4,-0.5835806,0.071808174,-0.20577958,2
CC(=O)NC1C(OC2C(O)C(CO)OC(OP(=O)([O-])OP(=O)([O-])OCC=C(C)CCC=C(C)CCC=C(C)CCC=C(C)CCC=C(C)CCC=C(C)CCC=C(C)CCC=C(C)CCC=C(C)CCC=C(C)CCC=C(C)C)C2NC(C)=O)OC(CO)C(O)C1O,4,-0.6059624,0.07350749,-0.22315426,2
CC(=O)NC1C(OP(=O)([O-])OCCC(C)CCC=C(C)CCC=C(C)CCC=C(C)CCCC(C)C)OC(CO)C(O)C1O,4,-0.4997454,0.20432812,-0.20865001,2
CC(=O)NC1C(OP(=O)([O-])OP(=O)([O-])OCC2OC(n3ccc(=O)[nH]c3=O)C(O)C2O)OC(C(=O)[O-])C(O)C1NC(C)=O,0,-0.26592886,-0.45046806,-0.19624338,2
CC(=O)NC1C(OP(=O)([O-])OP(=O)([O-])OCC2OC(n3ccc(=O)[nH]c3=O)C(O)C2O)OC(CO)C(O)C1O,0,-0.3523363,-0.45328766,-0.18555042,4200
CC(=O)NC1C(OP(=O)([O-])OP(=O)([O-])OCC=C(C)CCC=C(C)CCC=C(C)CCC=C(C)CCC=C(C)CCC=C(C)CCC=C(C)CCC=C(C)CCC=C(C)CCC=C(C)C)OC(CO)C(O)C1O,4,-0.5936326,0.0748548,-0.2746254,16
CC(=O)NC1C(OP(=O)([O-])OP(=O)([O-])OCC=C(C)CCC=C(C)CCC=C(C)CCC=C(C)CCC=C(C)CCC=C(C)CCC=C(C)CCC=C(C)CCC=C(C)CCC=C(C)C)OC(CO)C(O)C1OC1OC(C)C(O)C(O)C1O,4,-0.6036719,0.051732894,-0.1699314,30
CC(=O)NC1C(OP(=O)([O-])OP(=O)([O-])OCC=C(C)CCC=C(C)CCC=C(C)CCC=C(C)CCC=C(C)CCC=C(C)CCC=C(C)CCC=C(C)CCC=C(C)CCC=C(C)CCC=C(C)C)OC(CO)C(O)C1O,4,-0.5936326,0.0748548,-0.2746254,6
CC(=O)NC1C(OP(=O)([O-])OP(=O)([O-])OCC=C(C)CCC=C(C)CCC=C(C)CCC=C(C)CCC=C(C)CCC=C(C)CCC=C(C)CCC=C(C)CCC=C(C)CCC=C(C)CCC=C(C)C)OC(CO)C(O)C1OC1OC(CO)C(O)C(OC2OC(CO)C(O)C(O)C2OC2OC(C)C(O)C(O)C2O)C1NC(C)=O,4,-0.6081273,0.03475797,-0.14434813,2
CC(=O)NC1C(OP(=O)([O-])OP(=O)([O-])OCC=C(C)CCC=C(C)CCC=C(C)CCC=C(C)CCC=C(C)CCC=C(C)CCC=C(C)CCC=C(C)CCC=C(C)CCC=C(C)CCC=C(C)C)OC(CO)C(OC2OC(CO)C(OP(=O)([O-])OCC(O)COP(=O)([O-])OCC(O)COP(=O)([O-])OCC(O)C(O)C(O)CO)C(O)C2NC(C)=O)C1O,4,-0.51097167,0.11804289,-0.19114086,6
CC(=O)N[C@H]1[C@H](OP(=O)(O)OP(=O)(O)OCCC(C)CC/C=C(\C)CC/C=C(\C)CC/C=C(\C)CC/C=C(\C)CC/C=C(\C)CC/C=C(\C)CC/C=C(\C)CC/C=C(\C)CC/C=C(\C)CC/C=C(\C)CC/C=C(\C)CC/C=C(\C)CC/C=C(\C)CC/C=C(\C)CCC=C(C)C)O[C@H](CO)[C@@H](O[C@@H]2O[C@H](CO)[C@@H](O)[C@H](O)[C@H]2NC(C)=O)[C@@H]1O,4,-0.5062481,0.22927207,-0.14416718,2
CC(=O)OCC(CO)OC(C)=O,5,-0.029439794,0.20124932,0.038773958,6
CC(=O)OC[C@H]1O[C@@H](O[C@H]2[C@H](OC(C)CCCCCC/C=C/CCCCCCCC(=O)O)O[C@H](COC(C)=O)[C@@H](O)[C@@H]2O)[C@H](O)[C@@H](O)[C@@H]1O,2,-0.2567738,0.08561002,0.17521955,4
CC(C)=CCC/C(C)=C/CC/C(C)=C/CC/C(C)=C/CC/C(C)=C/CC/C(C)=C/CC/C(C)=C/CC/C(C)=C/CC/C(C)=C/CC/C(C)=C/CCC(C)CCO,4,-0.23455396,0.5692376,-0.2726097,4
CC(C)=CCC/C(C)=C/CCC(C)CCOP(=O)(O)O,4,-0.2739384,0.52778786,-0.36944863,34
CC(C)=CCC/C(C)=C/CO,4,-0.23273714,0.50947523,-0.20201688,2
CC(C)=CCCC(C)(O)[C@H]1CC[C@]2(C)C1CC[C@@H]1[C@@]3(C)CC[C@H](O)C(C)(C)[C@@H]3CC[C@]12C,7,0.020955168,0.27984884,0.15706581,4
CC(C)=CCCC(C)=CCCC(C)=CCCC(C)=CCCC(C)=CCCC(C)=CCCC(C)=CCCC(C)=CCCC(C)=CCCC(C)=CCCC(C)=CCCC(C)=CCOP(=O)([O-])[O-],4,-0.32996204,0.42366427,-0.43113014,2
CC(C)=CCCC(C)=CCCC(C)=CCCC(C)=CCCC(C)=CCCC(C)=CCCC(C)=CCCC(C)=CCCC(C)=CCCC(C)=CCCC(C)=CCOP(=O)([O-])OP(=O)([O-])OC1OC(CO)C(O)C(O)C1O,4,-0.5786436,0.041761387,-0.27627048,54
CC(C)=CCCC(C)=CCCC(C)=CCCC(C)=CCCC(C)=CCCC(C)=CCCC(C)=CCCC(C)=CCCC(C)=CCCC(C)=CCCC(C)=CCOP(=O)([O-])OP(=O)([O-])OC1OC(CO)C(O)C(OC2OC(C)C(OC3OC(CO)C(O)C(O)C3O)C(O)C2O)C1O,4,-0.57413334,0.03533405,-0.17402494,2
CC(C)=CCCC(C)=CCCC(C)=CCCC(C)=CCCC(C)=CCCC(C)=CCCC(C)=CCCC(C)=CCCC(C)=CCCC(C)=CCCC(C)=CCOP(=O)([O-])[O-],4,-0.32996204,0.42366427,-0.43113014,444
CC(C)=CCCC(C)=CCCC(C)=CCCC(C)=CCCC(C)CCOP(=O)([O-])[O-],4,-0.29674274,0.50094336,-0.41296458,3208
CC(C)CCC[C@@H](C)[C@H]1CC[C@H]2[C@@H]3CC=C4C[C@@H](O)CC[C@]4(C)[C@H]3CC[C@]12C,7,0.17685696,0.23636068,0.26291347,8
CC(C=CC1=C(C)CCCC1(C)C)=CC=CC(C)=CC(=O)O,7,0.17399098,0.20840298,0.1260384,4
CC(O)C(O)C1CNc2nc(N)[nH]c(=O)c2N1,7,0.16042687,0.018828386,0.06111577,12
CC12CCC(=O)C=C1CCC1C2CCC2(C)C(O)CCC12,7,0.22247018,0.17048796,0.26786247,4
CC12CCC3C(CCC4CC(O)CCC43C)C1CCC2=O,7,0.20556079,0.13223341,0.29324234,4
CC12CCC3c4ccc(O)cc4CCC3C1CC(O)C2O,1,0.34862766,0.110014535,0.22936897,4
CC12CCC3c4ccc(O)cc4CCC3C1CCC2=O,1,0.39647314,0.07471322,0.16976666,4
CC12CCC3c4ccc(O)cc4CCC3C1CCC2O,1,0.35649717,0.1549096,0.25895607,4
CC1=C(/C=C/C(C)=C/C=C/C(C)=C/C=C/C=C(C)/C=C/C=C(C)/C=C/C2=C(C)C[C@@H](O)CC2(C)C)C(C)(C)C[C@H](O)C1,7,0.1412091,0.16856492,0.15378028,4
CC1=C[C@H]2O[C@@H]3[C@H](O)C[C@](C)([C@@]2(CO)[C@H](O)C1=O)[C@]31CO1,7,0.065717824,0.0551328,0.16851428,4
CC1OC(OC2C(OC3C(CO)OC(O)C(O)C3O)OC(CO)C(O)C2O)C(O)C(O)C1O,2,-0.38970575,-0.12803294,0.35959363,2
CC1OC(OP(=O)([O-])OP(=O)([O-])OCC2OC(n3ccc(N)nc3=O)C(O)C2O)C(O)CC1O,0,-0.15599327,-0.40893567,-0.15975946,2
CCC(C)CCCCCCCCCCC(=O)OC[C@H]1O[C@@H](OC(=O)/C(C)=C/C=C/C(C)=C/C=C/C(C)=C/C=C/C=C(C)/C=C/C=C(\C)CCC=C(C)C)[C@H](O)[C@@H](O)[C@@H]1O,4,-0.26003262,0.20041208,0.012882087,2
CCCCCCCCC=CCCCCCCCC(=O)NC(CO)C(O)C=CCCCCCCCCCCCCC,5,-0.06145241,0.30102476,0.06690047,326
CCCCCCCCCCCCCC(=O)OC(CCCCCCCCCCC)CC(=O)OC1C(NC(=O)CC(CCCCCCCCCCC)OC(=O)CCCCCCCCCCC)C(OCC2OC(OP(=O)([O-])[O-])C(NC(=O)CC(O)CCCCCCCCCCC)C(OC(=O)CC(O)CCCCCCCCCCC)C2O)OC(COC2(C(=O)[O-])CC(OC3(C(=O)[O-])CC(O)C(O)C(C(O)CO)O3)C(OC3OC(C(O)CO)C(OP(=O)([O-])[O-])C(OC4OC(C(O)COC5OC(C(O)CO)C(O)C(O)C5O)C(OP(=O)([O-])[O-])C(OC5OC(COC6OC(CO)C(O)C(O)C6O)C(O)C(O)C5O)C4O)C3O)C(C(O)CO)O2)C1OP(=O)([O-])[O-],5,-0.26714393,0.013775175,0.20619413,2
CCCCCCCCCCCCCC(=O)OC(CCCCCCCCCCC)CC(=O)OC1C(NC(=O)CC(CCCCCCCCCCC)OC(=O)CCCCCCCCCCC)C(OCC2OC(OP(=O)([O-])[O-])C(NC(=O)CC(O)CCCCCCCCCCC)C(OC(=O)CC(O)CCCCCCCCCCC)C2O)OC(COC2(C(=O)[O-])CC(OC3(C(=O)[O-])CC(O)C(O)C(C(O)CO)O3)C(OC3OC(C(O)CO)C(OP(=O)([O-])[O-])C(OC4OC(C(O)COC5OC(C(O)CO)C(O)C(O)C5O)C(OP(=O)([O-])[O-])C(OC5OC(COC6OC(CO)C(O)C(O)C6O)C(O)C(OC6OC(CO)C(O)C(O)C6O)C5O)C4O)C3O)C(C(O)CO)O2)C1OP(=O)([O-])[O-],5,-0.26679048,0.013599561,0.20573752,2
CCCCCCCCCCCCCC=CC(O)C(COC1OC(CO)C(OC2OC(CO)C(O)C(OC3(C(=O)O)CC(O)C(NC(C)=O)C(C(O)C(O)CO)O3)C2O)C(O)C1O)NC=O,5,-0.27926388,0.10141696,0.299846,6
CCCCCCCCCCCCCC=CC(O)C(COC1OC(CO)C(OC2OC(CO)C(O)C(OC3OC(CO)C(O)C(O)C3NC(C)=O)C2O)C(O)C1O)NC(C)=O,5,-0.3838788,0.08684774,0.2635299,362
CCCCCCCCCCCCCC=CC(O)C(COC1OC(CO)C(OC2OC(CO)C(O)C(OS(=O)(=O)O)C2O)C(O)C1O)NC=O,5,-0.29633734,0.08537369,0.28578407,6
CCCCCCCCCCCCCCCCC/C=C/C(O)C(COC1OC(CO)C(O)C(O)C1O)NC(=O)C(O)CCCCCCCCCCCCCC,5,-0.29384798,0.07552883,0.23783532,22
CC[C@H](C)[C@H]1NC(=O)[C@H](Cc2ccc(O)cc2)NC(=O)CSC[C@@H](C(=O)O)NC(=O)[C@H](CC(N)=O)NC(=O)[C@@H](Cc2cnc[nH]2)NC(=O)[C@H](Cc2ccc(O)cc2)NC(=O)[C@H](CC(=O)O)NC(=O)[C@H](Cc2ccc(O)cc2)NC(=O)[C@@H](CC(C)C)NC(=O)[C@H](CCCN=C(N)N)NC1=O,6,0.21417876,0.05996373,0.018970167,2
CN(C)C1CCCCC1N,7,0.10563159,0.1395643,0.2256403,4
CN(C)c1ccnc(Cl)n1,6,0.26477677,0.015244043,-0.027149396,482
CN(CCCC(O)c1cccnc1)N=O,6,0.2157495,0.10907489,-0.029594554,4
CN1CCC23c4c5ccc(O)c4OC2C(O)C=CC3C1C5,1,0.23818436,-0.016339114,0.101246886,4
COC(=O)C1=CO[C@@H](O)[C@H]2[C@@H]1CC[C@@H]2C,1,0.10879186,0.013895434,0.186144,2
COC(=O)C1=CO[C@@H](O[C@@H]2O[C@H](CO)[C@@H](O)[C@H](O)[C@H]2O)[C@H]2[C@@H]1C=C[C@@]21C=C(CO)C(=O)O1,2,-0.106868304,-0.15826477,0.1814392,2
CO[C@H]1C[C@H](O[C@H]2[C@H](C)[C@@H](O[C@@H]3O[C@H](C)C[C@H](N(C)C)[C@H]3O)[C@@H](C)C[C@@]3(CO3)C(=O)[C@H](C)[C@@H](O)[C@@H](C)[C@@H](C)OC(=O)[C@@H]2C)O[C@@H](C)[C@@H]1O,2,-0.019735962,-0.010365975,0.20837586,4
COc1cc(/C=C/C(=O)O)cc(OC)c1O,1,0.25018588,0.08574564,-0.069395185,2
COc1cc(/C=C/CO)ccc1O,1,0.24590987,0.09389763,-0.10153678,6
COc1cc(O)c2c(c1)C(=O)c1cc3c(c(O)c1C2=O)[C@@H](O[C@@H]1O[C@@H](C)[C@H](O)[C@@H](O)[C@H]1OC)[C@H](OC)[C@](C)(O)C3=O,1,0.10714898,-0.049649857,0.13803513,2
COc1cc2c(cc1O)CCC1C2CCC2(C)C(=O)CCC12,1,0.3441243,0.102399416,0.18805586,4
COc1cc2c(cc1O)CCC1C2CCC2(C)C(O)CCC12,1,0.30648834,0.1779018,0.27202487,4
COc1cc2ccc(=O)oc2cc1O,1,0.34604734,-0.037327405,-0.101073004,6
COc1ccc2c(c1)OC(O)C(=O)N2O,1,0.20017688,-0.08776855,0.0034605067,6
COc1ccc2c3c1OC1C(O)C=CC4C(C2)N(C)CCC341,1,0.18105693,-0.004381954,0.13180579,4
C[C@@H](O)[C@H](N)C(=O)O,7,0.08179538,0.15638109,0.034182016,2
C[C@H](CCC(=O)O)[C@H]1CC[C@H]2[C@@H]3[C@@H](O)C[C@@H]4C[C@H](O)CC[C@]4(C)[C@H]3CC[C@]12C,7,0.09490558,0.26959077,0.24263619,12
C[C@H](CC[C@@H](O)C(C)(C)O)[C@H]1CC[C@@]2(C)[C@@H]3CC=C4[C@@H](CC[C@H](O)C4(C)C)[C@]3(C)[C@H](O)C[C@]12C,7,0.1430855,0.19384445,0.21781522,2
C[C@H]1CC[C@@H]2C(C(=O)O)=CO[C@@H](O)[C@@H]21,7,0.17414363,0.0072283824,0.17106129,4
Cc1c(N)ccc(O)c1C,6,0.36990684,0.023422757,-0.07289079,1044
Cc1ccc(C(C)C)cc1O,6,0.3501675,0.09003202,-0.09962481,2
Cc1cn(C2CC(O)C(COP(=O)([O-])OP(=O)([O-])OC3OC(C)C(O)C(O)C3O)O2)c(=O)[nH]c1=O,0,-0.1943669,-0.3376905,-0.100978486,70
N#CC(O)c1ccc(O)cc1,6,0.36703953,0.012436486,-0.11214117,2
NC(=O)CCSC(=O)CCS,6,0.060630683,0.13630354,-0.005836016,2
NC(=O)C[C@H](N)C(=O)O.NCCCC[C@H](NC(=O)[C@H](Cc1ccc(O)cc1)NC(=O)[C@@H](N)Cc1c[nH]c2ccccc12)C(=O)NCC(=O)N[C@@H](CC(N)=O)C(=O)N[C@@H](CO)C(=O)O,6,0.25470826,0.030967485,-0.07267374,2
Nc1ccc(C(=O)O)c2ccccc12,3,0.32169083,-0.07460161,-0.11107457,10
Nc1ccc2cc([N+](=O)[O-])ccc2c1,3,0.27795044,-0.051605836,-0.09429617,18
Nc1nc2c(c(CN[C@H]3C=C[C@H](O)[C@@H]3O)cn2[C@@H]2O[C@H](CO)[C@@H](O)[C@H]2O)c(=O)[nH]1,0,-0.060685605,-0.3006071,0.07878629,4
Nc1nc2c(ncn2C2OC(COP(=O)(O)OP(=O)(O)OC3OC(C(=O)O)C(O)C(O)C3O)C(O)C2O)c(=O)[nH]1,0,-0.13280861,-0.37887147,-0.06908147,10
Nc1nc2c(ncn2C2OC(COP(=O)([O-])OP(=O)([O-])OC3OC(CO)C(O)C(O)C3O)C(O)C2O)c(=O)[nH]1,0,-0.28367457,-0.4997543,-0.12305808,1800
Nc1ncnc2c1ncn2C1OC(COP(=O)([O-])OP(=O)([O-])OC2OC(CO)C(O)C(O)C2O)C(O)C1O,0,-0.3047892,-0.46592838,-0.11020786,6
Nc1ncnc2c1ncn2[C@@H]1O[C@H](CO)[C@@H](O)[C@H]1O,0,-0.12420994,-0.34183365,0.102369465,2
O=C(/C=C/c1ccc(O)cc1)c1c(O)cc(O)cc1O,3,0.3723849,0.027703917,-0.15757002,4
O=C(N[C@H]1COC(=O)[C@@H](NC(=O)c2cccc(O)c2O)COC(=O)[C@@H](NC(=O)c2cccc(O)c2O)COC1=O)c1cccc(O)c1O,3,0.2277008,-0.10644249,-0.055832107,2
O=C(O)C1(O)C[C@@H](O)[C@@H](O)[C@@H]([C@H](O)CO)O1,5,-0.009532181,0.046505913,0.24328773,20
O=C(O)C1=N[C@H](C(=O)O)CC(/C=C/N2c3cc(O)c(O)cc3C[C@H]2C(=O)O)=C1,1,0.23176578,-0.01619277,0.014902609,2
O=C(O)C1OC(OC2C(C(=O)O)OC(OC3C(C(=O)O)OC(O)C(O)C3O)C(O)C2O)C(O)C(O)C1O,2,-0.2074205,-0.11497792,0.2800408,2
O=C(O)c1cc(-c2ccccc2)cc(Cl)c1O,3,0.41521564,-0.04071595,-0.16872965,2
O=C(O)c1cc(O)c(O)c(O)c1,3,0.39997628,-0.013537347,-0.13419376,2
O=C(O)c1cc(O)ccc1O,3,0.4683752,-0.029100215,-0.17117131,4
O=C(O)c1ccc(O)c(O)c1,3,0.4320492,-0.03755775,-0.1631935,4
O=C(O)c1ccc(O)cc1,3,0.44096762,-0.04558208,-0.17382737,10
O=C(O)c1ccccc1O,3,0.4438688,-0.062121876,-0.19054233,6
O=C([O-])/C=C/c1ccccc1,3,0.29637226,-0.011268576,-0.17419024,2
O=C([O-])C1OC(O)C(O)C(O)C1O,2,-0.1395731,-0.15896912,0.22878736,4
O=C([O-])C1OC(OP(=O)([O-])OP(=O)([O-])OCC2OC(n3ccc(=O)[nH]c3=O)C(O)C2O)C(O)C(O)C1O,0,-0.22288717,-0.55461335,-0.19303185,1970
O=C([O-])C[C@H](O)C(=O)[O-],6,0.046070952,0.114745505,0.0027293512,6
O=C([O-])Cc1c[nH]c2ccccc12,6,0.2646436,-0.061566774,-0.15132962,4
O=C1C(O)Oc2ccccc2N1O,3,0.24672964,-0.16795853,-0.035995215,8
O=C1CC(O)(c2ccccc2)Oc2ccccc21,3,0.31562877,-0.06247047,-0.040863916,6
O=CNC(CO)COC1OC(CO)C(OC2OC(CO)C(O)C(O)C2O)C(O)C1O,5,-0.34990802,-0.072296515,0.29090655,2
O=CNC1COC(OP(=O)([O-])OP(=O)([O-])OCC2OC(n3ccc(=O)[nH]c3=O)C(O)C2O)C(O)C1O,0,-0.197248,-0.4812378,-0.19765835,366
O=c1c(-c2ccccc2)coc2ccccc12,3,0.30983454,-0.12691943,-0.13620758,6
O=c1c(O)c(-c2ccc(O)c(O)c2)oc2cc(O)cc(O)c12,3,0.3930852,-0.099460006,-0.16302097,2
O=c1c(O)c(-c2ccc(O)cc2)oc2cc(O)cc(O)c12,3,0.41209123,-0.10318104,-0.17632578,2
O=c1cc(-c2ccc(O)cc2)oc2cc(O)c(O)c(O)c12,3,0.43273905,-0.11124231,-0.20610397,4
O=c1cc(-c2ccccc2)oc2cc(O)c(O)c(O)c12,3,0.44600436,-0.12574984,-0.22212483,6
O=c1cc(-c2ccccc2)oc2cc(O)ccc12,3,0.4477786,-0.11604191,-0.21193056,2
O=c1cc(-c2ccccc2)oc2ccc(O)cc12,3,0.44728696,-0.12189891,-0.20529059,2
O=c1ccc2ccccc2o1,3,0.3418276,-0.14470565,-0.14438081,2
O=c1ccn(C2OC(COP(=O)([O-])OP(=O)([O-])OC3OC(C(O)CO)C(O)C3O)C(O)C2O)c(=O)[nH]1,0,-0.21992515,-0.49184817,-0.1974516,30
O=c1ccn(C2OC(COP(=O)([O-])OP(=O)([O-])OC3OC(CO)C(O)C(O)C3O)C(O)C2O)c(=O)[nH]1,0,-0.30359617,-0.5696944,-0.18482246,7560
O=c1ccn(C2OC(COP(=O)([O-])OP(=O)([O-])OC3OCC(O)C(O)C3O)C(O)C2O)c(=O)[nH]1,0,-0.19117746,-0.533071,-0.19623627,1086
OC1C(O)C(O)C(O)C(O)C1O,2,-0.09589377,-0.06765226,0.27875257,554
OC1COC(O)C(O)C1O,2,-0.009877138,-0.0703742,0.27556747,4
OCC1=CC([NH2+]C2CC(CO)C(O)C(O)C2O)C(O)C(O)C1O,6,0.045633484,-0.04474447,0.16282897,4
OCC1OC(O)C(O)C(O)C1O,2,-0.3217964,-0.18909429,0.32050258,34
OCCc1ccc(O)cc1,6,0.3224279,-0.015606572,-0.13263464,4
Oc1cc(O)c2c(c1)O[C@H](c1ccc(O)c(O)c1)[C@@H](O)C2,3,0.32317132,-0.07389727,0.0017854472,2
Oc1cccc2ccccc12,6,0.43649164,-0.071284235,-0.17011677,4
Oc1ccccc1,3,0.5053977,-0.08584231,-0.21484269,100
