rank,job_id,compound_id,protein_id,screen_score,protein_length,gt_tier,structure_status,structure_path,confidence_score,ptm,iptm,ligand_iptm,complex_plddt,complex_iplddt,complex_pde,complex_ipde
1,rank001_GWHPBECS001198,compound_1,GWHPBECS001198,0.6950060129165649,466,A_family1_ugt_high_confidence,done,/home/jnz/AIGT_esmc/Alphafold/neg_fix_v1_top200/compound_1/structures/rank001_GWHPBECS001198.cif,0.9286141395568848,0.9505416750907898,0.9362900853157043,0.9362900853157043,0.9266951084136963,0.8429850339889526,0.4883221387863159,1.2161757946014404
2,rank002_GWHPBECS032946,compound_1,GWHPBECS032946,0.6949636936187744,502,A_family1_ugt_high_confidence,done,/home/jnz/AIGT_esmc/Alphafold/neg_fix_v1_top200/compound_1/structures/rank002_GWHPBECS032946.cif,0.8964113593101501,0.9269697070121765,0.9437724351882935,0.9437724351882935,0.8845710754394531,0.8157063126564026,0.5307643413543701,1.1828182935714722
3,rank003_GWHPBECS031879,compound_1,GWHPBECS031879,0.694856584072113,508,A_family1_ugt_high_confidence,done,/home/jnz/AIGT_esmc/Alphafold/neg_fix_v1_top200/compound_1/structures/rank003_GWHPBECS031879.cif,0.8880106210708618,0.9378857612609863,0.9492611289024353,0.9492611289024353,0.8726979494094849,0.774850070476532,0.5019336938858032,1.0393519401550293
4,rank004_GWHPBECS023846,compound_1,GWHPBECS023846,0.6931118369102478,463,A_family1_ugt_high_confidence,done,/home/jnz/AIGT_esmc/Alphafold/neg_fix_v1_top200/compound_1/structures/rank004_GWHPBECS023846.cif,0.929912269115448,0.953653872013092,0.9462661743164062,0.9462661743164062,0.9258238077163696,0.8817017078399658,0.4335235357284546,0.989104151725769
5,rank005_GWHPBECS023836,compound_1,GWHPBECS023836,0.6930609345436096,463,A_family1_ugt_high_confidence,done,/home/jnz/AIGT_esmc/Alphafold/neg_fix_v1_top200/compound_1/structures/rank005_GWHPBECS023836.cif,0.9257039427757263,0.9511319994926453,0.947512149810791,0.947512149810791,0.9202518463134766,0.879919171333313,0.4469588100910187,0.974033772945404
6,rank006_GWHPBECS024446,compound_1,GWHPBECS024446,0.6928088068962097,469,A_family1_ugt_high_confidence,done,/home/jnz/AIGT_esmc/Alphafold/neg_fix_v1_top200/compound_1/structures/rank006_GWHPBECS024446.cif,0.8775674700737,0.9108180999755859,0.8249039649963379,0.8249039649963379,0.8907333612442017,0.7831590175628662,0.689555823802948,2.3882415294647217
7,rank007_GWHPBECS041244,compound_1,GWHPBECS041244,0.6921917796134949,458,B_pspg_like_gt_candidate,done,/home/jnz/AIGT_esmc/Alphafold/neg_fix_v1_top200/compound_1/structures/rank007_GWHPBECS041244.cif,0.8987142443656921,0.9327659010887146,0.9120820164680481,0.9120820164680481,0.8953723311424255,0.7385219931602478,0.4633015990257263,1.3267487287521362
8,rank008_GWHPBECS005891,compound_1,GWHPBECS005891,0.6919217109680176,479,A_family1_ugt_high_confidence,done,/home/jnz/AIGT_esmc/Alphafold/neg_fix_v1_top200/compound_1/structures/rank008_GWHPBECS005891.cif,0.9255619049072266,0.9626012444496155,0.9544878602027893,0.9544878602027893,0.9183304309844971,0.885974645614624,0.4209907650947571,0.9253196120262146
9,rank009_GWHPBECS041263,compound_1,GWHPBECS041263,0.6917704343795776,458,B_pspg_like_gt_candidate,done,/home/jnz/AIGT_esmc/Alphafold/neg_fix_v1_top200/compound_1/structures/rank009_GWHPBECS041263.cif,0.8892969489097595,0.9362163543701172,0.8696344494819641,0.8696344494819641,0.894212543964386,0.7094587683677673,0.5232314467430115,2.116668701171875
10,rank010_GWHPBECS005377,compound_1,GWHPBECS005377,0.6916906237602234,475,A_family1_ugt_high_confidence,done,/home/jnz/AIGT_esmc/Alphafold/neg_fix_v1_top200/compound_1/structures/rank010_GWHPBECS005377.cif,0.9067394137382507,0.9562433362007141,0.9290485382080078,0.9290485382080078,0.9011622071266174,0.7965378165245056,0.4527240991592407,1.071908712387085
11,rank011_GWHPBECS041243,compound_1,GWHPBECS041243,0.691631019115448,458,B_pspg_like_gt_candidate,done,/home/jnz/AIGT_esmc/Alphafold/neg_fix_v1_top200/compound_1/structures/rank011_GWHPBECS041243.cif,0.8873485922813416,0.9245500564575195,0.8302434086799622,0.8302434086799622,0.9016247987747192,0.7464643120765686,0.5757308602333069,2.501065492630005
12,rank012_GWHPBECS006191,compound_1,GWHPBECS006191,0.6916022896766663,452,A_family1_ugt_high_confidence,done,/home/jnz/AIGT_esmc/Alphafold/neg_fix_v1_top200/compound_1/structures/rank012_GWHPBECS006191.cif,0.922888457775116,0.9500827789306641,0.9351856112480164,0.9351856112480164,0.9198142290115356,0.8874673247337341,0.4558427333831787,1.017769455909729
13,rank013_GWHPBECS041259,compound_1,GWHPBECS041259,0.6914281249046326,458,B_pspg_like_gt_candidate,done,/home/jnz/AIGT_esmc/Alphafold/neg_fix_v1_top200/compound_1/structures/rank013_GWHPBECS041259.cif,0.8743199706077576,0.923305869102478,0.8241305947303772,0.8241305947303772,0.8868672251701355,0.6777172088623047,0.5987135767936707,2.6970295906066895
14,rank014_GWHPBECS036195,compound_1,GWHPBECS036195,0.6913728713989258,501,A_family1_ugt_high_confidence,done,/home/jnz/AIGT_esmc/Alphafold/neg_fix_v1_top200/compound_1/structures/rank014_GWHPBECS036195.cif,0.872769296169281,0.8890337347984314,0.9407491683959961,0.9407491683959961,0.8557742834091187,0.7505515813827515,0.9675840139389038,2.6369566917419434
15,rank015_GWHPBECS041203,compound_1,GWHPBECS041203,0.6910163164138794,458,B_pspg_like_gt_candidate,done,/home/jnz/AIGT_esmc/Alphafold/neg_fix_v1_top200/compound_1/structures/rank015_GWHPBECS041203.cif,0.8911491632461548,0.9455243945121765,0.8593242168426514,0.8593242168426514,0.8991053104400635,0.6707679033279419,0.5447699427604675,2.2614283561706543
16,rank016_GWHPBECS019991,compound_1,GWHPBECS019991,0.6909278035163879,452,A_family1_ugt_high_confidence,done,/home/jnz/AIGT_esmc/Alphafold/neg_fix_v1_top200/compound_1/structures/rank016_GWHPBECS019991.cif,0.927776038646698,0.9423469305038452,0.92320716381073,0.92320716381073,0.9289182424545288,0.8915612697601318,0.49742957949638367,1.239984154701233
17,rank017_GWHPBECS039819,compound_1,GWHPBECS039819,0.6906338930130005,490,A_family1_ugt_high_confidence,done,/home/jnz/AIGT_esmc/Alphafold/neg_fix_v1_top200/compound_1/structures/rank017_GWHPBECS039819.cif,0.8936176300048828,0.918800413608551,0.9308498501777649,0.9308498501777649,0.8843095302581787,0.8867713809013367,0.5891067385673523,1.250062346458435
18,rank018_GWHPBECS034039,compound_1,GWHPBECS034039,0.6905893087387085,462,A_family1_ugt_high_confidence,done,/home/jnz/AIGT_esmc/Alphafold/neg_fix_v1_top200/compound_1/structures/rank018_GWHPBECS034039.cif,0.9116145968437195,0.9511179327964783,0.9421623945236206,0.9421623945236206,0.9039776921272278,0.8219889402389526,0.4584711492061615,1.0997440814971924
19,rank019_GWHPBECS041202,compound_1,GWHPBECS041202,0.690589189529419,388,B_pspg_like_gt_candidate,done,/home/jnz/AIGT_esmc/Alphafold/neg_fix_v1_top200/compound_1/structures/rank019_GWHPBECS041202.cif,0.816747784614563,0.7612380385398865,0.6209222078323364,0.6209222078323364,0.8657041192054749,0.6715794205665588,1.2169647216796875,5.563854217529297
20,rank020_GWHPBECS023843,compound_1,GWHPBECS023843,0.6902116537094116,478,A_family1_ugt_high_confidence,done,/home/jnz/AIGT_esmc/Alphafold/neg_fix_v1_top200/compound_1/structures/rank020_GWHPBECS023843.cif,0.913500964641571,0.9431992769241333,0.9022412896156311,0.9022412896156311,0.9163158535957336,0.8472590446472168,0.5502009391784668,1.585279107093811
21,rank021_GWHPBECS039810,compound_1,GWHPBECS039810,0.689536988735199,467,A_family1_ugt_high_confidence,done,/home/jnz/AIGT_esmc/Alphafold/neg_fix_v1_top200/compound_1/structures/rank021_GWHPBECS039810.cif,0.8880398869514465,0.9404537677764893,0.9099814295768738,0.9099814295768738,0.8825545310974121,0.7407962679862976,0.5195218324661255,1.291001796722412
22,rank022_GWHPBECS041249,compound_1,GWHPBECS041249,0.6894089579582214,459,B_pspg_like_gt_candidate,done,/home/jnz/AIGT_esmc/Alphafold/neg_fix_v1_top200/compound_1/structures/rank022_GWHPBECS041249.cif,0.9078102111816406,0.9441584348678589,0.955761194229126,0.955761194229126,0.8958225250244141,0.762698769569397,0.4116222560405731,0.893413782119751
23,rank023_GWHPBECS023832,compound_1,GWHPBECS023832,0.6893861293792725,476,A_family1_ugt_high_confidence,done,/home/jnz/AIGT_esmc/Alphafold/neg_fix_v1_top200/compound_1/structures/rank023_GWHPBECS023832.cif,0.9132111668586731,0.9449146389961243,0.8969820737838745,0.8969820737838745,0.9172683954238892,0.8390700817108154,0.5778174996376038,1.7141951322555542
24,rank024_GWHPBECS013086,compound_1,GWHPBECS013086,0.6892966032028198,455,A_family1_ugt_high_confidence,done,/home/jnz/AIGT_esmc/Alphafold/neg_fix_v1_top200/compound_1/structures/rank024_GWHPBECS013086.cif,0.9371906518936157,0.9526450037956238,0.9270728826522827,0.9270728826522827,0.9397200345993042,0.8944149613380432,0.452597439289093,1.2404327392578125
25,rank025_GWHPBECS039805,compound_1,GWHPBECS039805,0.6892862319946289,467,A_family1_ugt_high_confidence,done,/home/jnz/AIGT_esmc/Alphafold/neg_fix_v1_top200/compound_1/structures/rank025_GWHPBECS039805.cif,0.8723899126052856,0.9479494690895081,0.9063884019851685,0.9063884019851685,0.8638902902603149,0.64039146900177,0.4945111572742462,1.2530487775802612
26,rank026_GWHPBECS005381,compound_1,GWHPBECS005381,0.689283013343811,475,A_family1_ugt_high_confidence,done,/home/jnz/AIGT_esmc/Alphafold/neg_fix_v1_top200/compound_1/structures/rank026_GWHPBECS005381.cif,0.8911446928977966,0.9524080157279968,0.9088618159294128,0.9088618159294128,0.8867153525352478,0.6937713623046875,0.4883992671966553,1.2669453620910645
27,rank027_GWHPBECS005593,compound_1,GWHPBECS005593,0.6892566680908203,540,C_reviewed_gt_high_similarity,done,/home/jnz/AIGT_esmc/Alphafold/neg_fix_v1_top200/compound_1/structures/rank027_GWHPBECS005593.cif,0.8859086036682129,0.9015659093856812,0.9500452280044556,0.9500452280044556,0.8698744177818298,0.8372836112976074,0.5951396822929382,1.2274951934814453
28,rank028_GWHPBECS041157,compound_1,GWHPBECS041157,0.6892217993736267,399,B_pspg_like_gt_candidate,done,/home/jnz/AIGT_esmc/Alphafold/neg_fix_v1_top200/compound_1/structures/rank028_GWHPBECS041157.cif,0.8576397895812988,0.8824782967567444,0.8483423590660095,0.8483423590660095,0.85996413230896,0.6697806119918823,0.7442224025726318,3.0597665309906006
29,rank029_GWHPBECS026431,compound_1,GWHPBECS026431,0.6892017722129822,435,A_family1_ugt_high_confidence,done,/home/jnz/AIGT_esmc/Alphafold/neg_fix_v1_top200/compound_1/structures/rank029_GWHPBECS026431.cif,0.8444968461990356,0.928973376750946,0.8876795172691345,0.8876795172691345,0.8337011337280273,0.5589872598648071,0.5793574452400208,1.763289451599121
30,rank030_GWHPBECS023845,compound_1,GWHPBECS023845,0.6891602277755737,462,A_family1_ugt_high_confidence,done,/home/jnz/AIGT_esmc/Alphafold/neg_fix_v1_top200/compound_1/structures/rank030_GWHPBECS023845.cif,0.9027682542800903,0.9340578317642212,0.9189527034759521,0.9189527034759521,0.8987221121788025,0.8127508163452148,0.5776678919792175,1.4706885814666748
31,rank031_GWHPBECS019368,compound_1,GWHPBECS019368,0.689069926738739,454,A_family1_ugt_high_confidence,done,/home/jnz/AIGT_esmc/Alphafold/neg_fix_v1_top200/compound_1/structures/rank031_GWHPBECS019368.cif,0.9098682403564453,0.9293399453163147,0.8962810635566711,0.8962810635566711,0.9132649898529053,0.8301419019699097,0.5500051975250244,1.545351505279541
32,rank032_GWHPBECS041248,compound_1,GWHPBECS041248,0.6890310049057007,389,B_pspg_like_gt_candidate,done,/home/jnz/AIGT_esmc/Alphafold/neg_fix_v1_top200/compound_1/structures/rank032_GWHPBECS041248.cif,0.813222348690033,0.7800582647323608,0.6478540301322937,0.6478540301322937,0.854564368724823,0.6115474104881287,1.1315022706985474,5.138173580169678
33,rank033_GWHPBECS023844,compound_1,GWHPBECS023844,0.6888396739959717,476,A_family1_ugt_high_confidence,done,/home/jnz/AIGT_esmc/Alphafold/neg_fix_v1_top200/compound_1/structures/rank033_GWHPBECS023844.cif,0.9172673225402832,0.9480792284011841,0.9161850214004517,0.9161850214004517,0.9175378680229187,0.8508461117744446,0.5394852757453918,1.487502098083496
34,rank034_GWHPBECS019467,compound_1,GWHPBECS019467,0.6888019442558289,455,A_family1_ugt_high_confidence,done,/home/jnz/AIGT_esmc/Alphafold/neg_fix_v1_top200/compound_1/structures/rank034_GWHPBECS019467.cif,0.9395840764045715,0.9528895020484924,0.9432839155197144,0.9432839155197144,0.9386590719223022,0.8879840970039368,0.43640774488449097,0.964227557182312
35,rank035_GWHPBECS039808,compound_1,GWHPBECS039808,0.6887919902801514,467,A_family1_ugt_high_confidence,done,/home/jnz/AIGT_esmc/Alphafold/neg_fix_v1_top200/compound_1/structures/rank035_GWHPBECS039808.cif,0.8768381476402283,0.939081072807312,0.8772990107536316,0.8772990107536316,0.8767228722572327,0.7041497230529785,0.5612199902534485,1.5523316860198975
36,rank036_GWHPBECS011414,compound_1,GWHPBECS011414,0.6885226964950562,462,A_family1_ugt_high_confidence,done,/home/jnz/AIGT_esmc/Alphafold/neg_fix_v1_top200/compound_1/structures/rank036_GWHPBECS011414.cif,0.9145540595054626,0.955287754535675,0.9494965672492981,0.9494965672492981,0.9058184027671814,0.8477888107299805,0.4271283447742462,0.916365385055542
37,rank037_GWHPBECS041210,compound_1,GWHPBECS041210,0.688386082649231,461,B_pspg_like_gt_candidate,done,/home/jnz/AIGT_esmc/Alphafold/neg_fix_v1_top200/compound_1/structures/rank037_GWHPBECS041210.cif,0.9341043829917908,0.9335945248603821,0.9368522763252258,0.9368522763252258,0.9334173798561096,0.8818880915641785,0.41181525588035583,1.0179752111434937
38,rank038_GWHPBECS039781,compound_1,GWHPBECS039781,0.6883788704872131,467,A_family1_ugt_high_confidence,done,/home/jnz/AIGT_esmc/Alphafold/neg_fix_v1_top200/compound_1/structures/rank038_GWHPBECS039781.cif,0.9116154909133911,0.9533340334892273,0.9451338648796082,0.9451338648796082,0.903235912322998,0.7610214948654175,0.4457065165042877,0.9119709134101868
39,rank039_GWHPBECS041253,compound_1,GWHPBECS041253,0.6880669593811035,448,B_pspg_like_gt_candidate,done,/home/jnz/AIGT_esmc/Alphafold/neg_fix_v1_top200/compound_1/structures/rank039_GWHPBECS041253.cif,0.9009073376655579,0.9221794605255127,0.9281371235847473,0.9281371235847473,0.8940998315811157,0.7993171215057373,0.4938814640045166,1.3464962244033813
40,rank040_GWHPBECS026448,compound_1,GWHPBECS026448,0.6879774928092957,475,A_family1_ugt_high_confidence,done,/home/jnz/AIGT_esmc/Alphafold/neg_fix_v1_top200/compound_1/structures/rank040_GWHPBECS026448.cif,0.8977673649787903,0.935018002986908,0.9201114177703857,0.9201114177703857,0.8921813368797302,0.7917339205741882,0.539169192314148,1.560296654701233
41,rank041_GWHPBECS041245,compound_1,GWHPBECS041245,0.6877769827842712,460,B_pspg_like_gt_candidate,done,/home/jnz/AIGT_esmc/Alphafold/neg_fix_v1_top200/compound_1/structures/rank041_GWHPBECS041245.cif,0.8736172914505005,0.9206969141960144,0.7987575531005859,0.7987575531005859,0.8923321962356567,0.6833673715591431,0.6394903659820557,3.0735278129577637
42,rank042_GWHPBECS041247,compound_1,GWHPBECS041247,0.6877769827842712,460,B_pspg_like_gt_candidate,done,/home/jnz/AIGT_esmc/Alphafold/neg_fix_v1_top200/compound_1/structures/rank042_GWHPBECS041247.cif,0.8754472732543945,0.9274856448173523,0.8363823890686035,0.8363823890686035,0.8852135539054871,0.6464744210243225,0.589522659778595,2.5760748386383057
43,rank043_GWHPBECS041246,compound_1,GWHPBECS041246,0.6877769827842712,460,B_pspg_like_gt_candidate,done,/home/jnz/AIGT_esmc/Alphafold/neg_fix_v1_top200/compound_1/structures/rank043_GWHPBECS041246.cif,0.8768689036369324,0.9263074398040771,0.8366984724998474,0.8366984724998474,0.8869115710258484,0.6544831991195679,0.5914636254310608,2.603961944580078
44,rank044_GWHPBECS014754,compound_1,GWHPBECS014754,0.6877720355987549,386,A_family1_ugt_high_confidence,done,/home/jnz/AIGT_esmc/Alphafold/neg_fix_v1_top200/compound_1/structures/rank044_GWHPBECS014754.cif,0.8260578513145447,0.8631628155708313,0.8712605834007263,0.8712605834007263,0.8147571682929993,0.572422981262207,0.6308354735374451,1.7003436088562012
45,rank045_GWHPBECS026466,compound_1,GWHPBECS026466,0.6877575516700745,476,A_family1_ugt_high_confidence,done,/home/jnz/AIGT_esmc/Alphafold/neg_fix_v1_top200/compound_1/structures/rank045_GWHPBECS026466.cif,0.8949071764945984,0.9371390342712402,0.8668614029884338,0.8668614029884338,0.9019185900688171,0.8207067847251892,0.6064407825469971,2.2578299045562744
46,rank046_GWHPBECS019985,compound_1,GWHPBECS019985,0.6877186298370361,449,A_family1_ugt_high_confidence,done,/home/jnz/AIGT_esmc/Alphafold/neg_fix_v1_top200/compound_1/structures/rank046_GWHPBECS019985.cif,0.9062836766242981,0.9534700512886047,0.9425655007362366,0.9425655007362366,0.8972132205963135,0.7989806532859802,0.44477829337120056,0.9657413363456726
47,rank047_GWHPBECS039807,compound_1,GWHPBECS039807,0.6875695586204529,466,A_family1_ugt_high_confidence,done,/home/jnz/AIGT_esmc/Alphafold/neg_fix_v1_top200/compound_1/structures/rank047_GWHPBECS039807.cif,0.883914589881897,0.9480627775192261,0.9259063601493835,0.9259063601493835,0.8734166622161865,0.6907035112380981,0.4821828603744507,1.112613558769226
48,rank048_GWHPBECS019398,compound_1,GWHPBECS019398,0.6874615550041199,454,A_family1_ugt_high_confidence,done,/home/jnz/AIGT_esmc/Alphafold/neg_fix_v1_top200/compound_1/structures/rank048_GWHPBECS019398.cif,0.9207763075828552,0.9352601766586304,0.9304934740066528,0.9304934740066528,0.9183470010757446,0.8657870888710022,0.5035866498947144,1.2466365098953247
49,rank049_GWHPBECS039312,compound_1,GWHPBECS039312,0.68734210729599,422,B_pspg_like_gt_candidate,done,/home/jnz/AIGT_esmc/Alphafold/neg_fix_v1_top200/compound_1/structures/rank049_GWHPBECS039312.cif,0.7662088871002197,0.7961176037788391,0.6564268469810486,0.6564268469810486,0.7936543822288513,0.5721182227134705,1.0335009098052979,5.192007541656494
50,rank050_GWHPBECS026452,compound_1,GWHPBECS026452,0.6873055696487427,475,A_family1_ugt_high_confidence,done,/home/jnz/AIGT_esmc/Alphafold/neg_fix_v1_top200/compound_1/structures/rank050_GWHPBECS026452.cif,0.9013525247573853,0.9311156272888184,0.900664746761322,0.900664746761322,0.9015244841575623,0.8271941542625427,0.557266891002655,1.7103502750396729
51,rank051_GWHPBECS039310,compound_1,GWHPBECS039310,0.6872472763061523,422,B_pspg_like_gt_candidate,done,/home/jnz/AIGT_esmc/Alphafold/neg_fix_v1_top200/compound_1/structures/rank051_GWHPBECS039310.cif,0.7943283915519714,0.8003169298171997,0.8085465431213379,0.8085465431213379,0.7907738089561462,0.533719539642334,0.8153932690620422,3.0528645515441895
52,rank052_GWHPBECS023839,compound_1,GWHPBECS023839,0.6871539950370789,311,C_reviewed_gt_high_similarity,done,/home/jnz/AIGT_esmc/Alphafold/neg_fix_v1_top200/compound_1/structures/rank052_GWHPBECS023839.cif,0.8590618968009949,0.9140379428863525,0.7647514939308167,0.7647514939308167,0.882639467716217,0.6772629618644714,0.6279109716415405,3.1231861114501953
53,rank053_GWHPBECS039792,compound_1,GWHPBECS039792,0.687153160572052,467,A_family1_ugt_high_confidence,done,/home/jnz/AIGT_esmc/Alphafold/neg_fix_v1_top200/compound_1/structures/rank053_GWHPBECS039792.cif,0.9390648007392883,0.9553644061088562,0.9577829241752625,0.9577829241752625,0.9343852400779724,0.923210859298706,0.43622511625289917,0.7956026792526245
54,rank054_GWHPBECS019468,compound_1,GWHPBECS019468,0.68714839220047,457,A_family1_ugt_high_confidence,done,/home/jnz/AIGT_esmc/Alphafold/neg_fix_v1_top200/compound_1/structures/rank054_GWHPBECS019468.cif,0.9145238995552063,0.9465917348861694,0.9183740019798279,0.9183740019798279,0.9135614037513733,0.8423438668251038,0.5086493492126465,1.3239796161651611
55,rank055_GWHPBECS039787,compound_1,GWHPBECS039787,0.6870126724243164,467,A_family1_ugt_high_confidence,done,/home/jnz/AIGT_esmc/Alphafold/neg_fix_v1_top200/compound_1/structures/rank055_GWHPBECS039787.cif,0.8968720436096191,0.9520955085754395,0.9360066652297974,0.9360066652297974,0.8870883584022522,0.6865583658218384,0.4551478326320648,1.022383689880371
56,rank056_GWHPBECS041167,compound_1,GWHPBECS041167,0.6869205832481384,467,B_pspg_like_gt_candidate,done,/home/jnz/AIGT_esmc/Alphafold/neg_fix_v1_top200/compound_1/structures/rank056_GWHPBECS041167.cif,0.9318891763687134,0.9384972453117371,0.9509903192520142,0.9509903192520142,0.9271138906478882,0.8832393288612366,0.4288887083530426,1.0470328330993652
57,rank057_GWHPBECS026435,compound_1,GWHPBECS026435,0.686853289604187,381,A_family1_ugt_high_confidence,done,/home/jnz/AIGT_esmc/Alphafold/neg_fix_v1_top200/compound_1/structures/rank057_GWHPBECS026435.cif,0.883566677570343,0.9194027781486511,0.9064971804618835,0.9064971804618835,0.8778340220451355,0.7182932496070862,0.5545077919960022,1.5537776947021484
58,rank058_GWHPBECS042661,compound_1,GWHPBECS042661,0.6866018176078796,483,A_family1_ugt_high_confidence,done,/home/jnz/AIGT_esmc/Alphafold/neg_fix_v1_top200/compound_1/structures/rank058_GWHPBECS042661.cif,0.8920227885246277,0.9436182975769043,0.9424197673797607,0.9424197673797607,0.8794235587120056,0.7987954616546631,0.4793584942817688,1.0361124277114868
59,rank059_GWHPBECS039789,compound_1,GWHPBECS039789,0.6865702867507935,467,A_family1_ugt_high_confidence,done,/home/jnz/AIGT_esmc/Alphafold/neg_fix_v1_top200/compound_1/structures/rank059_GWHPBECS039789.cif,0.8865936398506165,0.9465176463127136,0.9125192165374756,0.9125192165374756,0.8801121711730957,0.6664724349975586,0.49462223052978516,1.2405084371566772
60,rank060_GWHPBECS041209,compound_1,GWHPBECS041209,0.6864480972290039,443,B_pspg_like_gt_candidate,done,/home/jnz/AIGT_esmc/Alphafold/neg_fix_v1_top200/compound_1/structures/rank060_GWHPBECS041209.cif,0.8789532780647278,0.8953534960746765,0.8739548325538635,0.8739548325538635,0.8802028298377991,0.804704487323761,0.6779725551605225,1.9433072805404663
61,rank061_GWHPBECS039311,compound_1,GWHPBECS039311,0.6863928437232971,443,B_pspg_like_gt_candidate,done,/home/jnz/AIGT_esmc/Alphafold/neg_fix_v1_top200/compound_1/structures/rank061_GWHPBECS039311.cif,0.8652130365371704,0.9175112843513489,0.9279084205627441,0.9279084205627441,0.8495391011238098,0.6697032451629639,0.5267625451087952,1.289476752281189
62,rank062_GWHPBECS023914,compound_1,GWHPBECS023914,0.6863855719566345,458,A_family1_ugt_high_confidence,done,/home/jnz/AIGT_esmc/Alphafold/neg_fix_v1_top200/compound_1/structures/rank062_GWHPBECS023914.cif,0.9049504399299622,0.9431021809577942,0.9038637280464172,0.9038637280464172,0.9052220582962036,0.7627238035202026,0.5061136484146118,1.4855852127075195
63,rank063_GWHPBECS010871,compound_1,GWHPBECS010871,0.6863492131233215,479,A_family1_ugt_high_confidence,done,/home/jnz/AIGT_esmc/Alphafold/neg_fix_v1_top200/compound_1/structures/rank063_GWHPBECS010871.cif,0.9307559132575989,0.9576137065887451,0.94986492395401,0.94986492395401,0.9259786009788513,0.8888965845108032,0.44698959589004517,0.96771240234375
64,rank064_GWHPBECS026429,compound_1,GWHPBECS026429,0.6862508058547974,471,A_family1_ugt_high_confidence,done,/home/jnz/AIGT_esmc/Alphafold/neg_fix_v1_top200/compound_1/structures/rank064_GWHPBECS026429.cif,0.862777054309845,0.9216094017028809,0.7291789650917053,0.7291789650917053,0.8961765170097351,0.7469347715377808,0.8456543684005737,4.451216697692871
65,rank065_GWHPBECS011179,compound_1,GWHPBECS011179,0.6861741542816162,441,A_family1_ugt_high_confidence,done,/home/jnz/AIGT_esmc/Alphafold/neg_fix_v1_top200/compound_1/structures/rank065_GWHPBECS011179.cif,0.9056617617607117,0.9342102408409119,0.8870359659194946,0.8870359659194946,0.9103182554244995,0.7433909773826599,0.4786693751811981,1.4723596572875977
66,rank066_GWHPBECS010870,compound_1,GWHPBECS010870,0.6861678957939148,479,A_family1_ugt_high_confidence,done,/home/jnz/AIGT_esmc/Alphafold/neg_fix_v1_top200/compound_1/structures/rank066_GWHPBECS010870.cif,0.9101765751838684,0.9427484273910522,0.942248523235321,0.942248523235321,0.9021585583686829,0.8765384554862976,0.5382052063941956,1.1454973220825195
67,rank067_GWHPBECS041207,compound_1,GWHPBECS041207,0.6860653758049011,459,B_pspg_like_gt_candidate,done,/home/jnz/AIGT_esmc/Alphafold/neg_fix_v1_top200/compound_1/structures/rank067_GWHPBECS041207.cif,0.8796106576919556,0.926286518573761,0.9082719087600708,0.9082719087600708,0.8724453449249268,0.6822043061256409,0.476955384016037,1.416978359222412
68,rank068_GWHPBECS026436,compound_1,GWHPBECS026436,0.6860284805297852,476,A_family1_ugt_high_confidence,done,/home/jnz/AIGT_esmc/Alphafold/neg_fix_v1_top200/compound_1/structures/rank068_GWHPBECS026436.cif,0.8916664123535156,0.9383924603462219,0.8860747218132019,0.8860747218132019,0.8930643796920776,0.769576370716095,0.598770022392273,2.1053307056427
69,rank069_GWHPBECS010789,compound_1,GWHPBECS010789,0.6859192848205566,453,A_family1_ugt_high_confidence,done,/home/jnz/AIGT_esmc/Alphafold/neg_fix_v1_top200/compound_1/structures/rank069_GWHPBECS010789.cif,0.8800281882286072,0.9483444690704346,0.9210858345031738,0.9210858345031738,0.8697636723518372,0.6490456461906433,0.4893057644367218,1.2143287658691406
70,rank070_GWHPBECS006410,compound_1,GWHPBECS006410,0.6859130263328552,456,A_family1_ugt_high_confidence,done,/home/jnz/AIGT_esmc/Alphafold/neg_fix_v1_top200/compound_1/structures/rank070_GWHPBECS006410.cif,0.8752760291099548,0.9263573884963989,0.8990318775177002,0.8990318775177002,0.8693369626998901,0.7316373586654663,0.5600321888923645,1.5807894468307495
71,rank071_GWHPBECS039799,compound_1,GWHPBECS039799,0.6857035756111145,467,A_family1_ugt_high_confidence,done,/home/jnz/AIGT_esmc/Alphafold/neg_fix_v1_top200/compound_1/structures/rank071_GWHPBECS039799.cif,0.9237100481987,0.9567981362342834,0.9675219058990479,0.9675219058990479,0.9127570390701294,0.8196106553077698,0.41921117901802063,0.7092012763023376
72,rank072_GWHPBECS019993,compound_1,GWHPBECS019993,0.6855567097663879,438,A_family1_ugt_high_confidence,done,/home/jnz/AIGT_esmc/Alphafold/neg_fix_v1_top200/compound_1/structures/rank072_GWHPBECS019993.cif,0.9051113128662109,0.9276064038276672,0.9198939204216003,0.9198939204216003,0.9014156460762024,0.8570340275764465,0.5545395612716675,1.497135043144226
73,rank073_GWHPBECS005716,compound_1,GWHPBECS005716,0.6855010390281677,494,A_family1_ugt_high_confidence,done,/home/jnz/AIGT_esmc/Alphafold/neg_fix_v1_top200/compound_1/structures/rank073_GWHPBECS005716.cif,0.8870058059692383,0.9336540102958679,0.8612016439437866,0.8612016439437866,0.8934568166732788,0.7995067834854126,0.6137743592262268,2.1034603118896484
74,rank074_GWHPBECS039786,compound_1,GWHPBECS039786,0.6850647330284119,467,A_family1_ugt_high_confidence,done,/home/jnz/AIGT_esmc/Alphafold/neg_fix_v1_top200/compound_1/structures/rank074_GWHPBECS039786.cif,0.9073962569236755,0.9465170502662659,0.9468845725059509,0.9468845725059509,0.8975241780281067,0.7937415838241577,0.4817471206188202,0.9624931812286377
75,rank075_GWHPBECS026013,compound_1,GWHPBECS026013,0.6848659515380859,464,A_family1_ugt_high_confidence,done,/home/jnz/AIGT_esmc/Alphafold/neg_fix_v1_top200/compound_1/structures/rank075_GWHPBECS026013.cif,0.8857585191726685,0.9366770386695862,0.9225122332572937,0.9225122332572937,0.8765700459480286,0.7400627136230469,0.5421491861343384,1.3334059715270996
76,rank076_GWHPBECS019981,compound_1,GWHPBECS019981,0.6848592758178711,449,A_family1_ugt_high_confidence,done,/home/jnz/AIGT_esmc/Alphafold/neg_fix_v1_top200/compound_1/structures/rank076_GWHPBECS019981.cif,0.9125716090202332,0.9528462886810303,0.9350486993789673,0.9350486993789673,0.9069523811340332,0.8135432600975037,0.4614761173725128,1.1245676279067993
77,rank077_GWHPBECS023837,compound_1,GWHPBECS023837,0.6848539710044861,456,A_family1_ugt_high_confidence,done,/home/jnz/AIGT_esmc/Alphafold/neg_fix_v1_top200/compound_1/structures/rank077_GWHPBECS023837.cif,0.8798686861991882,0.9305223226547241,0.9172706604003906,0.9172706604003906,0.8705182075500488,0.7470886707305908,0.5952050089836121,1.4791233539581299
78,rank078_GWHPBECS039811,compound_1,GWHPBECS039811,0.6848533749580383,464,A_family1_ugt_high_confidence,done,/home/jnz/AIGT_esmc/Alphafold/neg_fix_v1_top200/compound_1/structures/rank078_GWHPBECS039811.cif,0.9003486633300781,0.9409571290016174,0.9252184629440308,0.9252184629440308,0.8941312432289124,0.8228821158409119,0.5270068049430847,1.2404006719589233
79,rank079_GWHPBECS023850,compound_1,GWHPBECS023850,0.6846379637718201,498,A_family1_ugt_high_confidence,done,/home/jnz/AIGT_esmc/Alphafold/neg_fix_v1_top200/compound_1/structures/rank079_GWHPBECS023850.cif,0.8560872077941895,0.9194045662879944,0.894550621509552,0.894550621509552,0.84647136926651,0.7163851261138916,0.6872822642326355,1.8177824020385742
80,rank080_GWHPBECS013157,compound_1,GWHPBECS013157,0.6845898628234863,386,A_family1_ugt_high_confidence,done,/home/jnz/AIGT_esmc/Alphafold/neg_fix_v1_top200/compound_1/structures/rank080_GWHPBECS013157.cif,0.7752439379692078,0.7694503664970398,0.7906039357185364,0.7906039357185364,0.771403968334198,0.553587019443512,1.08585786819458,4.3373847007751465
81,rank081_GWHPBECS034414,compound_1,GWHPBECS034414,0.6845194101333618,440,A_family1_ugt_high_confidence,done,/home/jnz/AIGT_esmc/Alphafold/neg_fix_v1_top200/compound_1/structures/rank081_GWHPBECS034414.cif,0.858856201171875,0.8984887003898621,0.8324978947639465,0.8324978947639465,0.8654457926750183,0.7790008187294006,0.6922755837440491,2.369001626968384
82,rank082_GWHPBECS005886,compound_1,GWHPBECS005886,0.6844793558120728,474,A_family1_ugt_high_confidence,done,/home/jnz/AIGT_esmc/Alphafold/neg_fix_v1_top200/compound_1/structures/rank082_GWHPBECS005886.cif,0.927706241607666,0.9601919651031494,0.9573972225189209,0.9573972225189209,0.9202834963798523,0.900895893573761,0.42398735880851746,0.8771132826805115
83,rank083_GWHPBECS005717,compound_1,GWHPBECS005717,0.6843997240066528,484,A_family1_ugt_high_confidence,done,/home/jnz/AIGT_esmc/Alphafold/neg_fix_v1_top200/compound_1/structures/rank083_GWHPBECS005717.cif,0.8616508841514587,0.8897993564605713,0.8037079572677612,0.8037079572677612,0.8761366009712219,0.7836753726005554,0.8843330144882202,3.15533709526062
84,rank084_GWHPBECS039817,compound_1,GWHPBECS039817,0.6842883825302124,447,A_family1_ugt_high_confidence,done,/home/jnz/AIGT_esmc/Alphafold/neg_fix_v1_top200/compound_1/structures/rank084_GWHPBECS039817.cif,0.860000729560852,0.914449155330658,0.9358654022216797,0.9358654022216797,0.8410345315933228,0.7573056221008301,0.6705365180969238,1.1476926803588867
85,rank085_GWHPBECS010867,compound_1,GWHPBECS010867,0.6841776371002197,465,A_family1_ugt_high_confidence,done,/home/jnz/AIGT_esmc/Alphafold/neg_fix_v1_top200/compound_1/structures/rank085_GWHPBECS010867.cif,0.884394109249115,0.9392118453979492,0.9193098545074463,0.9193098545074463,0.8756651878356934,0.8109394907951355,0.5147562026977539,1.4367350339889526
86,rank086_GWHPBECS012285,compound_1,GWHPBECS012285,0.68412184715271,450,A_family1_ugt_high_confidence,done,/home/jnz/AIGT_esmc/Alphafold/neg_fix_v1_top200/compound_1/structures/rank086_GWHPBECS012285.cif,0.919186532497406,0.9483864903450012,0.9161934852600098,0.9161934852600098,0.9199347496032715,0.8360310792922974,0.4520796537399292,1.2541764974594116
87,rank087_GWHPBECS012286,compound_1,GWHPBECS012286,0.6840550303459167,448,A_family1_ugt_high_confidence,done,/home/jnz/AIGT_esmc/Alphafold/neg_fix_v1_top200/compound_1/structures/rank087_GWHPBECS012286.cif,0.9214584231376648,0.9487971663475037,0.9025166630744934,0.9025166630744934,0.9261938333511353,0.8506648540496826,0.4799274206161499,1.415544033050537
88,rank088_GWHPBECS023852,compound_1,GWHPBECS023852,0.6838975548744202,483,A_family1_ugt_high_confidence,done,/home/jnz/AIGT_esmc/Alphafold/neg_fix_v1_top200/compound_1/structures/rank088_GWHPBECS023852.cif,0.8714703917503357,0.9321818947792053,0.8475010991096497,0.8475010991096497,0.87746262550354,0.7351857423782349,0.6455146670341492,1.9894131422042847
89,rank089_GWHPBECS013743,compound_1,GWHPBECS013743,0.683586835861206,400,C_reviewed_gt_high_similarity,done,/home/jnz/AIGT_esmc/Alphafold/neg_fix_v1_top200/compound_1/structures/rank089_GWHPBECS013743.cif,0.7485484480857849,0.7753117084503174,0.6181793808937073,0.6181793808937073,0.7811407446861267,0.5002570748329163,1.255708932876587,6.88643217086792
90,rank090_GWHPBECS005108,compound_1,GWHPBECS005108,0.683428943157196,446,A_family1_ugt_high_confidence,done,/home/jnz/AIGT_esmc/Alphafold/neg_fix_v1_top200/compound_1/structures/rank090_GWHPBECS005108.cif,0.8898434638977051,0.9350072145462036,0.9101464748382568,0.9101464748382568,0.8847677111625671,0.7924370765686035,0.5315303206443787,1.3947367668151855
91,rank091_GWHPBECS012315,compound_1,GWHPBECS012315,0.6834278702735901,461,A_family1_ugt_high_confidence,done,/home/jnz/AIGT_esmc/Alphafold/neg_fix_v1_top200/compound_1/structures/rank091_GWHPBECS012315.cif,0.8901661038398743,0.9516137838363647,0.9258137345314026,0.9258137345314026,0.8812541961669922,0.7103702425956726,0.4590560793876648,1.1535979509353638
92,rank092_GWHPBECS026493,compound_1,GWHPBECS026493,0.683382511138916,483,A_family1_ugt_high_confidence,done,/home/jnz/AIGT_esmc/Alphafold/neg_fix_v1_top200/compound_1/structures/rank092_GWHPBECS026493.cif,0.872501015663147,0.919736921787262,0.8847915530204773,0.8847915530204773,0.8694283962249756,0.688264787197113,0.6591044068336487,2.217048168182373
93,rank093_GWHPBECS005718,compound_1,GWHPBECS005718,0.6832551956176758,520,A_family1_ugt_high_confidence,done,/home/jnz/AIGT_esmc/Alphafold/neg_fix_v1_top200/compound_1/structures/rank093_GWHPBECS005718.cif,0.8859959840774536,0.9167150855064392,0.9235915541648865,0.9235915541648865,0.8765971064567566,0.8504676222801208,0.6685629487037659,1.619809865951538
94,rank094_GWHPBECS025961,compound_1,GWHPBECS025961,0.6832036972045898,473,A_family1_ugt_high_confidence,done,/home/jnz/AIGT_esmc/Alphafold/neg_fix_v1_top200/compound_1/structures/rank094_GWHPBECS025961.cif,0.9236874580383301,0.9433526992797852,0.9440633058547974,0.9440633058547974,0.9185935258865356,0.8887918591499329,0.5506632328033447,1.302605390548706
95,rank095_GWHPBECS041382,compound_1,GWHPBECS041382,0.6831985712051392,456,B_pspg_like_gt_candidate,done,/home/jnz/AIGT_esmc/Alphafold/neg_fix_v1_top200/compound_1/structures/rank095_GWHPBECS041382.cif,0.8891770243644714,0.9403523206710815,0.8536885380744934,0.8536885380744934,0.8980491757392883,0.7321490049362183,0.5438938736915588,2.2735931873321533
96,rank096_GWHPBECS025373,compound_1,GWHPBECS025373,0.6830994486808777,479,A_family1_ugt_high_confidence,done,/home/jnz/AIGT_esmc/Alphafold/neg_fix_v1_top200/compound_1/structures/rank096_GWHPBECS025373.cif,0.8971891403198242,0.9551692008972168,0.9440102577209473,0.9440102577209473,0.8854839205741882,0.7284945249557495,0.4452405273914337,1.047450065612793
97,rank097_GWHPBECS013088,compound_1,GWHPBECS013088,0.6830975413322449,454,A_family1_ugt_high_confidence,done,/home/jnz/AIGT_esmc/Alphafold/neg_fix_v1_top200/compound_1/structures/rank097_GWHPBECS013088.cif,0.9087404608726501,0.945878267288208,0.912331223487854,0.912331223487854,0.907842755317688,0.7839493751525879,0.4857340157032013,1.3885961771011353
98,rank098_GWHPBECS028344,compound_1,GWHPBECS028344,0.6830828189849854,459,A_family1_ugt_high_confidence,done,/home/jnz/AIGT_esmc/Alphafold/neg_fix_v1_top200/compound_1/structures/rank098_GWHPBECS028344.cif,0.8731353878974915,0.9230474829673767,0.9171755313873291,0.9171755313873291,0.8621253371238708,0.7160372138023376,0.5186225175857544,1.2563817501068115
99,rank099_GWHPBECS019951,compound_1,GWHPBECS019951,0.6830204129219055,453,A_family1_ugt_high_confidence,done,/home/jnz/AIGT_esmc/Alphafold/neg_fix_v1_top200/compound_1/structures/rank099_GWHPBECS019951.cif,0.9154999852180481,0.9605231881141663,0.9501231908798218,0.9501231908798218,0.9068441390991211,0.8065579533576965,0.4168326258659363,0.8904857635498047
100,rank100_GWHPBECS025958,compound_1,GWHPBECS025958,0.6829878091812134,473,C_reviewed_gt_high_similarity,done,/home/jnz/AIGT_esmc/Alphafold/neg_fix_v1_top200/compound_1/structures/rank100_GWHPBECS025958.cif,0.9223281145095825,0.9505422711372375,0.9541383981704712,0.9541383981704712,0.9143754839897156,0.8519050478935242,0.5076907277107239,1.125839114189148
101,rank101_GWHPBECS012442,compound_1,GWHPBECS012442,0.6828497052192688,459,A_family1_ugt_high_confidence,done,/home/jnz/AIGT_esmc/Alphafold/neg_fix_v1_top200/compound_1/structures/rank101_GWHPBECS012442.cif,0.9262258410453796,0.9504871964454651,0.9162546992301941,0.9162546992301941,0.928718626499176,0.8978479504585266,0.4810962677001953,1.2589998245239258
102,rank102_GWHPBECS005721,compound_1,GWHPBECS005721,0.6825715899467468,489,A_family1_ugt_high_confidence,done,/home/jnz/AIGT_esmc/Alphafold/neg_fix_v1_top200/compound_1/structures/rank102_GWHPBECS005721.cif,0.9035614132881165,0.9421291351318359,0.907073974609375,0.907073974609375,0.9026832580566406,0.8084974884986877,0.5435521602630615,1.69478440284729
103,rank103_GWHPBECS041304,compound_1,GWHPBECS041304,0.6825501322746277,456,B_pspg_like_gt_candidate,done,/home/jnz/AIGT_esmc/Alphafold/neg_fix_v1_top200/compound_1/structures/rank103_GWHPBECS041304.cif,0.929139256477356,0.9473342299461365,0.9522908329963684,0.9522908329963684,0.9233512878417969,0.8456108570098877,0.3988276720046997,0.8698516488075256
104,rank104_GWHPBECS012324,compound_1,GWHPBECS012324,0.6824563145637512,448,A_family1_ugt_high_confidence,done,/home/jnz/AIGT_esmc/Alphafold/neg_fix_v1_top200/compound_1/structures/rank104_GWHPBECS012324.cif,0.8973645567893982,0.941292941570282,0.8581098318099976,0.8581098318099976,0.9071782231330872,0.7399795651435852,0.5448806285858154,1.8604233264923096
105,rank105_GWHPBECS013089,compound_1,GWHPBECS013089,0.6823971271514893,453,A_family1_ugt_high_confidence,done,/home/jnz/AIGT_esmc/Alphafold/neg_fix_v1_top200/compound_1/structures/rank105_GWHPBECS013089.cif,0.9096344113349915,0.9410122632980347,0.9134247303009033,0.9134247303009033,0.9086867570877075,0.8279728293418884,0.545244574546814,1.3766485452651978
106,rank106_GWHPBECS025966,compound_1,GWHPBECS025966,0.6822638511657715,474,A_family1_ugt_high_confidence,done,/home/jnz/AIGT_esmc/Alphafold/neg_fix_v1_top200/compound_1/structures/rank106_GWHPBECS025966.cif,0.9210458993911743,0.9434904456138611,0.9485200047492981,0.9485200047492981,0.9141772985458374,0.8759726881980896,0.5311707258224487,1.2025446891784668
107,rank107_GWHPBECS010868,compound_1,GWHPBECS010868,0.6822231411933899,469,A_family1_ugt_high_confidence,done,/home/jnz/AIGT_esmc/Alphafold/neg_fix_v1_top200/compound_1/structures/rank107_GWHPBECS010868.cif,0.9123695492744446,0.9565384984016418,0.9408907890319824,0.9408907890319824,0.9052391648292542,0.8279514908790588,0.44846028089523315,1.1062731742858887
108,rank108_GWHPBECS014891,compound_1,GWHPBECS014891,0.6819929480552673,439,C_reviewed_gt_high_similarity,done,/home/jnz/AIGT_esmc/Alphafold/neg_fix_v1_top200/compound_1/structures/rank108_GWHPBECS014891.cif,0.894003689289093,0.9161937236785889,0.9145722985267639,0.9145722985267639,0.8888614773750305,0.9052862524986267,0.5779365301132202,1.2273038625717163
109,rank109_GWHPBECS026007,compound_1,GWHPBECS026007,0.6819350123405457,473,A_family1_ugt_high_confidence,done,/home/jnz/AIGT_esmc/Alphafold/neg_fix_v1_top200/compound_1/structures/rank109_GWHPBECS026007.cif,0.8996850252151489,0.9507124423980713,0.9507962465286255,0.9507962465286255,0.886907160282135,0.7736353874206543,0.5231037139892578,1.2529042959213257
110,rank110_GWHPBECS026010,compound_1,GWHPBECS026010,0.6819296479225159,476,A_family1_ugt_high_confidence,done,/home/jnz/AIGT_esmc/Alphafold/neg_fix_v1_top200/compound_1/structures/rank110_GWHPBECS026010.cif,0.8924412727355957,0.9271253347396851,0.8705986142158508,0.8705986142158508,0.8979018926620483,0.8305061459541321,0.6654554009437561,1.986681342124939
111,rank111_GWHPBECS007006,compound_1,GWHPBECS007006,0.6819025278091431,457,A_family1_ugt_high_confidence,done,/home/jnz/AIGT_esmc/Alphafold/neg_fix_v1_top200/compound_1/structures/rank111_GWHPBECS007006.cif,0.8853495717048645,0.941718339920044,0.9089275598526001,0.9089275598526001,0.8794550895690918,0.7829539179801941,0.5327908992767334,1.4174818992614746
112,rank112_GWHPBECS025037,compound_1,GWHPBECS025037,0.6818783283233643,738,C_reviewed_gt_high_similarity,done,/home/jnz/AIGT_esmc/Alphafold/neg_fix_v1_top200/compound_1/structures/rank112_GWHPBECS025037.cif,0.8612516522407532,0.9397135972976685,0.8398159742355347,0.8398159742355347,0.8666105270385742,0.585053026676178,0.6363982558250427,3.540187358856201
113,rank113_GWHPBECS007575,compound_1,GWHPBECS007575,0.6818548440933228,451,C_reviewed_gt_high_similarity,done,/home/jnz/AIGT_esmc/Alphafold/neg_fix_v1_top200/compound_1/structures/rank113_GWHPBECS007575.cif,0.891707718372345,0.9242281913757324,0.936229407787323,0.936229407787323,0.8805773258209229,0.7554856538772583,0.5271481871604919,1.1183154582977295
114,rank114_GWHPBECS026009,compound_1,GWHPBECS026009,0.6817930936813354,476,A_family1_ugt_high_confidence,done,/home/jnz/AIGT_esmc/Alphafold/neg_fix_v1_top200/compound_1/structures/rank114_GWHPBECS026009.cif,0.8986313939094543,0.9320493936538696,0.9192845225334167,0.9192845225334167,0.8934680819511414,0.8418596386909485,0.6078790426254272,1.5892103910446167
115,rank115_GWHPBECS012284,compound_1,GWHPBECS012284,0.6817563772201538,461,A_family1_ugt_high_confidence,done,/home/jnz/AIGT_esmc/Alphafold/neg_fix_v1_top200/compound_1/structures/rank115_GWHPBECS012284.cif,0.9136363863945007,0.9469574689865112,0.8946704864501953,0.8946704864501953,0.9183779358863831,0.8393653631210327,0.5117670893669128,1.5597479343414307
116,rank116_GWHPBECS006520,compound_1,GWHPBECS006520,0.6817343235015869,473,A_family1_ugt_high_confidence,done,/home/jnz/AIGT_esmc/Alphafold/neg_fix_v1_top200/compound_1/structures/rank116_GWHPBECS006520.cif,0.91828453540802,0.9486063718795776,0.9505102634429932,0.9505102634429932,0.9102280735969543,0.8734030723571777,0.4860156178474426,1.0956225395202637
117,rank117_GWHPBECS041305,compound_1,GWHPBECS041305,0.6816221475601196,456,B_pspg_like_gt_candidate,done,/home/jnz/AIGT_esmc/Alphafold/neg_fix_v1_top200/compound_1/structures/rank117_GWHPBECS041305.cif,0.8898923993110657,0.9257462024688721,0.8198303580284119,0.8198303580284119,0.9074079394340515,0.7428861260414124,0.6170207262039185,2.805011034011841
118,rank118_GWHPBECS026005,compound_1,GWHPBECS026005,0.6815983653068542,473,A_family1_ugt_high_confidence,done,/home/jnz/AIGT_esmc/Alphafold/neg_fix_v1_top200/compound_1/structures/rank118_GWHPBECS026005.cif,0.9166175723075867,0.945887565612793,0.9559924602508545,0.9559924602508545,0.9067738652229309,0.8667907118797302,0.529086172580719,1.2078081369400024
119,rank119_GWHPBECS026453,compound_1,GWHPBECS026453,0.6814202070236206,475,A_family1_ugt_high_confidence,done,/home/jnz/AIGT_esmc/Alphafold/neg_fix_v1_top200/compound_1/structures/rank119_GWHPBECS026453.cif,0.8903859257698059,0.9302155375480652,0.8956547975540161,0.8956547975540161,0.8890686631202698,0.851195752620697,0.5635998249053955,1.7319101095199585
120,rank120_GWHPBECS010761,compound_1,GWHPBECS010761,0.6813399791717529,439,C_reviewed_gt_high_similarity,done,/home/jnz/AIGT_esmc/Alphafold/neg_fix_v1_top200/compound_1/structures/rank120_GWHPBECS010761.cif,0.8752665519714355,0.9324645400047302,0.9030595421791077,0.9030595421791077,0.8683182597160339,0.691800057888031,0.5738147497177124,1.4293583631515503
121,rank121_GWHPBECS012437,compound_1,GWHPBECS012437,0.6812729835510254,459,A_family1_ugt_high_confidence,done,/home/jnz/AIGT_esmc/Alphafold/neg_fix_v1_top200/compound_1/structures/rank121_GWHPBECS012437.cif,0.9294748306274414,0.9519270658493042,0.9211477041244507,0.9211477041244507,0.9315566420555115,0.9020301103591919,0.4608522653579712,1.2157589197158813
122,rank122_GWHPBECS012322,compound_1,GWHPBECS012322,0.6811941862106323,461,A_family1_ugt_high_confidence,done,/home/jnz/AIGT_esmc/Alphafold/neg_fix_v1_top200/compound_1/structures/rank122_GWHPBECS012322.cif,0.9033858180046082,0.9495036602020264,0.9171406626701355,0.9171406626701355,0.8999471664428711,0.7555199861526489,0.47394832968711853,1.272728681564331
123,rank123_GWHPBECS010760,compound_1,GWHPBECS010760,0.6811903715133667,447,C_reviewed_gt_high_similarity,done,/home/jnz/AIGT_esmc/Alphafold/neg_fix_v1_top200/compound_1/structures/rank123_GWHPBECS010760.cif,0.8943954706192017,0.9407474398612976,0.9071192145347595,0.9071192145347595,0.8912144899368286,0.7576833367347717,0.5391534566879272,1.4771978855133057
124,rank124_GWHPBECS004330,compound_1,GWHPBECS004330,0.6809070706367493,255,C_reviewed_gt_high_similarity,done,/home/jnz/AIGT_esmc/Alphafold/neg_fix_v1_top200/compound_1/structures/rank124_GWHPBECS004330.cif,0.799569845199585,0.8705028891563416,0.6843008399009705,0.6843008399009705,0.8283870816230774,0.5642574429512024,0.7389319539070129,3.6476638317108154
125,rank125_GWHPBECS034731,compound_1,GWHPBECS034731,0.6809048056602478,456,B_pspg_like_gt_candidate,done,/home/jnz/AIGT_esmc/Alphafold/neg_fix_v1_top200/compound_1/structures/rank125_GWHPBECS034731.cif,0.9131261706352234,0.9305174946784973,0.8460723757743835,0.8460723757743835,0.9298896789550781,0.8358973264694214,0.5632490515708923,2.313412666320801
126,rank126_GWHPBECS009693,compound_1,GWHPBECS009693,0.680675208568573,617,C_reviewed_gt_high_similarity,done,/home/jnz/AIGT_esmc/Alphafold/neg_fix_v1_top200/compound_1/structures/rank126_GWHPBECS009693.cif,0.825965404510498,0.9180577993392944,0.7265912890434265,0.7265912890434265,0.8508089184761047,0.5363495349884033,0.7554406523704529,4.410252571105957
127,rank127_GWHPBECS002895,compound_1,GWHPBECS002895,0.6805236339569092,486,C_reviewed_gt_high_similarity,done,/home/jnz/AIGT_esmc/Alphafold/neg_fix_v1_top200/compound_1/structures/rank127_GWHPBECS002895.cif,0.9193915724754333,0.9466744065284729,0.9160077571868896,0.9160077571868896,0.9202374815940857,0.8270694017410278,0.5014244914054871,1.3001861572265625
128,rank128_GWHPBECS015470,compound_1,GWHPBECS015470,0.6803889274597168,316,C_reviewed_gt_high_similarity,done,/home/jnz/AIGT_esmc/Alphafold/neg_fix_v1_top200/compound_1/structures/rank128_GWHPBECS015470.cif,0.910052478313446,0.9516103863716125,0.8954282402992249,0.8954282402992249,0.9137085676193237,0.8424521684646606,0.439306378364563,1.1803760528564453
129,rank129_GWHPBECS024319,compound_1,GWHPBECS024319,0.6803470849990845,479,A_family1_ugt_high_confidence,done,/home/jnz/AIGT_esmc/Alphafold/neg_fix_v1_top200/compound_1/structures/rank129_GWHPBECS024319.cif,0.9076690673828125,0.9491085410118103,0.9400463700294495,0.9400463700294495,0.8995747566223145,0.8341636061668396,0.4713726341724396,1.1244243383407593
130,rank130_GWHPBECS026447,compound_1,GWHPBECS026447,0.6803215146064758,475,A_family1_ugt_high_confidence,done,/home/jnz/AIGT_esmc/Alphafold/neg_fix_v1_top200/compound_1/structures/rank130_GWHPBECS026447.cif,0.8801256418228149,0.9300583600997925,0.8883531093597412,0.8883531093597412,0.8780688047409058,0.8188731670379639,0.5793906450271606,1.8012921810150146
131,rank131_GWHPBECS007574,compound_1,GWHPBECS007574,0.6803122162818909,446,C_reviewed_gt_high_similarity,done,/home/jnz/AIGT_esmc/Alphafold/neg_fix_v1_top200/compound_1/structures/rank131_GWHPBECS007574.cif,0.8891181945800781,0.9496667981147766,0.9108099937438965,0.9108099937438965,0.8836951851844788,0.7105411291122437,0.4818602502346039,1.2095335721969604
132,rank132_GWHPBECS030111,compound_1,GWHPBECS030111,0.6802926063537598,479,C_reviewed_gt_high_similarity,done,/home/jnz/AIGT_esmc/Alphafold/neg_fix_v1_top200/compound_1/structures/rank132_GWHPBECS030111.cif,0.9209274649620056,0.9495245814323425,0.9361990690231323,0.9361990690231323,0.917109489440918,0.8468396663665771,0.46256139874458313,1.1147321462631226
133,rank133_GWHPBECS026441,compound_1,GWHPBECS026441,0.6802822351455688,470,A_family1_ugt_high_confidence,done,/home/jnz/AIGT_esmc/Alphafold/neg_fix_v1_top200/compound_1/structures/rank133_GWHPBECS026441.cif,0.9026843905448914,0.9404772520065308,0.9297211170196533,0.9297211170196533,0.8959251642227173,0.8245428204536438,0.493470698595047,1.159353256225586
134,rank134_GWHPBECS005379,compound_1,GWHPBECS005379,0.6800990104675293,460,A_family1_ugt_high_confidence,done,/home/jnz/AIGT_esmc/Alphafold/neg_fix_v1_top200/compound_1/structures/rank134_GWHPBECS005379.cif,0.8824889063835144,0.9196193814277649,0.9419982433319092,0.9419982433319092,0.8676115870475769,0.8449020385742188,0.6931167840957642,1.2492916584014893
135,rank135_GWHPBECS026438,compound_1,GWHPBECS026438,0.6799227595329285,470,A_family1_ugt_high_confidence,done,/home/jnz/AIGT_esmc/Alphafold/neg_fix_v1_top200/compound_1/structures/rank135_GWHPBECS026438.cif,0.8814708590507507,0.9357863068580627,0.9112873077392578,0.9112873077392578,0.8740168213844299,0.7274535298347473,0.5334543585777283,1.4506276845932007
136,rank136_GWHPBECS012488,compound_1,GWHPBECS012488,0.6798509359359741,417,C_reviewed_gt_high_similarity,done,/home/jnz/AIGT_esmc/Alphafold/neg_fix_v1_top200/compound_1/structures/rank136_GWHPBECS012488.cif,0.815727174282074,0.8431098461151123,0.929133951663971,0.929133951663971,0.7873753905296326,0.7249436974525452,0.9381393790245056,1.5532798767089844
137,rank137_GWHPBECS040946,compound_1,GWHPBECS040946,0.679827094078064,436,B_pspg_like_gt_candidate,done,/home/jnz/AIGT_esmc/Alphafold/neg_fix_v1_top200/compound_1/structures/rank137_GWHPBECS040946.cif,0.9275075197219849,0.9264271259307861,0.9286587834358215,0.9286587834358215,0.9272196888923645,0.8596295118331909,0.4571387767791748,1.2039178609848022
138,rank138_GWHPBECS012298,compound_1,GWHPBECS012298,0.6797645092010498,463,A_family1_ugt_high_confidence,done,/home/jnz/AIGT_esmc/Alphafold/neg_fix_v1_top200/compound_1/structures/rank138_GWHPBECS012298.cif,0.8892058730125427,0.9472154378890991,0.9094933271408081,0.9094933271408081,0.8841339349746704,0.71876460313797,0.49073728919029236,1.32675302028656
139,rank139_GWHPBECS010875,compound_1,GWHPBECS010875,0.6796867251396179,471,A_family1_ugt_high_confidence,done,/home/jnz/AIGT_esmc/Alphafold/neg_fix_v1_top200/compound_1/structures/rank139_GWHPBECS010875.cif,0.876628577709198,0.9344786405563354,0.9421543478965759,0.9421543478965759,0.8602471947669983,0.8058850765228271,0.5882107615470886,1.2944579124450684
140,rank140_GWHPBECS011561,compound_1,GWHPBECS011561,0.6794608235359192,459,A_family1_ugt_high_confidence,done,/home/jnz/AIGT_esmc/Alphafold/neg_fix_v1_top200/compound_1/structures/rank140_GWHPBECS011561.cif,0.9272796511650085,0.9510136246681213,0.9237332344055176,0.9237332344055176,0.9281663298606873,0.8977950811386108,0.46729809045791626,1.2197502851486206
141,rank141_GWHPBECS041598,compound_1,GWHPBECS041598,0.6794330477714539,470,A_family1_ugt_high_confidence,done,/home/jnz/AIGT_esmc/Alphafold/neg_fix_v1_top200/compound_1/structures/rank141_GWHPBECS041598.cif,0.8669161796569824,0.938831090927124,0.9401837587356567,0.9401837587356567,0.8485992550849915,0.7555060982704163,0.5587761998176575,1.2193905115127563
142,rank142_GWHPBECS010874,compound_1,GWHPBECS010874,0.6794188022613525,471,A_family1_ugt_high_confidence,done,/home/jnz/AIGT_esmc/Alphafold/neg_fix_v1_top200/compound_1/structures/rank142_GWHPBECS010874.cif,0.8519240617752075,0.9335883259773254,0.9299159646034241,0.9299159646034241,0.8324260711669922,0.7172352075576782,0.5890448093414307,1.3139616250991821
143,rank143_GWHPBECS012282,compound_1,GWHPBECS012282,0.6793195605278015,421,A_family1_ugt_high_confidence,done,/home/jnz/AIGT_esmc/Alphafold/neg_fix_v1_top200/compound_1/structures/rank143_GWHPBECS012282.cif,0.8907580375671387,0.9260261654853821,0.9141282439231873,0.9141282439231873,0.8849154710769653,0.8483317494392395,0.5766807198524475,1.3502278327941895
144,rank144_GWHPBECS013075,compound_1,GWHPBECS013075,0.6792608499526978,446,A_family1_ugt_high_confidence,done,/home/jnz/AIGT_esmc/Alphafold/neg_fix_v1_top200/compound_1/structures/rank144_GWHPBECS013075.cif,0.9170940518379211,0.9432222247123718,0.9437958002090454,0.9437958002090454,0.9104185700416565,0.864506185054779,0.4873120188713074,1.1250243186950684
145,rank145_GWHPBECS040957,compound_1,GWHPBECS040957,0.6792256236076355,436,B_pspg_like_gt_candidate,done,/home/jnz/AIGT_esmc/Alphafold/neg_fix_v1_top200/compound_1/structures/rank145_GWHPBECS040957.cif,0.9209182858467102,0.9257532954216003,0.9313058257102966,0.9313058257102966,0.918321430683136,0.8420078158378601,0.4678748846054077,1.2241535186767578
146,rank146_GWHPBECS004648,compound_1,GWHPBECS004648,0.6790837645530701,487,C_reviewed_gt_high_similarity,done,/home/jnz/AIGT_esmc/Alphafold/neg_fix_v1_top200/compound_1/structures/rank146_GWHPBECS004648.cif,0.8953002095222473,0.94153892993927,0.8940755128860474,0.8940755128860474,0.8956063985824585,0.8315641283988953,0.5622442364692688,1.5746163129806519
147,rank147_GWHPBECS013084,compound_1,GWHPBECS013084,0.6790828704833984,446,A_family1_ugt_high_confidence,done,/home/jnz/AIGT_esmc/Alphafold/neg_fix_v1_top200/compound_1/structures/rank147_GWHPBECS013084.cif,0.9059867262840271,0.9396718740463257,0.9129296541213989,0.9129296541213989,0.9042509198188782,0.818917989730835,0.531039297580719,1.463417649269104
148,rank148_GWHPBECS036196,compound_1,GWHPBECS036196,0.6789891123771667,528,A_family1_ugt_high_confidence,done,/home/jnz/AIGT_esmc/Alphafold/neg_fix_v1_top200/compound_1/structures/rank148_GWHPBECS036196.cif,0.822472870349884,0.8456026315689087,0.8775131702423096,0.8775131702423096,0.8087127804756165,0.728321373462677,1.1743690967559814,2.922423839569092
149,rank149_GWHPBECS013085,compound_1,GWHPBECS013085,0.678631067276001,456,A_family1_ugt_high_confidence,done,/home/jnz/AIGT_esmc/Alphafold/neg_fix_v1_top200/compound_1/structures/rank149_GWHPBECS013085.cif,0.9141994714736938,0.9533781409263611,0.9431816339492798,0.9431816339492798,0.9069539308547974,0.8041076064109802,0.43734586238861084,0.9944446682929993
150,rank150_GWHPBECS026461,compound_1,GWHPBECS026461,0.6786271929740906,460,A_family1_ugt_high_confidence,done,/home/jnz/AIGT_esmc/Alphafold/neg_fix_v1_top200/compound_1/structures/rank150_GWHPBECS026461.cif,0.8740198016166687,0.9293193817138672,0.8867904543876648,0.8867904543876648,0.8708271980285645,0.675503134727478,0.5525431036949158,1.6060385704040527
151,rank151_GWHPBECS026006,compound_1,GWHPBECS026006,0.678576648235321,373,C_reviewed_gt_high_similarity,done,/home/jnz/AIGT_esmc/Alphafold/neg_fix_v1_top200/compound_1/structures/rank151_GWHPBECS026006.cif,0.8364481925964355,0.7746415734291077,0.783616840839386,0.783616840839386,0.8496560454368591,0.6852194666862488,1.0626074075698853,3.820801258087158
152,rank152_GWHPBECS013156,compound_1,GWHPBECS013156,0.6785194277763367,460,A_family1_ugt_high_confidence,done,/home/jnz/AIGT_esmc/Alphafold/neg_fix_v1_top200/compound_1/structures/rank152_GWHPBECS013156.cif,0.9058427810668945,0.928414523601532,0.9273728728294373,0.9273728728294373,0.9004602432250977,0.8747838139533997,0.5090963244438171,1.2544056177139282
153,rank153_GWHPBECS010872,compound_1,GWHPBECS010872,0.6784711480140686,467,A_family1_ugt_high_confidence,done,/home/jnz/AIGT_esmc/Alphafold/neg_fix_v1_top200/compound_1/structures/rank153_GWHPBECS010872.cif,0.8395952582359314,0.9255359768867493,0.8900299072265625,0.8900299072265625,0.8269864916801453,0.6988222002983093,0.6648573279380798,1.7829058170318604
154,rank154_GWHPBECS012121,compound_1,GWHPBECS012121,0.6783556342124939,459,A_family1_ugt_high_confidence,done,/home/jnz/AIGT_esmc/Alphafold/neg_fix_v1_top200/compound_1/structures/rank154_GWHPBECS012121.cif,0.8962591290473938,0.9317459464073181,0.8446906208992004,0.8446906208992004,0.9091511964797974,0.8117340207099915,0.6215386986732483,2.1069231033325195
155,rank155_GWHPBECS019983,compound_1,GWHPBECS019983,0.6783040165901184,410,A_family1_ugt_high_confidence,done,/home/jnz/AIGT_esmc/Alphafold/neg_fix_v1_top200/compound_1/structures/rank155_GWHPBECS019983.cif,0.9096378684043884,0.9449700713157654,0.9478680491447449,0.9478680491447449,0.9000803232192993,0.8631659150123596,0.47089672088623047,1.0021917819976807
156,rank156_GWHPBECS018535,compound_1,GWHPBECS018535,0.6782362461090088,370,C_reviewed_gt_high_similarity,done,/home/jnz/AIGT_esmc/Alphafold/neg_fix_v1_top200/compound_1/structures/rank156_GWHPBECS018535.cif,0.771982729434967,0.8263753056526184,0.8039748668670654,0.8039748668670654,0.7639846801757812,0.5672280192375183,1.0498931407928467,3.585775136947632
157,rank157_GWHPBECS013082,compound_1,GWHPBECS013082,0.6781488656997681,446,A_family1_ugt_high_confidence,done,/home/jnz/AIGT_esmc/Alphafold/neg_fix_v1_top200/compound_1/structures/rank157_GWHPBECS013082.cif,0.9125957489013672,0.949193000793457,0.9393112659454346,0.9393112659454346,0.9059169292449951,0.8377726674079895,0.4674529731273651,1.0983779430389404
158,rank158_GWHPBECS013070,compound_1,GWHPBECS013070,0.6778943538665771,432,A_family1_ugt_high_confidence,done,/home/jnz/AIGT_esmc/Alphafold/neg_fix_v1_top200/compound_1/structures/rank158_GWHPBECS013070.cif,0.9243634343147278,0.9427263140678406,0.9552611708641052,0.9552611708641052,0.916638970375061,0.8828498721122742,0.48020052909851074,1.0563793182373047
159,rank159_GWHPBECS036889,compound_1,GWHPBECS036889,0.6778836250305176,294,C_reviewed_gt_high_similarity,done,/home/jnz/AIGT_esmc/Alphafold/neg_fix_v1_top200/compound_1/structures/rank159_GWHPBECS036889.cif,0.7015005350112915,0.8132675290107727,0.8095746636390686,0.8095746636390686,0.674481987953186,0.5802338123321533,1.3227936029434204,3.549683094024658
160,rank160_GWHPBECS011560,compound_1,GWHPBECS011560,0.6777547001838684,459,A_family1_ugt_high_confidence,done,/home/jnz/AIGT_esmc/Alphafold/neg_fix_v1_top200/compound_1/structures/rank160_GWHPBECS011560.cif,0.911543071269989,0.937466561794281,0.8868317604064941,0.8868317604064941,0.9177208542823792,0.8424720764160156,0.5373373031616211,1.6541430950164795
161,rank161_GWHPBECS013067,compound_1,GWHPBECS013067,0.6776649951934814,446,A_family1_ugt_high_confidence,done,/home/jnz/AIGT_esmc/Alphafold/neg_fix_v1_top200/compound_1/structures/rank161_GWHPBECS013067.cif,0.9118131995201111,0.9421296119689941,0.932902991771698,0.932902991771698,0.9065406918525696,0.8531923294067383,0.5123645663261414,1.2771862745285034
162,rank162_GWHPBECS034593,compound_1,GWHPBECS034593,0.6774665117263794,487,C_reviewed_gt_high_similarity,done,/home/jnz/AIGT_esmc/Alphafold/neg_fix_v1_top200/compound_1/structures/rank162_GWHPBECS034593.cif,0.8899291157722473,0.9426540732383728,0.876118004322052,0.876118004322052,0.8933818340301514,0.7707838416099548,0.5740151405334473,1.607262372970581
163,rank163_GWHPBECS026464,compound_1,GWHPBECS026464,0.677454948425293,470,A_family1_ugt_high_confidence,done,/home/jnz/AIGT_esmc/Alphafold/neg_fix_v1_top200/compound_1/structures/rank163_GWHPBECS026464.cif,0.8885595202445984,0.9345592260360718,0.8961910009384155,0.8961910009384155,0.8866516947746277,0.76756751537323,0.5473757386207581,1.549360752105713
164,rank164_GWHPBECS013074,compound_1,GWHPBECS013074,0.6773977875709534,446,A_family1_ugt_high_confidence,done,/home/jnz/AIGT_esmc/Alphafold/neg_fix_v1_top200/compound_1/structures/rank164_GWHPBECS013074.cif,0.9205191731452942,0.9451974630355835,0.9478592872619629,0.9478592872619629,0.9136841297149658,0.8709743618965149,0.48536625504493713,1.0941506624221802
165,rank165_GWHPBECS013087,compound_1,GWHPBECS013087,0.6772840619087219,479,A_family1_ugt_high_confidence,done,/home/jnz/AIGT_esmc/Alphafold/neg_fix_v1_top200/compound_1/structures/rank165_GWHPBECS013087.cif,0.8418602347373962,0.9006296396255493,0.808415949344635,0.808415949344635,0.8502212166786194,0.7299908399581909,0.8487147092819214,2.667842388153076
166,rank166_GWHPBECS026810,compound_1,GWHPBECS026810,0.6772432923316956,471,A_family1_ugt_high_confidence,done,/home/jnz/AIGT_esmc/Alphafold/neg_fix_v1_top200/compound_1/structures/rank166_GWHPBECS026810.cif,0.8837267160415649,0.9414859414100647,0.8975560665130615,0.8975560665130615,0.8802694082260132,0.753136932849884,0.5377392172813416,1.5683963298797607
167,rank167_GWHPBECS005719,compound_1,GWHPBECS005719,0.6770455837249756,501,A_family1_ugt_high_confidence,done,/home/jnz/AIGT_esmc/Alphafold/neg_fix_v1_top200/compound_1/structures/rank167_GWHPBECS005719.cif,0.9096161127090454,0.943969190120697,0.9324619174003601,0.9324619174003601,0.9039046764373779,0.8347270488739014,0.5281328558921814,1.3156925439834595
168,rank168_GWHPBECS016597,compound_1,GWHPBECS016597,0.6769586801528931,331,C_reviewed_gt_high_similarity,done,/home/jnz/AIGT_esmc/Alphafold/neg_fix_v1_top200/compound_1/structures/rank168_GWHPBECS016597.cif,0.8228570222854614,0.9210471510887146,0.8552162051200867,0.8552162051200867,0.8147671818733215,0.5790255665779114,0.5647464990615845,1.6867961883544922
169,rank169_GWHPBECS039806,compound_1,GWHPBECS039806,0.6769503951072693,403,A_family1_ugt_high_confidence,done,/home/jnz/AIGT_esmc/Alphafold/neg_fix_v1_top200/compound_1/structures/rank169_GWHPBECS039806.cif,0.8866270184516907,0.931139349937439,0.8836220502853394,0.8836220502853394,0.8873782157897949,0.768839418888092,0.5682644248008728,1.4601186513900757
170,rank170_GWHPBECS013069,compound_1,GWHPBECS013069,0.6769378781318665,357,A_family1_ugt_high_confidence,done,/home/jnz/AIGT_esmc/Alphafold/neg_fix_v1_top200/compound_1/structures/rank170_GWHPBECS013069.cif,0.8625012636184692,0.9215347766876221,0.8074931502342224,0.8074931502342224,0.8762533068656921,0.708307147026062,0.5908920764923096,2.1263694763183594
171,rank171_GWHPBECS015068,compound_1,GWHPBECS015068,0.6767820119857788,451,A_family1_ugt_high_confidence,done,/home/jnz/AIGT_esmc/Alphafold/neg_fix_v1_top200/compound_1/structures/rank171_GWHPBECS015068.cif,0.9274901747703552,0.9554671049118042,0.936385989189148,0.936385989189148,0.9252661466598511,0.8536924719810486,0.43238478899002075,1.0011770725250244
172,rank172_GWHPBECS012288,compound_1,GWHPBECS012288,0.6766728758811951,453,A_family1_ugt_high_confidence,done,/home/jnz/AIGT_esmc/Alphafold/neg_fix_v1_top200/compound_1/structures/rank172_GWHPBECS012288.cif,0.8919081091880798,0.9440222382545471,0.9094347953796387,0.9094347953796387,0.8875263929367065,0.689744234085083,0.5084030628204346,1.4105758666992188
173,rank173_GWHPBECS041038,compound_1,GWHPBECS041038,0.6766363382339478,482,C_reviewed_gt_high_similarity,done,/home/jnz/AIGT_esmc/Alphafold/neg_fix_v1_top200/compound_1/structures/rank173_GWHPBECS041038.cif,0.9093970656394958,0.9533222913742065,0.9398006796836853,0.9398006796836853,0.9017961621284485,0.7626162171363831,0.4435575008392334,1.056484580039978
174,rank174_GWHPBECS041332,compound_1,GWHPBECS041332,0.6766153573989868,450,B_pspg_like_gt_candidate,done,/home/jnz/AIGT_esmc/Alphafold/neg_fix_v1_top200/compound_1/structures/rank174_GWHPBECS041332.cif,0.8777750134468079,0.9284747242927551,0.8780953884124756,0.8780953884124756,0.877694845199585,0.7021548748016357,0.5650619268417358,1.5964974164962769
175,rank175_GWHPBECS012287,compound_1,GWHPBECS012287,0.6765387058258057,457,A_family1_ugt_high_confidence,done,/home/jnz/AIGT_esmc/Alphafold/neg_fix_v1_top200/compound_1/structures/rank175_GWHPBECS012287.cif,0.900439441204071,0.9490801095962524,0.9018895030021667,0.9018895030021667,0.9000769853591919,0.8142331838607788,0.5198630094528198,1.4916170835494995
176,rank176_GWHPBECS010756,compound_1,GWHPBECS010756,0.6764913201332092,422,A_family1_ugt_high_confidence,done,/home/jnz/AIGT_esmc/Alphafold/neg_fix_v1_top200/compound_1/structures/rank176_GWHPBECS010756.cif,0.9191961288452148,0.9247497916221619,0.9221690893173218,0.9221690893173218,0.9184528589248657,0.8918598890304565,0.5908278822898865,1.2280657291412354
177,rank177_GWHPBECS004454,compound_1,GWHPBECS004454,0.6762991547584534,479,A_family1_ugt_high_confidence,done,/home/jnz/AIGT_esmc/Alphafold/neg_fix_v1_top200/compound_1/structures/rank177_GWHPBECS004454.cif,0.9195156097412109,0.9515432119369507,0.9284494519233704,0.9284494519233704,0.9172821640968323,0.8419510722160339,0.4565064013004303,1.131138801574707
178,rank178_GWHPBECS025353,compound_1,GWHPBECS025353,0.6760863065719604,477,A_family1_ugt_high_confidence,done,/home/jnz/AIGT_esmc/Alphafold/neg_fix_v1_top200/compound_1/structures/rank178_GWHPBECS025353.cif,0.9111844301223755,0.9463858008384705,0.9251416325569153,0.9251416325569153,0.9076950550079346,0.8653517961502075,0.4906838834285736,1.2833455801010132
179,rank179_GWHPBECS008682,compound_1,GWHPBECS008682,0.6760745048522949,479,A_family1_ugt_high_confidence,done,/home/jnz/AIGT_esmc/Alphafold/neg_fix_v1_top200/compound_1/structures/rank179_GWHPBECS008682.cif,0.9049318432807922,0.9455119371414185,0.9409720301628113,0.9409720301628113,0.8959218263626099,0.7890263199806213,0.47426220774650574,1.1063611507415771
180,rank180_GWHPBECS004661,compound_1,GWHPBECS004661,0.6760615706443787,477,C_reviewed_gt_high_similarity,done,/home/jnz/AIGT_esmc/Alphafold/neg_fix_v1_top200/compound_1/structures/rank180_GWHPBECS004661.cif,0.8815271258354187,0.9378997683525085,0.8916611075401306,0.8916611075401306,0.8789936304092407,0.7732792496681213,0.5633560419082642,1.6494349241256714
181,rank181_GWHPBECS019994,compound_1,GWHPBECS019994,0.6759734153747559,480,A_family1_ugt_high_confidence,done,/home/jnz/AIGT_esmc/Alphafold/neg_fix_v1_top200/compound_1/structures/rank181_GWHPBECS019994.cif,0.9140621423721313,0.9536179900169373,0.945572555065155,0.945572555065155,0.9061845541000366,0.8620293736457825,0.4587843716144562,1.1358518600463867
182,rank182_GWHPBECS007003,compound_1,GWHPBECS007003,0.6759228110313416,447,A_family1_ugt_high_confidence,done,/home/jnz/AIGT_esmc/Alphafold/neg_fix_v1_top200/compound_1/structures/rank182_GWHPBECS007003.cif,0.8388043642044067,0.9045993089675903,0.8124486804008484,0.8124486804008484,0.8453932404518127,0.7579229474067688,0.7871280908584595,2.8804471492767334
183,rank183_GWHPBECS019871,compound_1,GWHPBECS019871,0.6758350729942322,455,A_family1_ugt_high_confidence,done,/home/jnz/AIGT_esmc/Alphafold/neg_fix_v1_top200/compound_1/structures/rank183_GWHPBECS019871.cif,0.8997394442558289,0.9487932324409485,0.9199692010879517,0.9199692010879517,0.8946820497512817,0.8330623507499695,0.488808274269104,1.1889687776565552
184,rank184_ON569258,compound_1,ON569258,0.6757878065109253,433,B_pspg_like_gt_candidate,done,/home/jnz/AIGT_esmc/Alphafold/neg_fix_v1_top200/compound_1/structures/rank184_ON569258.cif,0.9399475455284119,0.9343486428260803,0.9378729462623596,0.9378729462623596,0.9404661655426025,0.8926597833633423,0.43522727489471436,1.1398663520812988
185,rank185_GWHPBECS012325,compound_1,GWHPBECS012325,0.6757082343101501,457,A_family1_ugt_high_confidence,done,/home/jnz/AIGT_esmc/Alphafold/neg_fix_v1_top200/compound_1/structures/rank185_GWHPBECS012325.cif,0.9106513261795044,0.9519692659378052,0.9354311227798462,0.9354311227798462,0.904456377029419,0.8349610567092896,0.4662061333656311,1.1790720224380493
186,rank186_GWHPBECS002781,compound_1,GWHPBECS002781,0.6755326986312866,433,B_pspg_like_gt_candidate,done,/home/jnz/AIGT_esmc/Alphafold/neg_fix_v1_top200/compound_1/structures/rank186_GWHPBECS002781.cif,0.9430033564567566,0.9368797540664673,0.946678876876831,0.946678876876831,0.9420844912528992,0.9037761688232422,0.41596290469169617,1.0265793800354004
187,rank187_GWHPBECS026592,compound_1,GWHPBECS026592,0.6755086779594421,484,C_reviewed_gt_high_similarity,done,/home/jnz/AIGT_esmc/Alphafold/neg_fix_v1_top200/compound_1/structures/rank187_GWHPBECS026592.cif,0.9150989651679993,0.9503055810928345,0.9373691082000732,0.9373691082000732,0.9095314145088196,0.8037071824073792,0.46965688467025757,1.118401050567627
188,rank188_GWHPBECS020861,compound_1,GWHPBECS020861,0.6753857731819153,295,C_reviewed_gt_high_similarity,done,/home/jnz/AIGT_esmc/Alphafold/neg_fix_v1_top200/compound_1/structures/rank188_GWHPBECS020861.cif,0.7773675918579102,0.8602969646453857,0.7655020952224731,0.7655020952224731,0.780333936214447,0.5628330707550049,0.9155635237693787,2.460010528564453
189,rank189_GWHPBECS034592,compound_1,GWHPBECS034592,0.6752903461456299,485,C_reviewed_gt_high_similarity,done,/home/jnz/AIGT_esmc/Alphafold/neg_fix_v1_top200/compound_1/structures/rank189_GWHPBECS034592.cif,0.910146176815033,0.9524990320205688,0.932570219039917,0.932570219039917,0.9045401215553284,0.7999378442764282,0.47522738575935364,1.1443204879760742
190,rank190_GWHPBECS026589,compound_1,GWHPBECS026589,0.675086498260498,484,C_reviewed_gt_high_similarity,done,/home/jnz/AIGT_esmc/Alphafold/neg_fix_v1_top200/compound_1/structures/rank190_GWHPBECS026589.cif,0.9079191088676453,0.9499847292900085,0.9292153716087341,0.9292153716087341,0.902595043182373,0.7909491658210754,0.48171523213386536,1.16982901096344
191,rank191_GWHPBECS039809,compound_1,GWHPBECS039809,0.6749765872955322,438,A_family1_ugt_high_confidence,done,/home/jnz/AIGT_esmc/Alphafold/neg_fix_v1_top200/compound_1/structures/rank191_GWHPBECS039809.cif,0.857429027557373,0.862930953502655,0.8473203778266907,0.8473203778266907,0.8599562048912048,0.7637163996696472,0.9777140021324158,3.296414613723755
192,rank192_GWHPBECS039788,compound_1,GWHPBECS039788,0.6749398112297058,461,A_family1_ugt_high_confidence,done,/home/jnz/AIGT_esmc/Alphafold/neg_fix_v1_top200/compound_1/structures/rank192_GWHPBECS039788.cif,0.8723508715629578,0.9322106242179871,0.9139103293418884,0.9139103293418884,0.8619610667228699,0.7479246258735657,0.5906169414520264,1.3116875886917114
193,rank193_GWHPBECS019961,compound_1,GWHPBECS019961,0.6747235655784607,480,A_family1_ugt_high_confidence,done,/home/jnz/AIGT_esmc/Alphafold/neg_fix_v1_top200/compound_1/structures/rank193_GWHPBECS019961.cif,0.9220528602600098,0.949695885181427,0.9338815808296204,0.9338815808296204,0.9190956354141235,0.872209370136261,0.46096938848495483,1.188634991645813
194,rank194_GWHPBECS012328,compound_1,GWHPBECS012328,0.6745800375938416,453,A_family1_ugt_high_confidence,done,/home/jnz/AIGT_esmc/Alphafold/neg_fix_v1_top200/compound_1/structures/rank194_GWHPBECS012328.cif,0.9177976846694946,0.9450639486312866,0.9223232269287109,0.9223232269287109,0.9166662096977234,0.8482041954994202,0.491022527217865,1.3307474851608276
195,rank195_GWHPBECS004647,compound_1,GWHPBECS004647,0.6744492053985596,451,C_reviewed_gt_high_similarity,done,/home/jnz/AIGT_esmc/Alphafold/neg_fix_v1_top200/compound_1/structures/rank195_GWHPBECS004647.cif,0.8739635348320007,0.9198472499847412,0.845958411693573,0.845958411693573,0.8809648156166077,0.7018129229545593,0.6709697246551514,2.01547908782959
196,rank196_GWHPBECS004456,compound_1,GWHPBECS004456,0.6743029952049255,479,A_family1_ugt_high_confidence,done,/home/jnz/AIGT_esmc/Alphafold/neg_fix_v1_top200/compound_1/structures/rank196_GWHPBECS004456.cif,0.9164107441902161,0.9432315230369568,0.9147285223007202,0.9147285223007202,0.9168312549591064,0.8400002717971802,0.4978359639644623,1.316436767578125
197,rank197_GWHPBECS006544,compound_1,GWHPBECS006544,0.6743003726005554,406,A_family1_ugt_high_confidence,done,/home/jnz/AIGT_esmc/Alphafold/neg_fix_v1_top200/compound_1/structures/rank197_GWHPBECS006544.cif,0.8256450891494751,0.8305162787437439,0.8507287502288818,0.8507287502288818,0.819374144077301,0.7600158452987671,1.1221349239349365,3.09462308883667
198,rank198_GWHPBECS019953,compound_1,GWHPBECS019953,0.6742430925369263,467,A_family1_ugt_high_confidence,done,/home/jnz/AIGT_esmc/Alphafold/neg_fix_v1_top200/compound_1/structures/rank198_GWHPBECS019953.cif,0.8673949241638184,0.9173610806465149,0.9262385368347168,0.9262385368347168,0.8526840209960938,0.7797966599464417,0.5928217768669128,1.2334589958190918
199,rank199_GWHPBECS002782,compound_1,GWHPBECS002782,0.6740303039550781,431,B_pspg_like_gt_candidate,done,/home/jnz/AIGT_esmc/Alphafold/neg_fix_v1_top200/compound_1/structures/rank199_GWHPBECS002782.cif,0.9421426653862,0.9290944933891296,0.9344754219055176,0.9344754219055176,0.9440594911575317,0.8928357362747192,0.44083142280578613,1.1712921857833862
200,rank200_GWHPBECS041035,compound_1,GWHPBECS041035,0.674010694026947,482,C_reviewed_gt_high_similarity,done,/home/jnz/AIGT_esmc/Alphafold/neg_fix_v1_top200/compound_1/structures/rank200_GWHPBECS041035.cif,0.9204820990562439,0.9458572268486023,0.916592001914978,0.916592001914978,0.9214545488357544,0.8189170360565186,0.49644872546195984,1.344694972038269
