frame,time_ns,polar_contacts_3p5A,protein_contacts_4A,water_oxygen_contacts_4A,pocket_residue_count_4A
0,0.0,6,285,68,20
1,0.010050251256281407,5,307,51,21
2,0.020100502512562814,7,319,39,23
3,0.03015075376884422,3,260,45,20
4,0.04020100502512563,3,226,54,20
5,0.05025125628140704,3,262,58,18
6,0.06030150753768844,3,299,64,23
7,0.07035175879396985,2,226,68,22
8,0.08040201005025126,0,259,63,19
9,0.09045226130653267,3,253,73,21
10,0.10050251256281408,3,253,48,20
11,0.11055276381909548,3,298,64,20
12,0.12060301507537688,2,258,69,19
13,0.1306532663316583,2,309,66,21
14,0.1407035175879397,2,270,61,20
15,0.15075376884422112,3,273,73,21
16,0.16080402010050251,3,282,56,22
17,0.1708542713567839,2,322,63,19
18,0.18090452261306533,2,285,49,19
19,0.19095477386934673,3,286,48,19
20,0.20100502512562815,3,311,54,20
21,0.21105527638190955,5,306,46,18
22,0.22110552763819097,4,290,61,18
23,0.23115577889447236,2,324,57,19
24,0.24120603015075376,6,293,39,20
25,0.25125628140703515,5,304,58,20
26,0.2613065326633166,4,353,54,22
27,0.271356783919598,3,263,48,20
28,0.2814070351758794,3,309,60,20
29,0.2914572864321608,2,229,64,21
30,0.30150753768844224,2,279,37,21
31,0.31155778894472363,4,293,55,22
32,0.32160804020100503,4,276,48,21
33,0.3316582914572864,8,271,44,20
34,0.3417085427135678,5,294,42,19
35,0.35175879396984927,5,293,50,20
36,0.36180904522613067,3,323,60,20
37,0.37185929648241206,2,322,50,21
38,0.38190954773869346,2,273,57,21
39,0.3919597989949749,5,287,58,21
40,0.4020100502512563,4,268,62,20
41,0.4120603015075377,4,273,52,20
42,0.4221105527638191,3,254,64,18
43,0.4321608040201005,2,332,47,21
44,0.44221105527638194,8,315,38,18
45,0.45226130653266333,2,265,61,20
46,0.4623115577889447,5,308,41,22
47,0.4723618090452261,5,283,37,17
48,0.4824120603015075,3,327,39,22
49,0.49246231155778897,4,276,48,20
50,0.5025125628140703,5,319,36,21
51,0.5125628140703518,6,327,40,20
52,0.5226130653266332,4,290,47,21
53,0.5326633165829145,6,334,46,23
54,0.542713567839196,8,319,48,21
55,0.5527638190954774,8,325,54,23
56,0.5628140703517588,3,261,42,20
57,0.5728643216080402,8,294,56,22
58,0.5829145728643216,6,346,45,21
59,0.592964824120603,7,313,54,22
60,0.6030150753768845,5,322,62,19
61,0.6130653266331658,4,310,54,21
62,0.6231155778894473,5,317,57,23
63,0.6331658291457286,2,279,38,18
64,0.6432160804020101,6,324,39,19
65,0.6532663316582915,2,349,46,20
66,0.6633165829145728,3,312,41,20
67,0.6733668341708543,7,378,53,22
68,0.6834170854271356,5,359,47,21
69,0.6934673366834171,5,325,57,20
70,0.7035175879396985,7,338,52,23
71,0.7135678391959799,5,332,44,22
72,0.7236180904522613,7,285,40,20
73,0.7336683417085427,6,321,47,23
74,0.7437185929648241,7,331,41,22
75,0.7537688442211056,6,299,39,21
76,0.7638190954773869,2,259,43,20
77,0.7738693467336684,3,337,48,20
78,0.7839195979899498,5,284,53,19
79,0.7939698492462312,2,272,52,19
80,0.8040201005025126,7,275,55,17
81,0.8140703517587939,4,292,59,19
82,0.8241206030150754,3,317,61,18
83,0.8341708542713568,5,321,51,19
84,0.8442211055276382,4,263,42,18
85,0.8542713567839196,4,289,61,20
86,0.864321608040201,4,278,70,19
87,0.8743718592964824,2,228,67,18
88,0.8844221105527639,3,309,68,19
89,0.8944723618090452,7,298,64,19
90,0.9045226130653267,5,286,61,20
91,0.914572864321608,3,276,69,18
92,0.9246231155778895,4,291,52,19
93,0.9346733668341709,5,285,68,20
94,0.9447236180904522,4,281,70,20
95,0.9547738693467337,2,277,67,20
96,0.964824120603015,3,268,62,20
97,0.9748743718592965,3,282,69,21
98,0.9849246231155779,3,302,50,20
99,0.9949748743718593,4,300,45,19
100,1.0050251256281406,4,290,51,19
101,1.015075376884422,5,263,59,24
102,1.0251256281407035,5,288,65,23
103,1.035175879396985,4,270,61,19
104,1.0452261306532664,4,288,56,22
105,1.0552763819095476,3,256,42,21
106,1.065326633165829,5,289,57,20
107,1.0753768844221105,3,283,53,21
108,1.085427135678392,4,304,49,21
109,1.0954773869346734,6,269,57,21
110,1.105527638190955,5,290,52,21
111,1.1155778894472361,2,279,63,23
112,1.1256281407035176,4,275,59,23
113,1.135678391959799,4,264,58,24
114,1.1457286432160805,2,283,56,20
115,1.155778894472362,4,287,57,20
116,1.1658291457286432,6,239,48,21
117,1.1758793969849246,5,312,47,22
118,1.185929648241206,3,240,45,21
119,1.1959798994974875,3,303,48,23
120,1.206030150753769,5,314,69,23
121,1.2160804020100502,7,308,54,23
122,1.2261306532663316,6,291,53,23
123,1.236180904522613,5,292,66,22
124,1.2462311557788945,8,261,42,21
125,1.256281407035176,8,320,56,22
126,1.2663316582914572,7,301,48,23
127,1.2763819095477387,5,300,52,22
128,1.2864321608040201,7,302,61,22
129,1.2964824120603016,8,312,41,22
130,1.306532663316583,6,306,47,20
131,1.3165829145728642,7,303,42,20
132,1.3266331658291457,5,277,42,22
133,1.3366834170854272,6,282,42,22
134,1.3467336683417086,3,321,58,23
135,1.35678391959799,6,258,46,24
136,1.3668341708542713,3,301,53,20
137,1.3768844221105527,7,310,49,24
138,1.3869346733668342,4,283,46,19
139,1.3969849246231156,3,242,68,21
140,1.407035175879397,2,283,50,20
141,1.4170854271356783,4,277,41,21
142,1.4271356783919598,7,292,34,22
143,1.4371859296482412,2,239,43,23
144,1.4472361809045227,7,269,39,22
145,1.4572864321608041,5,269,51,23
146,1.4673366834170853,3,272,61,21
147,1.4773869346733668,1,268,58,23
148,1.4874371859296482,6,286,47,23
149,1.4974874371859297,6,305,36,23
150,1.5075376884422111,2,237,55,21
151,1.5175879396984926,4,258,53,22
152,1.5276381909547738,6,253,45,21
153,1.5376884422110553,5,305,46,23
154,1.5477386934673367,6,269,45,20
155,1.5577889447236182,1,261,37,21
156,1.5678391959798996,5,260,42,20
157,1.5778894472361809,6,276,52,19
158,1.5879396984924623,4,279,41,21
159,1.5979899497487438,3,297,51,21
160,1.6080402010050252,9,283,52,22
161,1.6180904522613067,6,330,61,21
162,1.6281407035175879,4,273,51,22
163,1.6381909547738693,6,300,42,24
164,1.6482412060301508,4,290,37,23
165,1.6582914572864322,3,281,42,20
166,1.6683417085427137,3,246,42,20
167,1.678391959798995,4,318,36,23
168,1.6884422110552764,2,295,48,24
169,1.6984924623115578,3,243,43,22
170,1.7085427135678393,2,303,50,22
171,1.7185929648241207,4,308,54,24
172,1.728643216080402,4,273,53,23
173,1.7386934673366834,4,281,58,19
174,1.7487437185929648,6,280,60,20
175,1.7587939698492463,3,271,64,22
176,1.7688442211055277,3,281,47,19
177,1.778894472361809,3,278,59,22
178,1.7889447236180904,6,265,34,21
179,1.7989949748743719,5,282,52,24
180,1.8090452261306533,7,249,45,23
181,1.8190954773869348,2,278,54,22
182,1.829145728643216,3,309,43,21
183,1.8391959798994975,3,300,55,20
184,1.849246231155779,4,251,60,22
185,1.8592964824120604,2,309,44,21
186,1.8693467336683418,4,278,49,22
187,1.879396984924623,4,288,38,22
188,1.8894472361809045,2,311,44,21
189,1.899497487437186,4,276,36,22
190,1.9095477386934674,5,279,39,22
191,1.9195979899497488,4,272,47,21
192,1.92964824120603,3,270,44,22
193,1.9396984924623115,4,274,37,21
194,1.949748743718593,4,329,33,23
195,1.9597989949748744,6,305,43,24
196,1.9698492462311559,4,309,47,24
197,1.9798994974874373,4,274,46,23
198,1.9899497487437185,4,302,38,25
199,2.0,4,230,50,21
