ON569258	sp|A0A2R6QXF8|F3GGT_ACTCC	48.5	456	1.82e-150	433	99.5
GWHPBECS000042	sp|Q9SWB4|PARP3_SOYBN	61.4	805	0.0	1009	99.4
GWHPBECS000096	sp|Q8VZJ0|SIA1_ARATH	81.2	447	2.83e-276	754	93.2
GWHPBECS000143	sp|O77783|EXT2_BOVIN	28.0	175	1.18e-07	52.4	31.6
GWHPBECS000169	sp|Q9M8J2|GATL4_ARATH	73.4	334	1.30e-195	540	94.3
GWHPBECS000407	sp|H6TFZ4|SUS5_ORYSJ	43.3	90	8.91e-16	70.9	51.1
GWHPBECS000444	sp|Q9M146|MGP4_ARATH	22.0	337	5.10e-08	52.4	89.1
GWHPBECS000445	sp|Q9ZSJ2|RGXT1_ARATH	24.1	137	3.18e-07	49.7	40.2
GWHPBECS000577	sp|E3W9M3|AA7GT_DELGR	63.0	495	6.24e-236	655	95.3
GWHPBECS000578	sp|E3W9M3|AA7GT_DELGR	56.9	485	9.55e-204	574	93.0
GWHPBECS000624	sp|O50017|PARP2_MAIZE	58.6	706	1.83e-271	759	100
GWHPBECS000684	sp|Q10LP5|SUS4_ORYSJ	80.5	802	0.0	1336	97.1
GWHPBECS000785	sp|Q8VYF4|GATL7_ARATH	77.6	361	1.49e-215	591	100
GWHPBECS000786	sp|Q9SRW9|CSLD5_ARATH	76.5	1191	0.0	1832	99.8
GWHPBECS000885	sp|E3W9M3|AA7GT_DELGR	40.7	479	9.22e-116	351	83.3
GWHPBECS000886	sp|E3W9M3|AA7GT_DELGR	42.1	480	3.84e-126	378	84.0
GWHPBECS000890	sp|E3W9M3|AA7GT_DELGR	40.9	482	1.69e-118	358	85.7
GWHPBECS000895	sp|E3W9M2|AA5GT_DIACA	57.1	35	5.76e-09	49.7	38.5
GWHPBECS000896	sp|E3W9M3|AA7GT_DELGR	42.9	56	2.98e-09	52.4	40.3
GWHPBECS000898	sp|E3W9M3|AA7GT_DELGR	33.8	201	9.86e-26	102	94.3
GWHPBECS000903	sp|E3W9M3|AA7GT_DELGR	39.2	477	1.55e-112	342	86.1
GWHPBECS001040	sp|Q4V398|RRT1_ARATH	54.4	419	3.66e-145	420	92.7
GWHPBECS001198	sp|Q9AR73|HQGT_RAUSE	65.0	463	7.15e-223	619	98.9
GWHPBECS001199	sp|Q9AR73|HQGT_RAUSE	54.0	161	4.31e-50	165	96.1
GWHPBECS001214	sp|C7G304|GOLS2_SOLLC	75.8	343	5.07e-198	545	100
GWHPBECS001217	sp|C7G304|GOLS2_SOLLC	75.5	343	4.15e-197	543	100
GWHPBECS001219	sp|C7G304|GOLS2_SOLLC	71.0	338	1.47e-182	507	94.1
GWHPBECS001220	sp|C7G304|GOLS2_SOLLC	72.6	339	2.69e-187	518	100
GWHPBECS001221	sp|C7G304|GOLS2_SOLLC	72.6	339	2.69e-187	518	100
GWHPBECS001222	sp|C7G304|GOLS2_SOLLC	73.4	244	1.39e-136	385	100
GWHPBECS001223	sp|C7G304|GOLS2_SOLLC	73.4	244	1.39e-136	385	100
GWHPBECS001224	sp|C7G304|GOLS2_SOLLC	73.5	306	4.29e-173	481	95.5
GWHPBECS001303	sp|Q9ASW1|B3GTG_ARATH	52.8	648	6.82e-231	652	100
GWHPBECS001321	sp|A0A0A6ZFY4|UGT29_PANGI	47.8	452	2.43e-136	399	93.1
GWHPBECS001520	sp|Q9SHJ3|CALS7_ARATH	56.9	397	2.09e-128	414	60.1
GWHPBECS001660	sp|Q8GWB7|GUX6_ARATH	66.9	537	1.34e-247	687	98.5
GWHPBECS001699	sp|Q8RQU9|CTSZ_SPOGL	21.5	553	2.90e-21	98.6	56.2
GWHPBECS001776	sp|J9VNT4|CHS5_CRYN9	32.2	463	1.10e-55	212	29.3
GWHPBECS001860	sp|Q08654|TRPGD_THEMA	30.9	330	1.17e-29	124	30.9
GWHPBECS001896	sp|Q10I20|XAT3_ORYSJ	44.1	406	1.01e-115	349	89.3
GWHPBECS002024	sp|C4B4E5|ATG26_GLOLA	43.9	41	4.95e-06	47.0	11.1
GWHPBECS002215	sp|Q9S9U0|CALSB_ARATH	84.8	66	1.35e-32	118	53.7
GWHPBECS002303	sp|Q6DBG8|ARAD1_ARATH	59.5	464	1.11e-188	532	94.5
GWHPBECS002448	sp|E3W9M3|AA7GT_DELGR	41.8	481	3.70e-126	377	85.3
GWHPBECS002449	sp|A0AAW1I778|GH1_SAPOF	37.5	152	6.03e-27	102	91.5
GWHPBECS002455	sp|A2ELE6|ALG5C_TRIV3	38.3	193	4.99e-32	120	62.9
GWHPBECS002507	sp|Q93ZX7|GAUT4_ARATH	67.2	421	3.80e-203	574	90.7
GWHPBECS002578	sp|Q53UH5|DUSKY_IPOPU	40.1	242	1.29e-54	179	94.8
GWHPBECS002579	sp|Q9FN26|U79B6_ARATH	43.0	372	2.40e-109	325	99.7
GWHPBECS002649	sp|Q94K98|Y1720_ARATH	35.8	352	2.48e-70	229	92.5
GWHPBECS002691	sp|Q9M8Z7|U80A2_ARATH	77.1	558	6.13e-319	873	100
GWHPBECS002737	sp|Q9M2R0|FTIP3_ARATH	66.3	777	0.0	1049	75.3
GWHPBECS002754	sp|Q9FLD7|GT14A_ARATH	51.1	366	2.46e-134	392	83.1
GWHPBECS002775	sp|E3W9M3|AA7GT_DELGR	45.0	480	5.08e-138	406	94.4
GWHPBECS002776	sp|E3W9M3|AA7GT_DELGR	43.2	451	7.17e-120	360	84.1
GWHPBECS002777	sp|E3W9M3|AA7GT_DELGR	43.9	487	2.35e-133	394	93.9
GWHPBECS002781	sp|A0A2R6QXF8|F3GGT_ACTCC	48.5	456	3.65e-150	432	99.5
GWHPBECS002782	sp|A0A2R6QXF8|F3GGT_ACTCC	48.5	456	4.82e-150	432	100
GWHPBECS002783	sp|O81010|U79B8_ARATH	43.6	259	7.00e-62	198	98.7
GWHPBECS002833	sp|Q8H1E6|OFUT9_ARATH	68.2	534	9.88e-271	749	89.7
GWHPBECS002895	sp|F8WKW1|UGT2_GARJA	64.5	476	7.70e-228	633	97.1
GWHPBECS002962	sp|U5NH37|7DLGT_CATRO	44.1	469	4.48e-130	382	96.2
GWHPBECS003076	sp|P31166|APT1_ARATH	79.1	91	6.77e-44	142	74.0
GWHPBECS003077	sp|Q9SU38|APT4_ARATH	73.2	82	4.73e-36	120	63.1
GWHPBECS003121	sp|Q9ZT82|CALSC_ARATH	64.4	798	0.0	927	99.6
GWHPBECS003134	sp|G5DAC7|XTH2_DIOKA	37.3	300	9.62e-64	202	87.4
GWHPBECS003170	sp|Q9FFN2|GLYT3_ARATH	60.8	204	4.18e-91	274	100
GWHPBECS003325	sp|Q9FLD7|GT14A_ARATH	45.5	420	3.88e-139	403	97.1
GWHPBECS003383	sp|Q10I20|XAT3_ORYSJ	48.4	370	4.24e-122	364	88.2
GWHPBECS003418	sp|Q9SS43|MUC21_ARATH	53.3	490	9.34e-163	469	92.2
GWHPBECS003544	sp|Q6DBG8|ARAD1_ARATH	36.6	123	1.54e-15	74.7	31.6
GWHPBECS003545	sp|Q6DBG8|ARAD1_ARATH	29.7	229	4.81e-23	95.9	61.7
GWHPBECS003549	sp|Q6DW73|DGDG2_LOTJA	71.0	458	1.29e-248	684	97.4
GWHPBECS003599	sp|Q6DBG8|ARAD1_ARATH	31.1	396	5.71e-56	191	72.8
GWHPBECS003659	sp|P58860|PYRE_METKA	28.8	132	1.08e-09	55.8	33.4
GWHPBECS003689	sp|Q67BJ4|A4GAT_MOUSE	29.9	201	2.00e-17	79.3	68.3
GWHPBECS003766	sp|Q9ZU32|NADC_ARATH	82.9	315	9.92e-188	521	86.8
GWHPBECS003819	sp|Q9FFN2|GLYT3_ARATH	50.5	378	2.62e-120	358	77.8
GWHPBECS003832	sp|Q9LMI0|TPS7_ARATH	67.5	40	2.20e-08	53.9	11.9
GWHPBECS003839	sp|D3UAG2|U71K2_PYRCO	47.6	483	2.76e-140	409	99.6
GWHPBECS003872	sp|Q290J8|PIGV_DROPS	30.6	258	1.83e-22	96.3	66.8
GWHPBECS003917	sp|Q8L7M0|TUN_ARATH	68.9	472	2.86e-235	651	97.5
GWHPBECS003934	sp|Q69Q02|DPE2_ORYSJ	72.2	944	0.0	1415	95.8
GWHPBECS003962	sp|Q8L7M1|B3GTE_ARATH	62.4	149	2.84e-54	175	68.9
GWHPBECS004086	sp|Q9S9U0|CALSB_ARATH	86.1	36	7.50e-14	65.9	25.4
GWHPBECS004187	sp|Q9FFN2|GLYT3_ARATH	37.0	368	9.82e-71	232	72.2
GWHPBECS004188	sp|Q9FFN2|GLYT3_ARATH	35.7	333	9.29e-56	187	92.4
GWHPBECS004285	sp|Q02166|TRPD_ARATH	50.6	332	2.72e-87	266	85.8
GWHPBECS004286	sp|Q65XS5|BC10_ORYSJ	26.4	326	5.97e-22	94.4	77.7
GWHPBECS004330	sp|Q9AV71|CESA7_ORYSJ	91.9	246	5.77e-162	474	96.5
GWHPBECS004331	sp|Q84JA6|CESA4_ARATH	52.9	397	6.10e-103	322	94.6
GWHPBECS004332	sp|Q9SU38|APT4_ARATH	66.3	98	4.36e-39	127	88.3
GWHPBECS004333	sp|P31166|APT1_ARATH	72.5	91	3.70e-39	130	62.3
GWHPBECS004334	sp|Q9SUW2|APT3_ARATH	75.6	86	1.27e-41	135	61.4
GWHPBECS004372	sp|Q6DW76|DGDG1_SOYBN	74.0	785	0.0	1166	97.6
GWHPBECS004454	sp|F8WKW1|UGT2_GARJA	64.9	482	3.64e-236	654	100
GWHPBECS004456	sp|F8WKW1|UGT2_GARJA	64.9	482	3.64e-236	654	100
GWHPBECS004498	sp|P53537|PHSH_VICFA	84.4	842	0.0	1447	99.8
GWHPBECS004599	sp|Q9SH89|OFT19_ARATH	70.9	508	2.56e-259	724	81.4
GWHPBECS004647	sp|U5NH37|7DLGT_CATRO	55.6	475	4.89e-191	538	97.1
GWHPBECS004648	sp|U3U992|UGT8_CATRO	54.9	477	1.08e-184	523	97.1
GWHPBECS004649	sp|U3U992|UGT8_CATRO	51.6	477	6.06e-171	489	96.2
GWHPBECS004650	sp|U3U992|UGT8_CATRO	52.0	477	1.02e-172	493	97.5
GWHPBECS004653	sp|U3U992|UGT8_CATRO	47.9	259	9.38e-74	232	91.5
GWHPBECS004654	sp|U5NH37|7DLGT_CATRO	55.5	472	3.69e-194	547	97.1
GWHPBECS004656	sp|U3U992|UGT8_CATRO	53.0	474	5.96e-175	498	97.5
GWHPBECS004657	sp|U3U992|UGT8_CATRO	53.7	477	3.43e-175	499	97.7
GWHPBECS004659	sp|U5NH37|7DLGT_CATRO	55.2	473	6.67e-184	521	96.8
GWHPBECS004661	sp|U5NH37|7DLGT_CATRO	55.6	471	6.50e-186	526	97.9
GWHPBECS004664	sp|U5NH37|7DLGT_CATRO	55.2	471	3.05e-186	526	97.9
GWHPBECS004838	sp|H6TFZ4|SUS5_ORYSJ	45.2	438	4.75e-97	308	64.8
GWHPBECS004950	sp|Q6MAS9|GLGA_PARUW	40.5	472	5.93e-119	362	71.3
GWHPBECS004987	sp|Q6YRM6|Y8219_ORYSJ	32.6	380	5.89e-58	199	73.0
GWHPBECS004999	sp|Q94K98|Y1720_ARATH	34.0	415	2.06e-76	245	98.2
GWHPBECS005010	sp|Q94K98|Y1720_ARATH	34.7	326	2.59e-53	182	86.7
GWHPBECS005039	sp|Q6YRM6|Y8219_ORYSJ	34.4	398	3.84e-70	231	73.9
GWHPBECS005108	sp|A0A2R6P624|F3GT2_ACTCC	52.0	446	7.01e-154	442	98.4
GWHPBECS005200	sp|Q9FSV7|SST_FESAR	39.5	210	1.41e-41	150	67.1
GWHPBECS005230	sp|Q14BT6|A4GCT_MOUSE	26.7	202	1.58e-07	50.4	63.2
GWHPBECS005377	sp|Q9SJL0|U86A1_ARATH	54.3	479	9.09e-190	536	99.8
GWHPBECS005379	sp|Q9SJL0|U86A1_ARATH	50.3	479	1.42e-167	479	99.8
GWHPBECS005381	sp|Q9SJL0|U86A1_ARATH	53.4	479	2.80e-186	527	99.8
GWHPBECS005508	sp|Q9ZT82|CALSC_ARATH	63.4	224	7.64e-92	293	100
GWHPBECS005593	sp|Q9LZR3|CSLA9_ARATH	77.4	540	9.59e-312	850	99.8
GWHPBECS005607	sp|Q8VZA5|KDTA_ARATH	42.3	435	1.71e-109	323	97.7
GWHPBECS005609	sp|A0A2R6QXF8|F3GGT_ACTCC	42.9	378	4.93e-107	319	99.7
GWHPBECS005610	sp|A0A2R6QXF8|F3GGT_ACTCC	46.7	420	7.04e-133	387	98.7
GWHPBECS005669	sp|Q9FFN2|GLYT3_ARATH	63.8	381	3.16e-180	511	86.8
GWHPBECS005675	sp|Q9FFN2|GLYT3_ARATH	64.0	403	2.51e-193	548	76.9
GWHPBECS005677	sp|Q9Y169|EXT2_DROME	33.3	243	4.59e-29	122	31.1
GWHPBECS005716	sp|Q9ZQ95|U73C6_ARATH	51.6	492	8.24e-187	530	98.6
GWHPBECS005717	sp|Q9ZQ96|U73C3_ARATH	51.2	486	1.82e-178	508	97.9
GWHPBECS005718	sp|Q9ZQ98|U73C2_ARATH	52.9	486	5.08e-190	539	92.3
GWHPBECS005719	sp|Q9ZQ96|U73C3_ARATH	53.4	494	1.80e-185	526	97.2
GWHPBECS005721	sp|Q9ZQ96|U73C3_ARATH	56.4	477	1.98e-196	554	96.9
GWHPBECS005775	sp|Q9ZUV3|IRX7_ARATH	64.5	442	1.24e-201	564	93.7
GWHPBECS005886	sp|Q9SJL0|U86A1_ARATH	61.5	473	5.23e-213	595	98.7
GWHPBECS005891	sp|Q9SJL0|U86A1_ARATH	58.3	475	4.68e-203	570	98.1
GWHPBECS005995	sp|Q9ZQC6|IRX9_ARATH	41.7	192	3.93e-36	126	76.3
GWHPBECS006010	sp|Q9ZQC6|IRX9_ARATH	41.1	192	1.75e-36	128	70.3
GWHPBECS006111	sp|O82039|SPY_PETHY	78.2	928	0.0	1037	99.5
GWHPBECS006129	sp|Q9FSV7|SST_FESAR	38.9	527	3.46e-121	370	91.2
GWHPBECS006130	sp|Q9FSV7|SST_FESAR	38.0	508	2.11e-109	337	98.8
GWHPBECS006131	sp|Q9FSV7|SST_FESAR	41.0	547	7.10e-126	382	92.0
GWHPBECS006132	sp|Q9FSV7|SST_FESAR	41.2	534	2.51e-128	388	94.2
GWHPBECS006191	sp|Q9SGA8|U83A1_ARATH	46.6	464	6.14e-140	407	100
GWHPBECS006211	sp|B3PEE6|OL4AG_CELJU	28.1	495	6.94e-47	179	51.5
GWHPBECS006262	sp|Q9SWB4|PARP3_SOYBN	63.0	810	0.0	1060	99.9
GWHPBECS006272	sp|Q9SGD2|GT29A_ARATH	49.0	400	4.56e-129	375	100
GWHPBECS006353	sp|Q8VWN6|RFS_PEA	56.4	801	0.0	894	100
GWHPBECS006400	sp|Q9LZS3|GLGB2_ARATH	76.3	818	0.0	1281	95.9
GWHPBECS006409	sp|A0A0A6ZFY4|UGT29_PANGI	46.5	256	1.64e-64	210	69.0
GWHPBECS006410	sp|A0A0A6ZFY4|UGT29_PANGI	51.3	458	3.60e-155	446	99.6
GWHPBECS006431	sp|Q9SKA3|MCTP6_ARATH	31.3	112	5.67e-08	49.3	72.7
GWHPBECS006481	sp|Q93ZX7|GAUT4_ARATH	55.1	457	1.83e-169	492	70.9
GWHPBECS006520	sp|A7MAS5|75L17_MALDO	56.2	479	2.38e-177	504	98.5
GWHPBECS006544	sp|F8WKW8|UGT9_GARJA	43.4	417	2.66e-113	337	97.3
GWHPBECS006656	sp|Q67BJ4|A4GAT_MOUSE	31.3	268	2.73e-31	120	58.8
GWHPBECS006687	sp|Q9LZD8|U89A2_ARATH	51.7	462	3.52e-163	468	96.2
GWHPBECS006821	sp|Q9SGD2|GT29A_ARATH	37.9	206	2.33e-34	123	86.6
GWHPBECS007003	sp|O64733|U87A2_ARATH	50.9	446	3.04e-152	438	96.4
GWHPBECS007006	sp|O64733|U87A2_ARATH	52.9	444	1.92e-163	467	96.5
GWHPBECS007007	sp|O64733|U87A2_ARATH	48.3	447	4.25e-135	394	87.1
GWHPBECS007019	sp|Q67BJ4|A4GAT_MOUSE	30.0	200	3.76e-10	59.3	43.2
GWHPBECS007574	sp|Q9C768|U76B1_ARATH	47.1	448	1.41e-140	408	99.6
GWHPBECS007575	sp|Q9C768|U76B1_ARATH	48.1	449	2.64e-147	426	97.3
GWHPBECS007632	sp|Q8VZK9|CSLE1_ARATH	55.0	706	1.59e-275	772	97.8
GWHPBECS007730	sp|Q9ZSJ0|RGXT2_ARATH	25.0	92	7.46e-06	43.5	51.4
GWHPBECS007955	sp|Q940V3|U91A1_ARATH	38.8	464	9.81e-103	313	96.8
GWHPBECS007972	sp|Q940V3|U91A1_ARATH	38.8	464	9.81e-103	313	96.8
GWHPBECS008014	sp|F8WKW1|UGT2_GARJA	42.1	437	3.86e-108	322	94.3
GWHPBECS008025	sp|F8WKW1|UGT2_GARJA	39.2	441	8.53e-101	302	97.0
GWHPBECS008081	sp|Q8L6H7|SFR2_ORYSJ	68.4	618	8.89e-319	877	93.6
GWHPBECS008132	sp|Q93ZX7|GAUT4_ARATH	56.8	373	3.94e-129	387	70.0
GWHPBECS008233	sp|Q93ZX7|GAUT4_ARATH	53.0	462	5.26e-155	456	68.9
GWHPBECS008348	sp|O64792|PIGP_ARATH	66.1	127	9.66e-53	162	76.4
GWHPBECS008682	sp|F8WKW1|UGT2_GARJA	61.8	479	4.39e-230	638	99.2
GWHPBECS008704	sp|Q8VYF4|GATL7_ARATH	68.6	357	1.98e-185	514	99.1
GWHPBECS008745	sp|Q8VYF4|GATL7_ARATH	68.6	357	1.98e-185	514	99.1
GWHPBECS008773	sp|P93394|UPP_TOBAC	51.5	97	1.87e-20	84.0	37.1
GWHPBECS008872	sp|Q93ZX7|GAUT4_ARATH	57.7	459	3.75e-173	504	65.5
GWHPBECS008912	sp|D3UAG6|U88F5_MALDO	54.8	188	1.01e-68	216	78.5
GWHPBECS008986	sp|O22775|XXT2_ARATH	81.8	461	2.71e-291	791	100
GWHPBECS009324	sp|Q9M8J2|GATL4_ARATH	72.4	333	4.67e-180	501	94.5
GWHPBECS009332	sp|Q9M8J2|GATL4_ARATH	69.6	339	1.34e-179	499	96.2
GWHPBECS009358	sp|Q6NQ51|RRT4_ARATH	67.7	399	7.94e-205	573	89.5
GWHPBECS009359	sp|Q6NQ51|RRT4_ARATH	61.9	396	3.67e-181	511	93.8
GWHPBECS009377	sp|Q9TXQ1|TNKS1_CAEEL	42.4	59	7.25e-08	53.1	13.9
GWHPBECS009464	sp|Q9LMI0|TPS7_ARATH	64.1	156	2.87e-60	202	61.0
GWHPBECS009495	sp|F4HZC3|GUX5_ARATH	46.4	526	8.71e-164	476	91.4
GWHPBECS009693	sp|Q651X6|CSLE6_ORYSJ	56.4	614	1.22e-258	726	99.5
GWHPBECS009695	sp|Q8VZK9|CSLE1_ARATH	47.9	463	3.71e-144	425	99.7
GWHPBECS009697	sp|Q651X6|CSLE6_ORYSJ	53.3	422	3.35e-166	483	99.3
GWHPBECS009885	sp|Q9SZL9|CSLD4_ARATH	51.7	58	3.47e-18	75.1	78.4
GWHPBECS010008	sp|Q9ZP54|PARP1_ARATH	66.4	998	0.0	1298	100
GWHPBECS010018	sp|A0AAW1HA02|CSL1_SAPOF	44.7	712	8.91e-205	593	94.2
GWHPBECS010036	sp|A0AAW1HA02|CSL1_SAPOF	45.2	708	1.45e-209	604	94.4
GWHPBECS010091	sp|Q9SWB4|PARP3_SOYBN	61.8	811	0.0	1027	99.4
GWHPBECS010192	sp|Q65XS5|BC10_ORYSJ	36.6	322	7.73e-56	187	73.4
GWHPBECS010224	sp|Q6DBG8|ARAD1_ARATH	27.2	239	1.31e-16	79.0	48.3
GWHPBECS010254	sp|Q84JA6|CESA4_ARATH	80.0	1043	0.0	1668	98.0
GWHPBECS010284	sp|Q4P9K9|CHS8_MYCMD	31.0	506	2.73e-56	214	34.6
GWHPBECS010328	sp|Q94BY4|OFT35_ARATH	66.0	641	3.61e-294	813	98.0
GWHPBECS010379	sp|Q9FFN2|GLYT3_ARATH	55.0	349	1.31e-132	390	69.9
GWHPBECS010410	sp|Q9FFN2|GLYT3_ARATH	56.4	204	1.81e-78	241	100
GWHPBECS010489	sp|Q9SXC4|IRX9H_ARATH	58.3	417	8.57e-159	451	100
GWHPBECS010551	sp|Q93ZX7|GAUT4_ARATH	56.2	450	1.21e-168	489	78.2
GWHPBECS010702	sp|D3UAG2|U71K2_PYRCO	47.8	485	2.80e-134	394	98.9
GWHPBECS010716	sp|E3W9M3|AA7GT_DELGR	44.1	476	6.49e-130	385	94.9
GWHPBECS010744	sp|K7NBW3|74AC1_SIRGR	47.0	455	4.71e-153	441	97.4
GWHPBECS010756	sp|P0C7P7|U74E1_ARATH	49.4	401	8.59e-132	385	93.6
GWHPBECS010760	sp|O22822|U74F2_ARATH	51.6	450	2.51e-162	464	97.1
GWHPBECS010761	sp|O22822|U74F2_ARATH	50.6	451	4.63e-158	452	97.3
GWHPBECS010789	sp|K7NBW3|74AC1_SIRGR	51.0	445	3.68e-157	451	97.1
GWHPBECS010798	sp|Q9ASW1|B3GTG_ARATH	24.0	217	1.05e-07	51.2	67.5
GWHPBECS010857	sp|O04933|SPSA2_CRAPL	71.7	1091	0.0	1498	99.7
GWHPBECS010867	sp|A7MAS5|75L17_MALDO	53.0	477	2.35e-170	486	98.3
GWHPBECS010868	sp|F8WKW0|UGT1_GARJA	56.2	468	1.82e-186	527	99.4
GWHPBECS010870	sp|A7MAS5|75L17_MALDO	60.5	479	1.55e-189	535	97.1
GWHPBECS010871	sp|A7MAS5|75L17_MALDO	59.9	479	2.53e-188	532	97.1
GWHPBECS010872	sp|A7MAS5|75L17_MALDO	57.1	475	3.34e-173	493	98.1
GWHPBECS010873	sp|A7MAS5|75L17_MALDO	50.7	475	1.51e-147	429	83.3
GWHPBECS010874	sp|A7MAS5|75L17_MALDO	57.0	479	9.55e-179	508	98.5
GWHPBECS010875	sp|A7MAS5|75L17_MALDO	58.0	479	6.68e-184	521	98.5
GWHPBECS010883	sp|Q8L7F9|B3GTF_ARATH	43.4	175	6.59e-42	154	43.9
GWHPBECS010892	sp|Q5M868|GBA2_RAT	45.9	545	6.44e-145	440	89.0
GWHPBECS010895	sp|Q5M868|GBA2_RAT	40.8	902	2.00e-206	613	90.9
GWHPBECS011045	sp|Q84JA6|CESA4_ARATH	79.4	432	7.12e-227	653	77.2
GWHPBECS011103	sp|O22822|U74F2_ARATH	47.3	455	5.57e-148	428	95.1
GWHPBECS011104	sp|O22822|U74F2_ARATH	47.4	456	1.89e-148	429	95.6
GWHPBECS011111	sp|Q9SJM0|CALSA_ARATH	72.6	1936	0.0	2741	100
GWHPBECS011176	sp|Q9LMI0|TPS7_ARATH	65.1	146	2.12e-58	196	58.4
GWHPBECS011179	sp|A0A2R6QXF8|F3GGT_ACTCC	57.2	451	1.94e-179	507	98.9
GWHPBECS011199	sp|Q9LZS3|GLGB2_ARATH	85.3	701	0.0	1286	87.4
GWHPBECS011351	sp|Q84TJ7|MCTP7_ARATH	44.4	1045	1.33e-286	824	98.2
GWHPBECS011389	sp|Q9FWA4|GAUT9_ARATH	74.5	569	1.27e-307	842	100
GWHPBECS011414	sp|Q9C9B0|U89B1_ARATH	56.8	456	4.82e-182	515	97.0
GWHPBECS011513	sp|Q94A08|RFS2_ARATH	79.2	53	6.29e-24	92.8	52.0
GWHPBECS011549	sp|Q0V7R1|GATL3_ARATH	73.6	318	4.44e-175	488	92.4
GWHPBECS011560	sp|Q9ZVX4|U90A1_ARATH	50.1	457	2.65e-149	432	97.4
GWHPBECS011561	sp|Q9ZVX4|U90A1_ARATH	49.5	457	7.53e-149	431	97.4
GWHPBECS011686	sp|Q9MA87|OFT23_ARATH	58.0	348	1.89e-129	374	100
GWHPBECS011692	sp|Q9MA87|OFT23_ARATH	60.2	367	1.25e-146	422	83.6
GWHPBECS011701	sp|Q9FSV7|SST_FESAR	37.0	351	3.99e-65	219	72.4
GWHPBECS011906	sp|Q9M146|MGP4_ARATH	74.9	355	9.05e-199	549	98.6
GWHPBECS011911	sp|Q65XS5|BC10_ORYSJ	39.7	307	2.17e-51	172	87.0
GWHPBECS011913	sp|Q65XS5|BC10_ORYSJ	35.7	328	1.38e-47	167	66.4
GWHPBECS011914	sp|Q65XS5|BC10_ORYSJ	35.0	297	3.69e-49	169	62.8
GWHPBECS011950	sp|Q9LSG3|GAUT8_ARATH	80.1	161	2.89e-95	284	100
GWHPBECS011986	sp|Q9LSG3|GAUT8_ARATH	81.4	145	2.43e-88	266	99.3
GWHPBECS012120	sp|Q9ZVX4|U90A1_ARATH	48.4	457	2.08e-143	417	97.4
GWHPBECS012121	sp|Q9ZVX4|U90A1_ARATH	49.2	457	2.79e-146	424	97.4
GWHPBECS012166	sp|J9VNT4|CHS5_CRYN9	29.9	572	7.56e-57	215	40.0
GWHPBECS012173	sp|D3UAG0|U71K1_MALDO	47.9	436	3.64e-128	377	98.1
GWHPBECS012175	sp|D3UAG2|U71K2_PYRCO	46.3	492	5.15e-128	379	98.6
GWHPBECS012222	sp|Q4V398|RRT1_ARATH	73.5	514	2.73e-287	786	99.6
GWHPBECS012260	sp|P49039|SUS2_SOLTU	76.0	75	6.77e-33	117	82.4
GWHPBECS012268	sp|Q9LRA7|TPS9_ARATH	67.8	848	0.0	1214	98.8
GWHPBECS012269	sp|Q9LRA7|TPS9_ARATH	67.7	848	0.0	1211	98.8
GWHPBECS012272	sp|Q9LRA7|TPS9_ARATH	40.8	422	3.03e-80	259	93.4
GWHPBECS012275	sp|Q6NMM8|F8H_ARATH	27.8	381	3.84e-30	123	46.5
GWHPBECS012282	sp|Q9ZVX4|U90A1_ARATH	46.6	461	8.12e-133	389	99.0
GWHPBECS012284	sp|Q9ZVX4|U90A1_ARATH	52.3	461	9.62e-158	454	97.6
GWHPBECS012285	sp|Q9ZVX4|U90A1_ARATH	50.9	466	2.42e-155	447	99.3
GWHPBECS012286	sp|Q9ZVX4|U90A1_ARATH	46.8	457	1.74e-144	419	98.2
GWHPBECS012287	sp|Q9ZVX4|U90A1_ARATH	53.1	463	1.03e-158	456	98.7
GWHPBECS012288	sp|Q9ZVX4|U90A1_ARATH	54.2	463	1.94e-165	473	98.7
GWHPBECS012291	sp|Q9ZVX4|U90A1_ARATH	48.1	464	1.65e-146	425	98.7
GWHPBECS012298	sp|Q9ZVX4|U90A1_ARATH	53.0	466	3.92e-160	460	97.8
GWHPBECS012315	sp|Q9ZVX4|U90A1_ARATH	53.0	466	1.47e-159	458	98.3
GWHPBECS012322	sp|Q9ZVX4|U90A1_ARATH	52.5	461	1.47e-159	458	97.6
GWHPBECS012323	sp|Q9ZVX4|U90A1_ARATH	50.8	459	8.36e-152	440	86.1
GWHPBECS012324	sp|Q9ZVX4|U90A1_ARATH	47.0	457	1.23e-144	420	98.2
GWHPBECS012325	sp|Q9ZVX4|U90A1_ARATH	53.1	463	1.80e-159	458	98.7
GWHPBECS012328	sp|Q9ZVX4|U90A1_ARATH	54.4	463	2.08e-167	478	98.7
GWHPBECS012331	sp|Q9ZVX4|U90A1_ARATH	48.3	464	3.31e-146	424	98.7
GWHPBECS012420	sp|Q9LZD8|U89A2_ARATH	49.8	460	2.43e-147	427	94.5
GWHPBECS012434	sp|Q9ZVX4|U90A1_ARATH	50.5	457	2.35e-153	442	97.0
GWHPBECS012437	sp|Q9ZVX4|U90A1_ARATH	49.2	457	5.31e-149	431	97.4
GWHPBECS012442	sp|Q9ZVX4|U90A1_ARATH	49.2	457	1.15e-150	436	97.4
GWHPBECS012488	sp|Q02166|TRPD_ARATH	78.4	343	2.29e-183	516	81.8
GWHPBECS012531	sp|Q8VWN6|RFS_PEA	47.7	763	7.13e-247	698	100
GWHPBECS012532	sp|Q8VWN6|RFS_PEA	63.9	785	0.0	1068	97.1
GWHPBECS012537	sp|Q8VWN6|RFS_PEA	60.1	795	0.0	989	96.3
GWHPBECS012538	sp|Q9FND9|RFS5_ARATH	78.3	92	2.70e-46	157	77.3
GWHPBECS012564	sp|Q7NW17|TRPD_CHRVO	23.3	377	1.14e-14	73.9	63.7
GWHPBECS012607	sp|F4I6V0|RAY1_ARATH	59.4	557	3.69e-235	662	78.6
GWHPBECS012609	sp|Q9FSV7|SST_FESAR	39.8	530	3.05e-121	370	92.0
GWHPBECS012679	sp|Q9LIN9|PAGR_ARATH	81.8	347	3.54e-202	569	72.7
GWHPBECS012680	sp|Q9LIN9|PAGR_ARATH	65.0	351	2.57e-145	424	63.2
GWHPBECS012681	sp|Q9LIN9|PAGR_ARATH	76.4	351	3.37e-186	528	70.8
GWHPBECS012682	sp|Q9LIN9|PAGR_ARATH	83.2	560	0.0	926	100
GWHPBECS013026	sp|Q65XS5|BC10_ORYSJ	38.5	296	4.92e-53	175	94.7
GWHPBECS013033	sp|Q65XS5|BC10_ORYSJ	38.7	300	1.66e-53	180	67.6
GWHPBECS013067	sp|Q9SYK9|U74E2_ARATH	47.2	453	3.46e-140	407	97.5
GWHPBECS013068	sp|Q9SYK9|U74E2_ARATH	52.8	235	2.74e-80	246	96.9
GWHPBECS013069	sp|W8JMV4|UGT9_CATRO	46.5	387	2.12e-114	339	99.4
GWHPBECS013070	sp|Q9SYK9|U74E2_ARATH	46.7	441	3.04e-132	387	97.9
GWHPBECS013073	sp|Q9SYK9|U74E2_ARATH	42.1	290	1.42e-68	217	92.3
GWHPBECS013074	sp|Q9SYK9|U74E2_ARATH	47.1	454	2.57e-137	400	97.5
GWHPBECS013075	sp|Q9SYK9|U74E2_ARATH	46.8	453	3.64e-137	400	97.5
GWHPBECS013077	sp|Q9SYK9|U74E2_ARATH	53.1	256	9.68e-89	268	99.2
GWHPBECS013078	sp|W8JMV4|UGT9_CATRO	40.1	262	5.93e-46	156	98.6
GWHPBECS013079	sp|O22822|U74F2_ARATH	37.5	168	4.26e-29	110	83.2
GWHPBECS013080	sp|Q9SYK9|U74E2_ARATH	45.8	454	1.01e-129	380	97.4
GWHPBECS013082	sp|Q9SYK9|U74E2_ARATH	46.5	452	3.64e-137	400	96.4
GWHPBECS013083	sp|W8JMV4|UGT9_CATRO	41.1	358	5.94e-87	268	98.2
GWHPBECS013084	sp|Q9SYK9|U74E2_ARATH	47.5	448	2.44e-140	408	96.4
GWHPBECS013085	sp|O22822|U74F2_ARATH	51.3	452	1.22e-157	452	97.8
GWHPBECS013086	sp|O22822|U74F2_ARATH	51.4	457	8.84e-155	445	99.1
GWHPBECS013087	sp|O22822|U74F2_ARATH	50.4	450	5.92e-154	444	92.3
GWHPBECS013088	sp|O22822|U74F2_ARATH	51.9	451	1.61e-162	464	97.4
GWHPBECS013089	sp|K7NBW3|74AC1_SIRGR	50.8	445	6.87e-155	445	97.1
GWHPBECS013154	sp|F8WKW8|UGT9_GARJA	55.4	175	1.75e-60	193	89.2
GWHPBECS013156	sp|F8WKW8|UGT9_GARJA	48.2	444	5.95e-140	407	95.9
GWHPBECS013157	sp|F8WKW8|UGT9_GARJA	45.2	434	4.33e-120	353	94.6
GWHPBECS013161	sp|F8WKW8|UGT9_GARJA	32.2	425	1.64e-67	215	89.3
GWHPBECS013191	sp|P23796|RIT1_YEAST	28.0	565	5.32e-45	164	97.9
GWHPBECS013275	sp|Q93ZY3|STT3A_ARATH	84.5	791	0.0	1252	99.9
GWHPBECS013311	sp|Q9FFN2|GLYT3_ARATH	46.2	346	2.28e-103	324	48.8
GWHPBECS013312	sp|Q9FFN2|GLYT3_ARATH	44.1	374	2.10e-106	329	60.1
GWHPBECS013357	sp|Q6DBG8|ARAD1_ARATH	24.1	232	1.55e-10	59.3	61.8
GWHPBECS013358	sp|Q6DBG8|ARAD1_ARATH	30.4	227	3.44e-27	107	61.6
GWHPBECS013367	sp|A0A067XR63|XTH7_DIOKA	52.3	262	1.57e-104	304	89.1
GWHPBECS013368	sp|G5DAC6|XTH1_DIOKA	55.9	263	6.31e-108	313	90.4
GWHPBECS013369	sp|G5DAC6|XTH1_DIOKA	57.3	255	6.31e-108	313	87.6
GWHPBECS013373	sp|Q9SXC4|IRX9H_ARATH	46.4	442	1.72e-129	378	99.1
GWHPBECS013492	sp|O81072|GT11_ARATH	53.6	442	2.72e-176	514	77.7
GWHPBECS013493	sp|O81072|GT11_ARATH	53.8	442	9.60e-177	515	77.7
GWHPBECS013687	sp|Q8RY81|OFT13_ARATH	54.7	373	3.82e-127	371	88.0
GWHPBECS013699	sp|Q8RY81|OFT13_ARATH	72.7	440	4.73e-242	665	100
GWHPBECS013704	sp|Q8RY81|OFT13_ARATH	60.0	440	1.11e-183	514	100
GWHPBECS013743	sp|Q8GSJ1|HIS1B_ARATH	77.2	368	6.58e-202	561	91.8
GWHPBECS013754	sp|A2Y0X2|CESA1_ORYSI	72.8	1079	0.0	1552	100
GWHPBECS013763	sp|A2Y0X2|CESA1_ORYSI	83.1	1092	0.0	1863	100
GWHPBECS013794	sp|Q9MB73|LGT_CITUN	38.6	477	1.65e-111	337	99.8
GWHPBECS013795	sp|O22183|U84B2_ARATH	40.7	423	2.26e-110	330	98.6
GWHPBECS013798	sp|Q9C9Q5|RRA2_ARATH	45.7	243	1.23e-58	187	86.7
GWHPBECS014260	sp|Q65XS5|BC10_ORYSJ	30.6	304	1.16e-28	113	74.2
GWHPBECS014266	sp|Q65XS5|BC10_ORYSJ	29.3	307	6.50e-26	105	74.2
GWHPBECS014343	sp|Q3E7Q9|GLYT6_ARATH	63.3	390	1.06e-180	512	85.7
GWHPBECS014384	sp|Q5XEZ1|B3GT9_ARATH	61.8	136	2.39e-51	164	96.4
GWHPBECS014473	sp|Q8W4E6|HPAT1_ARATH	80.0	370	4.06e-224	613	99.7
GWHPBECS014503	sp|Q3B724|CALS5_ARATH	66.2	71	1.40e-27	102	91.0
GWHPBECS014659	sp|Q29IL2|POMT2_DROPS	32.0	175	4.92e-16	74.7	73.5
GWHPBECS014686	sp|A2Z1C8|CESA9_ORYSI	74.3	35	8.08e-11	58.5	18.9
GWHPBECS014754	sp|F8WKW8|UGT9_GARJA	49.8	410	3.35e-135	392	96.4
GWHPBECS014845	sp|A2Z1C8|CESA9_ORYSI	84.8	1060	0.0	1849	100
GWHPBECS014891	sp|F8WKW8|UGT9_GARJA	49.6	427	8.51e-137	398	92.3
GWHPBECS014892	sp|F8WKW8|UGT9_GARJA	36.9	306	9.56e-57	189	89.7
GWHPBECS014893	sp|F8WKW8|UGT9_GARJA	56.1	198	4.25e-72	225	81.8
GWHPBECS014894	sp|A0A0A6ZFY4|UGT29_PANGI	45.1	244	2.22e-62	202	82.4
GWHPBECS014961	sp|Q9LTA3|U91C1_ARATH	39.5	463	5.53e-106	321	96.8
GWHPBECS014962	sp|Q9LTA3|U91C1_ARATH	39.4	464	3.08e-102	311	97.5
GWHPBECS014985	sp|Q43716|UFOG_PETHY	41.7	453	8.39e-121	360	92.8
GWHPBECS014992	sp|Q9ZP54|PARP1_ARATH	81.0	232	1.68e-129	389	88.2
GWHPBECS014993	sp|Q9ZP54|PARP1_ARATH	74.8	234	1.40e-116	354	91.6
GWHPBECS015023	sp|Q66PF2|URT1_FRAAN	40.6	473	5.09e-113	340	99.1
GWHPBECS015024	sp|Q6QDB6|U73B6_RHOSK	44.9	441	3.99e-126	374	86.7
GWHPBECS015032	sp|I1LCI8|FG2KO_SOYBN	44.9	374	2.69e-103	310	99.7
GWHPBECS015049	sp|Q9M336|UPP_ARATH	60.2	133	2.21e-40	139	53.4
GWHPBECS015050	sp|Q6QDB6|U73B6_RHOSK	42.8	477	9.65e-126	371	98.1
GWHPBECS015051	sp|Q6QDB6|U73B6_RHOSK	47.6	479	4.89e-160	460	98.3
GWHPBECS015053	sp|A0A2R6QXF8|F3GGT_ACTCC	42.9	455	1.82e-130	382	97.0
GWHPBECS015054	sp|A0A2R6QXF8|F3GGT_ACTCC	42.2	455	9.50e-128	375	97.0
GWHPBECS015056	sp|A0A2R6QXF8|F3GGT_ACTCC	42.6	455	5.18e-130	381	97.0
GWHPBECS015057	sp|Q43716|UFOG_PETHY	41.6	454	1.34e-119	357	92.8
GWHPBECS015058	sp|Q43716|UFOG_PETHY	41.6	454	1.82e-120	358	94.4
GWHPBECS015059	sp|Q43716|UFOG_PETHY	41.9	454	6.42e-121	360	94.4
GWHPBECS015060	sp|Q43716|UFOG_PETHY	41.4	454	1.03e-119	357	94.4
GWHPBECS015061	sp|Q43716|UFOG_PETHY	50.6	237	4.59e-80	246	97.9
GWHPBECS015062	sp|Q43716|UFOG_PETHY	50.8	242	2.18e-82	253	94.4
GWHPBECS015063	sp|Q43716|UFOG_PETHY	41.9	454	2.97e-121	361	92.8
GWHPBECS015064	sp|Q43716|UFOG_PETHY	41.6	454	2.37e-120	358	92.8
GWHPBECS015065	sp|Q43716|UFOG_PETHY	39.9	454	8.07e-111	334	92.7
GWHPBECS015066	sp|Q43716|UFOG_PETHY	41.9	454	5.94e-121	360	92.8
GWHPBECS015068	sp|P0DO58|F3GT1_RHODL	49.5	455	1.38e-161	462	98.7
GWHPBECS015146	sp|Q9LRA7|TPS9_ARATH	65.8	871	0.0	1197	99.7
GWHPBECS015402	sp|Q93ZX7|GAUT4_ARATH	58.9	671	8.00e-268	747	99.9
GWHPBECS015436	sp|Q84VX0|RFS1_ARATH	71.4	759	0.0	1130	96.1
GWHPBECS015452	sp|Q67BJ4|A4GAT_MOUSE	33.3	171	1.44e-17	79.0	69.3
GWHPBECS015456	sp|Q94A08|RFS2_ARATH	48.6	774	2.92e-274	774	94.6
GWHPBECS015470	sp|Q9FFN2|GLYT3_ARATH	65.0	314	1.48e-162	461	99.4
GWHPBECS015508	sp|Q651X7|CSLE1_ORYSJ	56.1	722	2.91e-298	832	97.8
GWHPBECS015523	sp|Q651X7|CSLE1_ORYSJ	55.8	722	2.36e-297	830	97.8
GWHPBECS015585	sp|Q9FFN2|GLYT3_ARATH	54.3	534	2.14e-194	551	99.6
GWHPBECS015591	sp|Q9LJP4|CSLC4_ARATH	48.6	387	1.54e-100	306	87.8
GWHPBECS015608	sp|Q9RQI5|GLGB_BERDE	31.4	102	1.89e-06	48.5	22.0
GWHPBECS015644	sp|O65583|UKL4_ARATH	81.8	472	1.56e-287	786	85.8
GWHPBECS015659	sp|A0A250YGJ5|SIR6_CASCN	45.0	353	8.08e-93	284	72.1
GWHPBECS015905	sp|Q6DBG8|ARAD1_ARATH	29.8	225	7.07e-22	92.8	52.4
GWHPBECS015994	sp|F4IF99|LPXB_ARATH	51.9	457	4.76e-144	417	94.1
GWHPBECS016004	sp|Q9LTY6|UKL5_ARATH	36.1	255	2.01e-33	126	52.3
GWHPBECS016089	sp|Q1JQC6|SIR4_BOVIN	44.1	256	2.99e-66	209	75.1
GWHPBECS016114	sp|D2WL32|GLGB3_ARATH	72.5	836	0.0	1326	93.0
GWHPBECS016122	sp|Q9SS43|MUC21_ARATH	34.5	388	1.80e-81	259	77.5
GWHPBECS016143	sp|F4HYR4|OFT15_ARATH	63.4	547	1.43e-242	684	79.1
GWHPBECS016196	sp|Q8L7M1|B3GTE_ARATH	71.8	354	3.93e-181	503	98.9
GWHPBECS016199	sp|Q9AT54|SCGT_TOBAC	37.5	480	1.58e-101	310	97.9
GWHPBECS016285	sp|Q6NMM8|F8H_ARATH	27.8	381	2.13e-30	124	46.5
GWHPBECS016369	sp|Q8RY00|SIA2_ARATH	64.0	444	7.84e-200	556	98.0
GWHPBECS016383	sp|A0A2R6QXF8|F3GGT_ACTCC	50.9	450	3.89e-162	463	99.8
GWHPBECS016419	sp|I1KEV6|FG3H_SOYBN	51.7	449	1.50e-169	483	97.6
GWHPBECS016591	sp|Q9LU40|MSR1_ARATH	44.7	246	8.09e-62	199	83.9
GWHPBECS016597	sp|Q8VZK9|CSLE1_ARATH	57.8	325	8.86e-141	414	98.2
GWHPBECS016679	sp|Q9FLD7|GT14A_ARATH	56.3	426	5.44e-172	487	99.3
GWHPBECS016691	sp|P51094|UFOG_VITVI	50.6	449	3.99e-157	451	96.3
GWHPBECS016726	sp|E3W9M2|AA5GT_DIACA	35.1	538	7.92e-91	285	97.9
GWHPBECS016738	sp|Q9ZT82|CALSC_ARATH	73.5	1797	0.0	2649	100
GWHPBECS016833	sp|Q43716|UFOG_PETHY	41.4	461	1.55e-124	369	93.7
GWHPBECS016936	sp|Q9NPC4|A4GAT_HUMAN	32.3	257	1.77e-33	127	55.4
GWHPBECS016967	sp|E3W9M3|AA7GT_DELGR	46.5	101	1.42e-25	98.2	82.1
GWHPBECS016968	sp|E3W9M3|AA7GT_DELGR	43.2	479	1.03e-129	385	92.4
GWHPBECS016970	sp|E3W9M2|AA5GT_DIACA	35.4	531	6.26e-98	303	99.4
GWHPBECS016973	sp|E3W9M3|AA7GT_DELGR	44.7	486	3.32e-145	426	90.3
GWHPBECS016975	sp|E3W9M3|AA7GT_DELGR	38.1	485	1.34e-106	324	93.2
GWHPBECS017096	sp|Q9FLD7|GT14A_ARATH	58.0	421	4.66e-179	505	97.0
GWHPBECS017221	sp|Q9SKT6|GAUTA_ARATH	76.5	536	1.21e-313	854	100
GWHPBECS017275	sp|Q9Y169|EXT2_DROME	34.9	249	1.19e-30	127	31.7
GWHPBECS017451	sp|A0A067XRK9|XTH6_DIOKA	75.2	274	1.44e-167	465	92.6
GWHPBECS017455	sp|E3W9M3|AA7GT_DELGR	44.4	477	1.13e-140	412	95.8
GWHPBECS017547	sp|Q9FH36|GAUTC_ARATH	71.6	538	1.55e-286	785	100
GWHPBECS017551	sp|Q9Y673|ALG5_HUMAN	43.1	195	5.55e-45	152	78.3
GWHPBECS017552	sp|Q9Y673|ALG5_HUMAN	43.2	199	7.18e-46	154	76.5
GWHPBECS017634	sp|Q9ZT82|CALSC_ARATH	66.3	329	5.32e-139	430	100
GWHPBECS017676	sp|Q8RY00|SIA2_ARATH	34.9	195	1.23e-25	99.0	80.8
GWHPBECS017691	sp|Q9MA87|OFT23_ARATH	63.9	368	4.67e-163	464	84.4
GWHPBECS017747	sp|Q9LU40|MSR1_ARATH	46.1	423	3.52e-127	371	99.7
GWHPBECS017773	sp|Q6DBG8|ARAD1_ARATH	69.7	33	6.98e-09	54.3	12.4
GWHPBECS017835	sp|Q43846|SSY3_SOLTU	60.3	1261	0.0	1468	99.8
GWHPBECS017875	sp|A8MRC7|B3GT2_ARATH	74.3	409	3.13e-242	663	100
GWHPBECS017989	sp|Q9FZ49|ALG9_ARATH	62.1	568	3.98e-250	693	98.8
GWHPBECS018062	sp|Q9FLD7|GT14A_ARATH	53.4	354	1.03e-131	383	88.0
GWHPBECS018064	sp|Q9FI32|MCTP2_ARATH	44.4	1051	1.35e-284	818	99.3
GWHPBECS018080	sp|F4HZX7|OFUT8_ARATH	50.7	614	2.19e-190	546	97.2
GWHPBECS018095	sp|Q8LPK5|CESA8_ARATH	77.4	995	0.0	1540	100
GWHPBECS018107	sp|Q7KWM5|ALG2_DICDI	44.9	414	1.79e-114	339	95.6
GWHPBECS018241	sp|Q9SYM4|TPS1_ARATH	74.8	968	0.0	1380	99.8
GWHPBECS018274	sp|G5DAC6|XTH1_DIOKA	77.0	278	3.32e-164	455	97.2
GWHPBECS018275	sp|G5DAC6|XTH1_DIOKA	78.0	259	3.00e-153	426	96.5
GWHPBECS018278	sp|G5DAC6|XTH1_DIOKA	73.0	278	4.12e-152	424	97.0
GWHPBECS018279	sp|G5DAC6|XTH1_DIOKA	74.5	278	3.42e-153	427	95.6
GWHPBECS018295	sp|O65583|UKL4_ARATH	59.5	262	8.64e-97	291	75.0
GWHPBECS018355	sp|Q0WVX5|SSY4_ARATH	60.4	1068	0.0	1070	99.6
GWHPBECS018370	sp|Q9SHJ3|CALS7_ARATH	65.7	1919	0.0	2420	98.5
GWHPBECS018421	sp|Q9M2R0|FTIP3_ARATH	36.0	86	3.38e-06	48.9	11.1
GWHPBECS018488	sp|Q6NQ51|RRT4_ARATH	60.7	394	1.58e-173	492	91.6
GWHPBECS018520	sp|Q67BJ4|A4GAT_MOUSE	29.3	263	2.49e-20	91.7	35.7
GWHPBECS018535	sp|Q6NQB7|B3GT7_ARATH	69.0	393	1.27e-191	533	99.5
GWHPBECS018747	sp|Q9Y169|EXT2_DROME	35.3	292	1.58e-35	135	79.9
GWHPBECS018757	sp|Q8S4F6|SQD2_ARATH	70.2	514	7.51e-252	696	97.7
GWHPBECS018975	sp|Q7XNX6|SUS7_ORYSJ	70.8	805	0.0	1189	99.0
GWHPBECS018989	sp|Q9SHJ3|CALS7_ARATH	64.0	1911	0.0	2352	99.4
GWHPBECS019000	sp|Q9LRA7|TPS9_ARATH	61.0	100	1.71e-36	129	91.7
GWHPBECS019001	sp|Q9LRA7|TPS9_ARATH	57.5	409	1.31e-161	475	88.7
GWHPBECS019024	sp|E3W9M2|AA5GT_DIACA	37.0	532	1.97e-106	326	97.9
GWHPBECS019101	sp|Q9LRA7|TPS9_ARATH	46.8	741	9.58e-212	612	91.6
GWHPBECS019108	sp|Q9ZQC6|IRX9_ARATH	53.8	344	8.98e-124	358	96.6
GWHPBECS019123	sp|Q08654|TRPGD_THEMA	53.1	194	3.07e-63	207	69.6
GWHPBECS019144	sp|Q9Y673|ALG5_HUMAN	42.5	193	3.78e-41	141	81.4
GWHPBECS019174	sp|Q94AH8|TPS6_ARATH	77.2	871	0.0	1372	99.8
GWHPBECS019280	sp|Q9FFN2|GLYT3_ARATH	51.7	358	2.19e-120	359	71.3
GWHPBECS019315	sp|E3W9M3|AA7GT_DELGR	41.1	479	1.23e-121	364	91.6
GWHPBECS019316	sp|E3W9M3|AA7GT_DELGR	42.4	479	1.42e-132	392	91.8
GWHPBECS019338	sp|Q9MA87|OFT23_ARATH	58.5	376	3.97e-141	409	80.6
GWHPBECS019345	sp|Q2S528|MURG_SALRD	39.4	368	9.70e-84	259	85.4
GWHPBECS019368	sp|Q9C9B0|U89B1_ARATH	53.2	455	1.20e-165	473	97.4
GWHPBECS019377	sp|Q65XS5|BC10_ORYSJ	33.8	296	5.03e-48	164	72.9
GWHPBECS019389	sp|Q84VX0|RFS1_ARATH	37.8	582	4.27e-94	297	83.6
GWHPBECS019398	sp|Q9C9B0|U89B1_ARATH	52.6	456	4.49e-163	467	97.1
GWHPBECS019466	sp|Q9C9B0|U89B1_ARATH	51.2	465	3.22e-149	432	90.4
GWHPBECS019467	sp|Q9C9B0|U89B1_ARATH	51.2	465	2.14e-156	450	98.9
GWHPBECS019468	sp|Q9C9B0|U89B1_ARATH	52.4	464	4.33e-159	457	98.2
GWHPBECS019478	sp|Q9S9U0|CALSB_ARATH	81.8	66	4.10e-31	114	53.7
GWHPBECS019695	sp|Q9LRA7|TPS9_ARATH	45.8	852	1.71e-237	680	98.5
GWHPBECS019730	sp|Q9LJP4|CSLC4_ARATH	60.5	248	1.01e-85	269	63.8
GWHPBECS019733	sp|Q6NQ51|RRT4_ARATH	70.7	485	2.90e-249	688	99.4
GWHPBECS019754	sp|Q9CA75|XXT5_ARATH	80.5	437	2.30e-279	761	96.2
GWHPBECS019865	sp|Q9SS43|MUC21_ARATH	40.4	408	2.42e-102	312	87.8
GWHPBECS019871	sp|A0A224AM54|708G1_CITJP	57.5	471	6.77e-180	509	98.7
GWHPBECS019872	sp|A0A224AM54|708G1_CITJP	57.5	447	9.16e-175	497	94.0
GWHPBECS019873	sp|A0A224AM54|708G1_CITJP	56.9	457	1.08e-180	512	96.3
GWHPBECS019874	sp|A0A224AM54|708G1_CITJP	56.7	464	5.73e-183	518	97.8
GWHPBECS019877	sp|A0A0M4KE44|CGT_MANIN	56.9	464	1.24e-181	514	97.8
GWHPBECS019878	sp|A0A224AM54|708G1_CITJP	57.1	457	2.67e-181	513	96.3
GWHPBECS019879	sp|A0A224AM54|708G1_CITJP	57.3	447	9.80e-177	502	94.0
GWHPBECS019880	sp|A0A224AM54|708G1_CITJP	58.2	225	1.17e-83	259	63.4
GWHPBECS019883	sp|A0A224AM54|708G1_CITJP	57.1	468	4.40e-190	536	98.5
GWHPBECS019892	sp|G5DAC7|XTH2_DIOKA	85.3	292	8.88e-197	538	99.7
GWHPBECS019897	sp|Q8GWT1|GAUTE_ARATH	83.5	532	0.0	945	99.8
GWHPBECS019926	sp|P04045|PHSL1_SOLTU	53.5	957	0.0	925	97.5
GWHPBECS019951	sp|Q9SGA8|U83A1_ARATH	44.0	464	5.61e-133	390	99.8
GWHPBECS019952	sp|Q9SGA8|U83A1_ARATH	37.9	477	4.95e-103	313	92.7
GWHPBECS019953	sp|Q9SGA8|U83A1_ARATH	41.6	478	2.42e-113	340	99.4
GWHPBECS019955	sp|Q9SGA8|U83A1_ARATH	43.1	459	8.48e-123	363	99.1
GWHPBECS019961	sp|Q6QDB6|U73B6_RHOSK	50.4	478	1.20e-171	490	97.7
GWHPBECS019974	sp|E3W9M3|AA7GT_DELGR	45.1	481	4.46e-145	424	95.2
GWHPBECS019976	sp|Q6QDB6|U73B6_RHOSK	50.8	478	1.20e-171	490	97.7
GWHPBECS019981	sp|Q9SGA8|U83A1_ARATH	45.1	466	3.45e-133	390	100
GWHPBECS019983	sp|Q9SGA8|U83A1_ARATH	44.4	432	3.13e-115	343	97.8
GWHPBECS019984	sp|Q9SGA8|U83A1_ARATH	38.0	332	4.82e-71	224	99.7
GWHPBECS019985	sp|Q9SGA8|U83A1_ARATH	45.7	466	5.56e-132	387	100
GWHPBECS019991	sp|Q9SGA8|U83A1_ARATH	46.6	464	6.14e-140	407	100
GWHPBECS019992	sp|Q9SGA8|U83A1_ARATH	49.5	200	2.58e-58	188	99.5
GWHPBECS019993	sp|Q9SGA8|U83A1_ARATH	45.3	464	3.32e-133	390	100
GWHPBECS019994	sp|Q9AT54|SCGT_TOBAC	52.4	471	3.19e-173	494	96.5
GWHPBECS020126	sp|Q6NQ51|RRT4_ARATH	65.2	394	2.80e-194	548	81.7
GWHPBECS020135	sp|Q949Q1|GAUTB_ARATH	76.0	537	3.24e-307	838	100
GWHPBECS020176	sp|E3W9M3|AA7GT_DELGR	40.5	484	2.56e-111	337	94.9
GWHPBECS020297	sp|A0A2R6QXF8|F3GGT_ACTCC	43.5	455	1.53e-134	393	97.0
GWHPBECS020299	sp|Q6QDB6|U73B6_RHOSK	48.0	479	4.46e-164	471	98.3
GWHPBECS020309	sp|Q9LTA3|U91C1_ARATH	40.2	463	1.14e-113	341	96.6
GWHPBECS020320	sp|Q9SJM0|CALSA_ARATH	69.7	1921	0.0	2601	99.9
GWHPBECS020425	sp|Q8VYB2|UKL3_ARATH	76.7	202	1.10e-104	314	53.9
GWHPBECS020492	sp|Q9LTY6|UKL5_ARATH	58.6	384	2.04e-145	417	93.7
GWHPBECS020632	sp|Q0K6I1|TRPD_CUPNH	23.3	344	2.12e-13	70.1	57.8
GWHPBECS020656	sp|Q9LRA7|TPS9_ARATH	48.6	625	1.35e-191	555	99.4
GWHPBECS020673	sp|Q9ZQB9|CSLCC_ARATH	74.4	708	0.0	1038	100
GWHPBECS020702	sp|Q8VWN6|RFS_PEA	67.5	773	0.0	1124	97.4
GWHPBECS020710	sp|Q65XS5|BC10_ORYSJ	71.7	311	1.51e-176	495	82.4
GWHPBECS020829	sp|Q84WU0|OFUT5_ARATH	64.1	527	1.24e-229	643	95.7
GWHPBECS020849	sp|D3UAG0|U71K1_MALDO	45.9	490	6.42e-128	379	98.6
GWHPBECS020861	sp|Q9XGN4|GOLS1_AJURE	80.4	275	4.46e-172	478	93.2
GWHPBECS020868	sp|Q9XGN4|GOLS1_AJURE	78.0	337	1.50e-204	561	100
GWHPBECS020969	sp|G5DAC7|XTH2_DIOKA	39.1	271	4.42e-64	202	85.2
GWHPBECS021043	sp|Q9LJP4|CSLC4_ARATH	60.1	666	4.61e-273	759	100
GWHPBECS021044	sp|Q9LJP4|CSLC4_ARATH	62.4	652	5.15e-266	743	95.4
GWHPBECS021046	sp|Q9LJP4|CSLC4_ARATH	57.9	656	1.91e-257	718	99.6
GWHPBECS021047	sp|Q9LJP4|CSLC4_ARATH	62.4	680	2.16e-282	783	100
GWHPBECS021103	sp|Q9MA87|OFT23_ARATH	59.1	352	1.25e-134	390	82.5
GWHPBECS021126	sp|Q9FLA5|ARAD2_ARATH	31.5	181	7.13e-13	67.4	52.8
GWHPBECS021172	sp|Q3B724|CALS5_ARATH	80.5	1860	0.0	2999	89.5
GWHPBECS021183	sp|O04536|GATL9_ARATH	71.1	315	2.01e-168	473	85.0
GWHPBECS021199	sp|B9S2H4|Y232_RICCO	53.8	612	7.94e-214	606	98.8
GWHPBECS021247	sp|Q9LV16|B3GTJ_ARATH	64.2	665	6.26e-299	828	99.8
GWHPBECS021270	sp|Q9LFQ0|GT14B_ARATH	72.4	438	7.10e-236	649	100
GWHPBECS021326	sp|Q9C8W3|FUT13_ARATH	67.6	395	1.64e-205	570	97.5
GWHPBECS021413	sp|E3W9M3|AA7GT_DELGR	41.0	481	4.93e-123	370	84.0
GWHPBECS021414	sp|E3W9M2|AA5GT_DIACA	42.2	102	2.10e-22	90.5	67.1
GWHPBECS021416	sp|E3W9M3|AA7GT_DELGR	40.3	481	4.93e-123	370	84.0
GWHPBECS021419	sp|E3W9M3|AA7GT_DELGR	40.7	481	8.77e-124	372	84.0
GWHPBECS021492	sp|K7R4D4|MSR_TRIFG	53.7	54	3.67e-12	63.2	24.3
GWHPBECS021603	sp|Q6DBG8|ARAD1_ARATH	35.3	221	5.85e-26	105	62.4
GWHPBECS021642	sp|Q8L7F9|B3GTF_ARATH	59.0	642	8.89e-258	720	100
GWHPBECS021647	sp|Q43847|SSY2_SOLTU	60.8	756	0.0	897	91.4
GWHPBECS021652	sp|Q65XS5|BC10_ORYSJ	34.4	308	1.39e-49	169	72.7
GWHPBECS021692	sp|Q8VYF9|SRGT1_ARATH	69.8	785	0.0	1187	94.8
GWHPBECS021742	sp|Q8VYB2|UKL3_ARATH	70.6	204	6.41e-91	279	50.3
GWHPBECS021876	sp|E3W9M3|AA7GT_DELGR	40.9	487	4.99e-118	358	80.4
GWHPBECS021880	sp|E3W9M3|AA7GT_DELGR	39.4	426	7.72e-104	315	99.1
GWHPBECS021881	sp|E3W9M3|AA7GT_DELGR	37.8	527	1.86e-120	365	85.5
GWHPBECS021989	sp|Q6VAA6|U74G1_STERE	45.9	462	2.43e-145	422	95.4
GWHPBECS021990	sp|Q6VAA6|U74G1_STERE	46.0	437	4.40e-137	399	99.1
GWHPBECS022048	sp|Q9ASW1|B3GTG_ARATH	30.9	230	9.12e-22	94.4	58.5
GWHPBECS022280	sp|Q8GZD5|XTH34_POPPZ	48.2	257	1.24e-89	266	90.4
GWHPBECS022298	sp|Q9ZQC6|IRX9_ARATH	53.5	344	1.03e-122	355	96.6
GWHPBECS022375	sp|Q9SSE8|GLYT1_ARATH	31.5	368	1.77e-54	187	75.9
GWHPBECS022421	sp|G5DAC7|XTH2_DIOKA	84.3	293	3.10e-197	540	100
GWHPBECS022470	sp|Q564G7|GMGT1_CYATE	50.6	415	2.95e-151	436	87.7
GWHPBECS022523	sp|Q6ZFH6|RCN11_ORYSJ	65.5	458	2.46e-212	597	88.9
GWHPBECS022574	sp|Q9C9Q5|RRA2_ARATH	46.5	256	9.27e-67	211	68.5
GWHPBECS022626	sp|E3W9M2|AA5GT_DIACA	37.0	473	9.16e-98	301	97.9
GWHPBECS022627	sp|E3W9M2|AA5GT_DIACA	34.7	484	4.48e-88	277	90.6
GWHPBECS022638	sp|Q9SSE8|GLYT1_ARATH	67.2	384	2.60e-197	552	92.7
GWHPBECS022639	sp|Q9SSE8|GLYT1_ARATH	70.7	351	1.79e-195	547	84.5
GWHPBECS022937	sp|A0A067XRK9|XTH6_DIOKA	38.2	249	1.50e-58	189	69.5
GWHPBECS022939	sp|Q9M9M4|CSLD3_ARATH	87.8	944	0.0	1692	100
GWHPBECS023034	sp|O23617|TPS5_ARATH	77.5	852	0.0	1372	98.7
GWHPBECS023322	sp|Q9FFN2|GLYT3_ARATH	45.7	409	1.03e-117	355	76.3
GWHPBECS023565	sp|Q54RP0|AGTA_DICDI	37.5	72	2.45e-08	53.9	19.7
GWHPBECS023593	sp|Q9SL03|CALS2_ARATH	56.9	65	7.82e-17	74.3	46.4
GWHPBECS023656	sp|A8MR93|ALG12_ARATH	58.8	483	1.74e-207	580	98.4
GWHPBECS023687	sp|Q9SFU6|CALS9_ARATH	77.1	48	2.98e-15	77.4	9.6
GWHPBECS023795	sp|Q9S9U0|CALSB_ARATH	80.9	68	3.42e-32	117	55.3
GWHPBECS023832	sp|D3UAG7|U88F3_PYRCO	52.5	469	3.66e-157	453	96.2
GWHPBECS023836	sp|Q6VAA7|U88B1_STERE	53.5	465	1.92e-161	462	100
GWHPBECS023837	sp|Q6VAA7|U88B1_STERE	49.0	469	3.35e-137	400	99.6
GWHPBECS023839	sp|D3UAG6|U88F5_MALDO	55.3	309	2.54e-112	332	97.7
GWHPBECS023840	sp|Q6VAA7|U88B1_STERE	49.8	269	1.14e-83	256	98.5
GWHPBECS023843	sp|Q6VAA7|U88B1_STERE	51.9	476	6.66e-166	474	99.6
GWHPBECS023844	sp|D3UAG7|U88F3_PYRCO	52.7	469	1.97e-159	459	96.2
GWHPBECS023845	sp|Q6VAA7|U88B1_STERE	50.7	469	2.19e-147	427	99.6
GWHPBECS023846	sp|Q6VAA7|U88B1_STERE	53.3	463	6.74e-162	464	99.6
GWHPBECS023850	sp|Q4R1I9|ANGLT_ROSHC	50.6	492	2.59e-153	444	96.6
GWHPBECS023852	sp|Q6VAA7|U88B1_STERE	48.6	481	5.39e-151	437	99.0
GWHPBECS023873	sp|Q1JPM5|OFT30_ARATH	55.9	490	4.86e-189	536	96.8
GWHPBECS023914	sp|Q6VAA7|U88B1_STERE	48.9	462	2.54e-150	434	99.6
GWHPBECS024058	sp|Q9FSV7|SST_FESAR	54.5	639	2.11e-232	658	95.5
GWHPBECS024067	sp|Q9ZVF7|ESMD1_ARATH	77.3	547	0.0	880	96.8
GWHPBECS024126	sp|Q0WVN5|CSLG3_ARATH	49.3	724	2.17e-240	686	94.8
GWHPBECS024129	sp|Q0WVN5|CSLG3_ARATH	48.8	724	1.93e-234	670	96.3
GWHPBECS024194	sp|Q5AJC0|UTR2_CANAL	28.5	123	9.59e-11	58.9	51.4
GWHPBECS024210	sp|E3W9M3|AA7GT_DELGR	50.3	167	2.84e-52	187	23.4
GWHPBECS024212	sp|Q9SH31|GT16_ARATH	48.2	596	2.99e-205	587	93.6
GWHPBECS024319	sp|Q6QDB6|U73B6_RHOSK	53.9	479	2.85e-182	517	98.5
GWHPBECS024446	sp|Q9AR73|HQGT_RAUSE	58.6	466	3.33e-193	544	98.7
GWHPBECS024453	sp|Q6DBG8|ARAD1_ARATH	33.4	425	6.13e-72	234	82.6
GWHPBECS024459	sp|Q54NU9|TPSB_DICDI	23.5	204	3.93e-09	55.8	58.9
GWHPBECS024677	sp|Q9MAP8|B3GT6_ARATH	72.8	408	3.11e-220	607	97.6
GWHPBECS024698	sp|Q43784|SSG1_MANES	68.8	612	1.69e-319	875	100
GWHPBECS024700	sp|Q43784|SSG1_MANES	68.9	618	6.76e-320	877	100
GWHPBECS024712	sp|Q9MA87|OFT23_ARATH	56.5	368	2.48e-130	380	82.9
GWHPBECS024946	sp|O48676|U74B1_ARATH	48.4	455	9.83e-146	424	90.0
GWHPBECS025037	sp|Q0WVN5|CSLG3_ARATH	58.0	721	9.24e-301	839	97.4
GWHPBECS025095	sp|A0AAW1HA02|CSL1_SAPOF	42.4	406	3.18e-113	345	94.5
GWHPBECS025187	sp|Q67BJ4|A4GAT_MOUSE	29.5	149	1.50e-12	63.9	66.2
GWHPBECS025306	sp|Q84WV8|NPRT2_ARATH	73.2	559	7.16e-296	809	99.2
GWHPBECS025325	sp|Q9SYM4|TPS1_ARATH	55.5	970	0.0	941	98.2
GWHPBECS025352	sp|Q9AUE0|CALS1_ARATH	69.7	145	6.96e-59	202	44.5
GWHPBECS025353	sp|Q9AT54|SCGT_TOBAC	53.3	471	3.28e-177	504	97.1
GWHPBECS025355	sp|Q9AT54|SCGT_TOBAC	52.4	471	1.48e-173	494	96.9
GWHPBECS025356	sp|Q2V6J9|UFOG7_FRAAN	53.3	484	9.75e-174	496	97.3
GWHPBECS025361	sp|Q9AT54|SCGT_TOBAC	48.1	499	6.96e-164	471	97.6
GWHPBECS025363	sp|Q9AT54|SCGT_TOBAC	52.2	471	4.84e-172	491	96.9
GWHPBECS025365	sp|Q9AT54|SCGT_TOBAC	52.2	471	4.84e-172	491	96.9
GWHPBECS025367	sp|Q9AT54|SCGT_TOBAC	51.0	471	9.70e-162	464	96.7
GWHPBECS025372	sp|Q6QDB6|U73B6_RHOSK	40.8	478	5.68e-121	357	98.2
GWHPBECS025373	sp|Q6QDB6|U73B6_RHOSK	55.4	451	6.53e-186	526	92.7
GWHPBECS025600	sp|Q9STG9|ASE2_ARATH	82.6	488	2.21e-290	798	85.3
GWHPBECS025601	sp|Q9STG9|ASE2_ARATH	79.3	507	3.00e-288	792	91.0
GWHPBECS025639	sp|A0A193AU77|GGT24_PUNGR	50.9	462	1.31e-165	475	96.9
GWHPBECS025696	sp|Q7KWM5|ALG2_DICDI	45.5	411	3.15e-115	341	94.9
GWHPBECS025697	sp|Q9H553|ALG2_HUMAN	49.3	146	7.46e-43	145	88.0
GWHPBECS025711	sp|Q9AR73|HQGT_RAUSE	44.8	467	3.30e-118	353	96.4
GWHPBECS025754	sp|Q8W486|OFUT1_ARATH	61.1	452	1.82e-192	543	88.9
GWHPBECS025951	sp|Q9LN62|RRA3_ARATH	72.2	435	3.00e-220	609	99.8
GWHPBECS025958	sp|Q40287|UFOG5_MANES	48.7	470	3.78e-160	461	99.2
GWHPBECS025959	sp|Q40287|UFOG5_MANES	44.8	241	1.55e-65	210	91.6
GWHPBECS025961	sp|Q40287|UFOG5_MANES	50.4	470	4.12e-167	478	99.2
GWHPBECS025962	sp|Q40287|UFOG5_MANES	44.2	362	4.80e-97	295	96.5
GWHPBECS025966	sp|Q40287|UFOG5_MANES	50.3	471	7.41e-163	468	99.2
GWHPBECS026005	sp|Q40287|UFOG5_MANES	50.6	470	1.79e-168	482	99.2
GWHPBECS026006	sp|Q40287|UFOG5_MANES	48.2	361	4.42e-124	365	96.5
GWHPBECS026007	sp|Q40287|UFOG5_MANES	50.4	470	5.47e-170	486	99.2
GWHPBECS026008	sp|Q9LNI1|U72B3_ARATH	39.1	69	1.39e-08	48.1	85.2
GWHPBECS026009	sp|Q40287|UFOG5_MANES	48.3	468	2.23e-157	454	97.1
GWHPBECS026010	sp|Q40287|UFOG5_MANES	48.1	468	7.25e-156	450	97.1
GWHPBECS026013	sp|Q40287|UFOG5_MANES	46.8	470	8.10e-152	439	97.2
GWHPBECS026014	sp|Q40287|UFOG5_MANES	50.2	468	1.27e-161	465	94.3
GWHPBECS026039	sp|Q40287|UFOG5_MANES	45.2	465	3.05e-135	395	97.6
GWHPBECS026050	sp|Q9LN68|GATL1_ARATH	77.1	323	3.40e-186	516	92.4
GWHPBECS026182	sp|Q54NU9|TPSB_DICDI	29.3	266	1.29e-19	89.0	69.5
GWHPBECS026242	sp|Q9C9Q5|RRA2_ARATH	63.7	256	6.16e-110	325	68.9
GWHPBECS026427	sp|Q9LTA3|U91C1_ARATH	46.8	263	1.38e-75	234	97.9
GWHPBECS026428	sp|Q66PF2|URT1_FRAAN	43.0	467	2.97e-124	369	97.2
GWHPBECS026429	sp|Q66PF2|URT1_FRAAN	52.8	468	5.30e-170	485	97.5
GWHPBECS026430	sp|Q9LTA3|U91C1_ARATH	38.8	417	1.15e-88	271	91.3
GWHPBECS026431	sp|Q9LTA3|U91C1_ARATH	56.5	432	2.86e-173	491	99.3
GWHPBECS026432	sp|D4Q9Z5|SGT3_SOYBN	48.4	161	1.07e-41	148	53.0
GWHPBECS026433	sp|Q9LTA3|U91C1_ARATH	38.7	465	2.37e-103	311	95.9
GWHPBECS026434	sp|Q66PF2|URT1_FRAAN	42.8	467	6.13e-121	360	97.2
GWHPBECS026435	sp|Q66PF2|URT1_FRAAN	54.7	384	5.72e-143	413	98.7
GWHPBECS026436	sp|Q9LTA3|U91C1_ARATH	54.8	465	5.54e-179	508	97.7
GWHPBECS026437	sp|Q66PF2|URT1_FRAAN	53.5	217	7.66e-77	237	97.3
GWHPBECS026438	sp|Q9LTA3|U91C1_ARATH	51.1	456	1.04e-162	466	97.0
GWHPBECS026439	sp|Q66PF2|URT1_FRAAN	43.7	465	1.29e-126	374	98.3
GWHPBECS026440	sp|Q66PF2|URT1_FRAAN	44.4	468	4.82e-120	356	97.1
GWHPBECS026441	sp|Q9LTA3|U91C1_ARATH	50.9	456	4.80e-161	462	97.0
GWHPBECS026442	sp|Q66PF2|URT1_FRAAN	44.3	424	2.25e-115	343	97.5
GWHPBECS026447	sp|Q66PF2|URT1_FRAAN	49.0	465	6.91e-159	457	96.8
GWHPBECS026448	sp|Q9LTA3|U91C1_ARATH	48.9	462	1.24e-162	466	97.3
GWHPBECS026452	sp|Q9LTA3|U91C1_ARATH	48.7	462	3.53e-162	465	97.3
GWHPBECS026453	sp|Q66PF2|URT1_FRAAN	49.2	465	1.21e-159	459	96.8
GWHPBECS026456	sp|Q66PF2|URT1_FRAAN	43.2	465	2.29e-125	371	97.6
GWHPBECS026457	sp|Q9LTA3|U91C1_ARATH	41.5	458	1.19e-120	357	98.3
GWHPBECS026460	sp|Q9LTA3|U91C1_ARATH	51.7	439	1.38e-156	452	87.1
GWHPBECS026461	sp|Q9LTA3|U91C1_ARATH	50.9	456	5.44e-160	459	99.1
GWHPBECS026462	sp|Q66PF2|URT1_FRAAN	44.5	472	1.45e-128	377	96.8
GWHPBECS026463	sp|Q66PF2|URT1_FRAAN	38.9	465	1.59e-103	314	96.0
GWHPBECS026464	sp|Q9LTA3|U91C1_ARATH	51.5	456	1.69e-166	476	97.0
GWHPBECS026466	sp|Q9LTA3|U91C1_ARATH	54.8	465	9.67e-180	509	97.7
GWHPBECS026467	sp|D4Q9Z5|SGT3_SOYBN	29.4	235	7.88e-21	89.4	85.0
GWHPBECS026493	sp|Q66PF2|URT1_FRAAN	52.4	462	5.40e-173	493	94.6
GWHPBECS026555	sp|Q66PF2|URT1_FRAAN	40.7	305	6.00e-64	209	81.4
GWHPBECS026575	sp|F8WKW1|UGT2_GARJA	45.5	462	5.53e-130	384	70.4
GWHPBECS026582	sp|Q9LN68|GATL1_ARATH	77.6	330	4.67e-188	520	96.1
GWHPBECS026588	sp|F8WKW1|UGT2_GARJA	65.3	484	4.17e-239	661	99.2
GWHPBECS026589	sp|F8WKW1|UGT2_GARJA	66.0	482	7.36e-242	668	99.0
GWHPBECS026591	sp|F8WKW1|UGT2_GARJA	65.9	458	8.16e-232	644	90.7
GWHPBECS026592	sp|F8WKW1|UGT2_GARJA	65.8	482	1.04e-241	668	99.0
GWHPBECS026596	sp|F8WKW1|UGT2_GARJA	56.0	318	2.17e-121	357	82.0
GWHPBECS026643	sp|Q9FXA7|RGXT3_ARATH	22.6	279	3.65e-07	50.1	66.5
GWHPBECS026810	sp|O22183|U84B2_ARATH	47.4	456	2.14e-136	398	96.4
GWHPBECS026890	sp|Q4V398|RRT1_ARATH	74.0	470	4.23e-259	715	87.5
GWHPBECS026893	sp|Q8GZ81|OFT27_ARATH	63.2	684	8.70e-298	826	99.1
GWHPBECS026971	sp|Q9FX21|STT3B_ARATH	87.3	719	0.0	1260	96.6
GWHPBECS027025	sp|Q5I0K7|ALG13_RAT	42.3	163	9.05e-38	126	91.1
GWHPBECS027045	sp|Q6DBG8|ARAD1_ARATH	33.8	429	5.39e-76	244	87.4
GWHPBECS027082	sp|Q94K98|Y1720_ARATH	35.2	324	8.49e-57	195	70.6
GWHPBECS027152	sp|Q4V398|RRT1_ARATH	73.5	514	5.50e-287	785	99.6
GWHPBECS027248	sp|Q8VXZ5|XG113_ARATH	78.8	542	0.0	936	89.0
GWHPBECS027409	sp|Q9FX32|SUS6_ARATH	36.0	211	9.27e-27	105	64.8
GWHPBECS027435	sp|C4B4E5|ATG26_GLOLA	43.9	41	6.66e-06	47.4	8.0
GWHPBECS027441	sp|Q8NJS1|ATG26_LEPMC	34.7	72	3.71e-06	48.1	13.7
GWHPBECS027494	sp|E3W9M3|AA7GT_DELGR	44.1	220	4.63e-54	194	26.2
GWHPBECS027565	sp|Q9LMI0|TPS7_ARATH	61.1	126	2.11e-43	154	53.9
GWHPBECS027571	sp|Q5XEZ1|B3GT9_ARATH	48.3	346	4.55e-95	280	100
GWHPBECS027689	sp|Q9LJK1|FUT11_ARATH	62.2	495	4.07e-213	598	90.9
GWHPBECS027725	sp|E3W9M2|AA5GT_DIACA	40.7	403	1.48e-94	291	98.3
GWHPBECS027728	sp|E3W9M2|AA5GT_DIACA	39.8	405	2.86e-91	282	98.3
GWHPBECS027729	sp|E3W9M3|AA7GT_DELGR	41.8	481	3.70e-126	377	85.3
GWHPBECS027730	sp|E3W9M3|AA7GT_DELGR	41.8	481	3.70e-126	377	85.3
GWHPBECS027747	sp|E3W9M3|AA7GT_DELGR	53.5	376	4.83e-146	426	76.3
GWHPBECS028000	sp|Q9AT54|SCGT_TOBAC	44.4	459	4.68e-126	371	98.3
GWHPBECS028055	sp|P0DO58|F3GT1_RHODL	48.4	448	3.86e-139	405	97.1
GWHPBECS028070	sp|A6Q3Y5|TGT_NITSB	27.1	340	1.02e-38	141	82.8
GWHPBECS028110	sp|Q9SKA3|MCTP6_ARATH	64.9	1033	0.0	1308	100
GWHPBECS028153	sp|F4JLK2|SPSA4_ARATH	68.1	1064	0.0	1409	99.9
GWHPBECS028155	sp|Q9STG9|ASE2_ARATH	73.9	564	2.72e-286	788	97.5
GWHPBECS028168	sp|O22183|U84B2_ARATH	41.2	243	2.44e-47	162	85.3
GWHPBECS028206	sp|Q8RY00|SIA2_ARATH	51.9	285	8.05e-88	264	96.2
GWHPBECS028231	sp|Q0WQD2|GAUT3_ARATH	68.4	617	3.12e-306	846	94.4
GWHPBECS028272	sp|Q94K98|Y1720_ARATH	41.7	403	1.03e-96	306	64.1
GWHPBECS028295	sp|P93394|UPP_TOBAC	59.6	136	3.21e-45	149	47.8
GWHPBECS028336	sp|Q949U4|OFT16_ARATH	62.6	596	1.14e-257	717	96.6
GWHPBECS028344	sp|F8WKW8|UGT9_GARJA	50.1	443	2.51e-141	410	93.5
GWHPBECS028532	sp|Q9ZT82|CALSC_ARATH	65.8	219	2.13e-97	309	95.2
GWHPBECS028556	sp|Q9C9Q5|RRA2_ARATH	49.6	256	4.79e-75	233	67.8
GWHPBECS028559	sp|Q9LM93|DPM1_ARATH	87.8	237	4.46e-155	429	96.0
GWHPBECS028562	sp|Q500W7|PIGM_ARATH	70.4	433	1.04e-222	617	98.0
GWHPBECS028583	sp|G5DAC6|XTH1_DIOKA	70.6	286	1.65e-147	413	98.6
GWHPBECS028584	sp|G5DAC6|XTH1_DIOKA	72.0	275	3.44e-146	410	93.9
GWHPBECS028585	sp|G5DAC6|XTH1_DIOKA	68.5	286	9.81e-139	391	98.6
GWHPBECS028588	sp|G5DAC6|XTH1_DIOKA	72.0	275	4.70e-146	410	94.2
GWHPBECS028589	sp|A0A067YMX8|XTH8_DIOKA	75.9	54	2.79e-21	84.3	45.4
GWHPBECS028590	sp|G5DAC6|XTH1_DIOKA	70.6	282	6.67e-146	409	96.6
GWHPBECS028593	sp|G5DAC6|XTH1_DIOKA	72.4	275	1.20e-146	411	93.9
GWHPBECS028594	sp|G5DAC6|XTH1_DIOKA	77.4	212	3.62e-124	353	80.3
GWHPBECS028595	sp|G5DAC6|XTH1_DIOKA	72.0	275	9.84e-146	409	93.9
GWHPBECS028596	sp|G5DAC6|XTH1_DIOKA	72.4	275	1.20e-146	411	93.9
GWHPBECS028597	sp|G5DAC6|XTH1_DIOKA	70.0	280	2.51e-145	408	95.5
GWHPBECS028598	sp|G5DAC6|XTH1_DIOKA	70.0	280	2.51e-145	408	95.5
GWHPBECS028601	sp|G5DAC6|XTH1_DIOKA	70.4	280	9.84e-146	409	94.5
GWHPBECS028730	sp|Q08654|TRPGD_THEMA	33.6	137	1.02e-15	77.4	31.1
GWHPBECS028731	sp|Q08654|TRPGD_THEMA	31.1	177	1.58e-16	80.1	38.7
GWHPBECS028930	sp|O80505|ALG8_ARATH	67.5	510	7.22e-257	709	95.1
GWHPBECS029090	sp|O22183|U84B2_ARATH	45.8	448	5.56e-126	371	97.2
GWHPBECS029109	sp|Q4V398|RRT1_ARATH	71.0	100	6.05e-43	145	87.7
GWHPBECS029122	sp|O22183|U84B2_ARATH	45.1	448	4.07e-123	364	97.2
GWHPBECS029124	sp|O22182|U84B1_ARATH	44.9	465	1.99e-125	370	99.6
GWHPBECS029214	sp|G5DAC7|XTH2_DIOKA	58.6	249	3.17e-112	324	85.5
GWHPBECS029273	sp|Q9ZT82|CALSC_ARATH	64.8	213	2.09e-83	268	99.5
GWHPBECS029301	sp|Q9ZQB9|CSLCC_ARATH	76.6	710	0.0	1065	99.7
GWHPBECS029363	sp|Q94K98|Y1720_ARATH	33.9	395	1.51e-67	221	94.4
GWHPBECS029411	sp|Q564G7|GMGT1_CYATE	59.4	441	1.61e-199	558	96.9
GWHPBECS029414	sp|Q9SZG1|GT6_ARATH	50.5	370	1.44e-130	380	82.4
GWHPBECS029415	sp|Q564G7|GMGT1_CYATE	50.6	348	1.17e-131	382	91.1
GWHPBECS029416	sp|Q564G7|GMGT1_CYATE	56.0	434	2.19e-177	501	97.9
GWHPBECS029418	sp|Q9SZG1|GT6_ARATH	48.6	418	4.92e-140	404	98.2
GWHPBECS029419	sp|Q9SZG1|GT6_ARATH	48.3	418	1.02e-136	397	91.6
GWHPBECS029420	sp|Q9SZG1|GT6_ARATH	50.7	420	2.86e-146	421	94.7
GWHPBECS029421	sp|Q9SZG1|GT6_ARATH	47.7	417	1.94e-134	390	95.6
GWHPBECS029424	sp|Q9SZG1|GT6_ARATH	61.2	366	2.28e-175	496	82.4
GWHPBECS029427	sp|Q9SZG1|GT6_ARATH	55.9	372	1.25e-151	436	83.9
GWHPBECS029430	sp|Q9SZG1|GT6_ARATH	55.9	372	3.34e-151	435	82.4
GWHPBECS029433	sp|Q9SZG1|GT6_ARATH	55.9	372	3.55e-151	434	83.9
GWHPBECS029556	sp|P31166|APT1_ARATH	83.6	183	7.99e-106	301	100
GWHPBECS029563	sp|P31166|APT1_ARATH	83.6	183	7.99e-106	301	100
GWHPBECS029806	sp|Q9MB73|LGT_CITUN	54.1	477	1.85e-183	521	99.0
GWHPBECS029808	sp|Q9MB73|LGT_CITUN	54.7	477	5.27e-183	520	99.0
GWHPBECS029810	sp|O22183|U84B2_ARATH	46.7	460	2.41e-134	393	95.8
GWHPBECS029816	sp|Q9MB73|LGT_CITUN	42.0	474	2.85e-125	373	95.4
GWHPBECS029821	sp|O22182|U84B1_ARATH	43.4	468	5.27e-118	352	99.8
GWHPBECS029822	sp|O22182|U84B1_ARATH	44.0	473	8.95e-124	367	98.1
GWHPBECS029823	sp|Q9MB73|LGT_CITUN	42.9	466	2.69e-121	362	95.1
GWHPBECS029833	sp|A0A193AU77|GGT24_PUNGR	50.1	439	3.70e-149	433	95.8
GWHPBECS029880	sp|A0AAW1HA02|CSL1_SAPOF	39.9	701	8.20e-180	525	95.4
GWHPBECS029881	sp|A0AAW1HA02|CSL1_SAPOF	41.0	785	6.09e-206	598	93.8
GWHPBECS029884	sp|A0AAW1HA02|CSL1_SAPOF	45.8	703	7.45e-222	637	89.9
GWHPBECS029885	sp|A0AAW1HA02|CSL1_SAPOF	46.5	701	6.54e-223	649	67.9
GWHPBECS029940	sp|U3U992|UGT8_CATRO	53.4	485	4.04e-176	502	95.0
GWHPBECS029941	sp|U3U992|UGT8_CATRO	54.7	486	3.53e-189	536	94.5
GWHPBECS029942	sp|U3U992|UGT8_CATRO	52.6	437	8.91e-162	463	97.2
GWHPBECS029977	sp|Q9MA87|OFT23_ARATH	58.5	347	4.40e-131	379	100
GWHPBECS030111	sp|F8WKW1|UGT2_GARJA	62.8	478	5.37e-231	640	99.2
GWHPBECS030199	sp|Q54RP0|AGTA_DICDI	33.3	87	4.50e-08	52.8	26.7
GWHPBECS030221	sp|Q9LFQ0|GT14B_ARATH	64.3	431	4.64e-193	540	96.0
GWHPBECS030272	sp|B9SLR1|Y231_RICCO	35.2	531	5.05e-98	306	91.9
GWHPBECS030282	sp|P52887|ALG8_CAEEL	28.6	182	2.01e-17	80.1	61.7
GWHPBECS030301	sp|Q0WVX5|SSY4_ARATH	41.9	539	1.16e-134	419	80.6
GWHPBECS030322	sp|Q93ZX7|GAUT4_ARATH	55.8	457	1.06e-161	471	73.1
GWHPBECS030361	sp|O64761|PIGC_ARATH	72.0	300	1.62e-141	399	98.7
GWHPBECS030390	sp|Q9Y169|EXT2_DROME	30.9	236	1.89e-22	96.7	69.9
GWHPBECS030402	sp|Q555Q9|GLGB_DICDI	29.1	223	1.17e-14	76.3	27.8
GWHPBECS030477	sp|Q9FLD7|GT14A_ARATH	42.9	357	3.38e-90	278	85.0
GWHPBECS030583	sp|G5DAC6|XTH1_DIOKA	68.8	266	1.17e-135	382	95.1
GWHPBECS030596	sp|G5DAC6|XTH1_DIOKA	64.3	258	9.51e-124	353	92.1
GWHPBECS030858	sp|Q94A15|APTG1_ARATH	65.5	505	1.81e-249	692	92.2
GWHPBECS030922	sp|G5DAC6|XTH1_DIOKA	64.1	276	6.90e-128	363	90.9
GWHPBECS030933	sp|Q9SM44|MGDG_SPIOL	72.6	526	1.63e-271	747	99.4
GWHPBECS031011	sp|Q84JA6|CESA4_ARATH	78.7	403	7.97e-199	575	99.2
GWHPBECS031027	sp|G5DAC7|XTH2_DIOKA	56.0	257	1.20e-109	318	87.9
GWHPBECS031110	sp|Q3B724|CALS5_ARATH	71.1	1916	0.0	2709	99.7
GWHPBECS031112	sp|Q8VYB2|UKL3_ARATH	44.5	238	4.18e-43	148	93.1
GWHPBECS031278	sp|O22060|SPSA1_CITUN	79.5	1066	0.0	1701	99.9
GWHPBECS031281	sp|Q3E9A4|GLYT5_ARATH	50.9	438	1.61e-151	437	87.4
GWHPBECS031286	sp|Q9LFP0|APT5_ARATH	80.1	186	5.20e-103	293	98.9
GWHPBECS031482	sp|Q9MA87|OFT23_ARATH	67.4	387	4.13e-179	506	86.2
GWHPBECS031485	sp|P93394|UPP_TOBAC	65.8	79	3.50e-28	107	20.7
GWHPBECS031499	sp|A2Y0X2|CESA1_ORYSI	84.2	1093	0.0	1877	100
GWHPBECS031500	sp|A2Y0X2|CESA1_ORYSI	87.8	196	7.97e-116	361	47.1
GWHPBECS031506	sp|P13708|SUS_SOYBN	76.3	659	0.0	1026	96.9
GWHPBECS031689	sp|Q9FFN2|GLYT3_ARATH	44.8	375	2.69e-107	331	60.4
GWHPBECS031728	sp|Q4P9K9|CHS8_MYCMD	31.8	538	6.39e-65	242	33.9
GWHPBECS031773	sp|Q9SFC4|OFT24_ARATH	52.3	434	6.24e-162	470	83.6
GWHPBECS031774	sp|Q9SFC4|OFT24_ARATH	53.0	434	1.20e-164	477	83.6
GWHPBECS031879	sp|Q9LXV0|U92A1_ARATH	44.1	490	3.04e-145	424	95.1
GWHPBECS031886	sp|Q8W486|OFUT1_ARATH	75.3	454	1.65e-263	728	81.9
GWHPBECS031891	sp|Q8W486|OFUT1_ARATH	72.1	494	1.34e-270	747	83.9
GWHPBECS031990	sp|Q9ASW1|B3GTG_ARATH	34.8	256	5.94e-31	121	73.0
GWHPBECS032010	sp|Q9ZQ95|U73C6_ARATH	32.2	90	1.38e-07	48.5	50.3
GWHPBECS032106	sp|Q8VXZ5|XG113_ARATH	70.8	654	0.0	969	98.7
GWHPBECS032199	sp|Q84JA6|CESA4_ARATH	56.9	51	1.26e-12	58.2	98.1
GWHPBECS032210	sp|Q9MA87|OFT23_ARATH	56.0	348	5.71e-124	360	100
GWHPBECS032239	sp|Q9FWA4|GAUT9_ARATH	70.1	565	8.29e-289	793	100
GWHPBECS032263	sp|Q40287|UFOG5_MANES	42.7	466	1.05e-123	367	98.0
GWHPBECS032264	sp|Q9M156|U72B1_ARATH	44.1	467	1.86e-125	371	98.0
GWHPBECS032265	sp|Q9M156|U72B1_ARATH	43.5	467	7.72e-128	377	97.8
GWHPBECS032266	sp|Q9AR73|HQGT_RAUSE	42.0	469	1.53e-122	364	98.5
GWHPBECS032268	sp|Q40287|UFOG5_MANES	43.3	476	2.04e-124	369	98.9
GWHPBECS032270	sp|Q40287|UFOG5_MANES	43.3	476	2.04e-124	369	98.9
GWHPBECS032271	sp|Q9LVR1|U72E2_ARATH	38.8	201	1.25e-39	139	95.6
GWHPBECS032327	sp|O48946|CESA1_ARATH	82.4	239	4.54e-135	404	99.6
GWHPBECS032486	sp|Q9MA87|OFT23_ARATH	58.7	387	1.17e-145	420	88.1
GWHPBECS032589	sp|Q84JA6|CESA4_ARATH	77.6	852	0.0	1307	91.9
GWHPBECS032863	sp|Q9LV16|B3GTJ_ARATH	67.8	677	0.0	915	99.9
GWHPBECS032946	sp|Q9LXV0|U92A1_ARATH	48.8	490	1.12e-164	473	95.8
GWHPBECS033047	sp|F4HZC3|GUX5_ARATH	46.8	470	3.70e-135	398	94.0
GWHPBECS033048	sp|F4HZC3|GUX5_ARATH	49.7	521	4.95e-181	520	88.7
GWHPBECS033068	sp|Q9LRA7|TPS9_ARATH	49.2	329	1.12e-96	299	99.6
GWHPBECS033157	sp|O64761|PIGC_ARATH	73.8	290	1.14e-141	400	95.4
GWHPBECS033171	sp|Q9MA87|OFT23_ARATH	59.4	340	4.15e-133	386	81.6
GWHPBECS033380	sp|Q8L707|IRX14_ARATH	63.8	470	2.13e-206	581	91.4
GWHPBECS033394	sp|Q9SI61|ASE1_ARATH	73.7	570	3.99e-287	790	97.5
GWHPBECS033439	sp|Q9MA87|OFT23_ARATH	56.4	376	7.93e-133	384	97.3
GWHPBECS033547	sp|Q9FFN2|GLYT3_ARATH	42.3	248	6.77e-57	196	48.3
GWHPBECS033550	sp|Q9FFN2|GLYT3_ARATH	44.7	374	6.56e-106	328	58.6
GWHPBECS033579	sp|Q5M868|GBA2_RAT	40.2	841	4.11e-190	570	87.2
GWHPBECS033684	sp|Q851L8|CESA5_ORYSJ	84.5	1095	0.0	1925	100
GWHPBECS033758	sp|O22807|GALS1_ARATH	66.5	498	7.75e-249	686	99.6
GWHPBECS033789	sp|Q9SZL9|CSLD4_ARATH	83.2	1108	0.0	1912	98.0
GWHPBECS033810	sp|Q0WQD2|GAUT3_ARATH	63.7	677	9.16e-309	854	97.5
GWHPBECS033823	sp|Q9XGM8|MGAT1_ARATH	72.3	285	7.18e-145	412	99.7
GWHPBECS033828	sp|Q94K98|Y1720_ARATH	35.3	510	9.67e-98	306	88.4
GWHPBECS033855	sp|Q94K98|Y1720_ARATH	39.4	414	1.39e-94	298	72.8
GWHPBECS033869	sp|F4HSU3|OFUT6_ARATH	60.6	584	1.10e-241	675	100
GWHPBECS033885	sp|Q9FF17|ALG6_ARATH	63.9	526	8.80e-241	669	98.3
GWHPBECS033906	sp|O81007|GT7_ARATH	57.8	419	1.60e-185	522	96.7
GWHPBECS033962	sp|Q6P5E4|UGGG1_MOUSE	37.2	1356	8.40e-257	776	97.1
GWHPBECS034023	sp|Q7SYK1|TGT_DANRE	53.3	377	3.55e-151	432	88.6
GWHPBECS034039	sp|Q9C9B0|U89B1_ARATH	54.7	453	2.61e-169	483	96.5
GWHPBECS034049	sp|G3FIN8|UGTK4_MANES	61.6	477	3.51e-232	644	99.2
GWHPBECS034091	sp|Q54NU9|TPSB_DICDI	28.5	288	1.01e-20	92.4	74.3
GWHPBECS034139	sp|Q9VLQ1|ALG5_DROME	44.1	211	6.65e-47	157	85.1
GWHPBECS034290	sp|Q08654|TRPGD_THEMA	32.5	151	2.23e-15	77.4	25.8
GWHPBECS034414	sp|D3UAG7|U88F3_PYRCO	48.6	457	1.13e-138	404	99.1
GWHPBECS034444	sp|Q9LSB1|GUX1_ARATH	62.1	659	2.09e-303	838	99.5
GWHPBECS034521	sp|O48947|CESA2_ARATH	74.1	1099	0.0	1712	99.6
GWHPBECS034592	sp|F8WKW1|UGT2_GARJA	67.8	482	1.21e-245	678	99.0
GWHPBECS034593	sp|F8WKW1|UGT2_GARJA	64.5	482	1.34e-233	647	98.8
GWHPBECS034698	sp|Q65XS5|BC10_ORYSJ	37.2	309	7.90e-52	177	64.5
GWHPBECS034731	sp|A0A2R6QXF8|F3GGT_ACTCC	52.3	457	1.04e-175	498	99.8
GWHPBECS034752	sp|Q0I3I0|GLGA_HISS1	32.1	112	8.08e-11	56.6	78.8
GWHPBECS034788	sp|Q8RY00|SIA2_ARATH	76.9	438	2.41e-256	701	99.5
GWHPBECS034857	sp|Q9FMW3|OFT37_ARATH	70.4	439	4.46e-227	637	76.3
GWHPBECS034880	sp|Q9FMW3|OFT37_ARATH	51.9	285	4.28e-79	267	22.1
GWHPBECS034893	sp|A0AAW1HA02|CSL1_SAPOF	44.7	712	1.07e-204	592	96.2
GWHPBECS034922	sp|Q9FKS0|UKL1_ARATH	84.7	476	7.88e-296	804	100
GWHPBECS034926	sp|Q9FXA7|RGXT3_ARATH	24.1	203	5.58e-07	48.5	64.5
GWHPBECS034929	sp|Q6DBG8|ARAD1_ARATH	41.2	379	3.86e-90	278	87.4
GWHPBECS035000	sp|Q940Q8|IX10L_ARATH	89.5	408	3.05e-284	770	97.6
GWHPBECS035079	sp|G5DAC7|XTH2_DIOKA	75.8	285	3.29e-176	486	97.3
GWHPBECS035080	sp|Q8GZD5|XTH34_POPPZ	72.7	293	3.34e-169	469	99.7
GWHPBECS035131	sp|Q6QDB6|U73B6_RHOSK	51.1	487	2.12e-172	492	97.8
GWHPBECS035231	sp|Q9FFN2|GLYT3_ARATH	60.7	211	1.95e-92	278	100
GWHPBECS035482	sp|Q9S9U0|CALSB_ARATH	77.3	66	5.52e-30	110	55.9
GWHPBECS035516	sp|Q9LRA7|TPS9_ARATH	45.2	434	5.30e-117	357	95.7
GWHPBECS035617	sp|P51094|UFOG_VITVI	49.7	447	2.20e-158	454	97.0
GWHPBECS035622	sp|Q54NU9|TPSB_DICDI	26.4	261	1.73e-13	70.5	61.5
GWHPBECS035624	sp|Q9SUW1|GT19_ARATH	70.5	404	3.90e-222	615	89.4
GWHPBECS035629	sp|Q9SUW1|GT19_ARATH	70.8	404	7.60e-223	617	88.8
GWHPBECS035638	sp|Q9SUW2|APT3_ARATH	66.0	212	6.56e-94	271	96.4
GWHPBECS035708	sp|Q9AT54|SCGT_TOBAC	32.4	287	9.34e-40	149	52.8
GWHPBECS035709	sp|Q9LXV0|U92A1_ARATH	26.7	550	1.46e-47	170	98.6
GWHPBECS035720	sp|Q8VZP6|GUX8_ARATH	66.9	438	5.27e-222	619	88.8
GWHPBECS035726	sp|F4JMI5|GUX7_ARATH	63.6	445	5.18e-207	580	91.7
GWHPBECS035727	sp|Q9AV71|CESA7_ORYSJ	69.6	135	3.02e-55	185	78.5
GWHPBECS035761	sp|Q8LPF8|OFT29_ARATH	74.0	473	1.37e-258	716	85.7
GWHPBECS035793	sp|Q06801|DPEP_SOLTU	70.3	185	1.11e-93	283	90.2
GWHPBECS035794	sp|Q06801|DPEP_SOLTU	71.0	155	4.12e-79	247	62.5
GWHPBECS035843	sp|Q4P9K9|CHS8_MYCMD	30.6	617	9.22e-68	251	37.7
GWHPBECS036092	sp|Q9M146|MGP4_ARATH	64.7	207	1.77e-84	256	67.6
GWHPBECS036096	sp|Q9R152|PARP1_CRIGR	34.5	264	2.57e-25	109	40.9
GWHPBECS036142	sp|Q94F27|B3GTB_ARATH	65.4	350	4.79e-166	465	100
GWHPBECS036163	sp|E3W9M3|AA7GT_DELGR	41.2	337	1.59e-74	236	89.5
GWHPBECS036195	sp|Q9AR73|HQGT_RAUSE	60.2	495	3.52e-213	596	98.4
GWHPBECS036196	sp|Q9AR73|HQGT_RAUSE	57.2	516	6.21e-199	561	97.0
GWHPBECS036201	sp|Q9FN26|U79B6_ARATH	40.1	372	2.63e-97	294	99.7
GWHPBECS036497	sp|Q84TJ7|MCTP7_ARATH	69.8	1022	0.0	1425	100
GWHPBECS036516	sp|Q06801|DPEP_SOLTU	67.8	568	1.53e-288	795	96.1
GWHPBECS036523	sp|Q9SSE8|GLYT1_ARATH	39.5	253	1.28e-59	194	98.4
GWHPBECS036555	sp|Q6DBG8|ARAD1_ARATH	35.4	189	2.58e-28	112	47.8
GWHPBECS036572	sp|Q651X6|CSLE6_ORYSJ	54.3	725	3.07e-286	800	98.6
GWHPBECS036573	sp|Q651X6|CSLE6_ORYSJ	56.4	550	1.99e-233	661	92.7
GWHPBECS036574	sp|Q651X6|CSLE6_ORYSJ	54.9	725	3.90e-300	836	98.8
GWHPBECS036575	sp|Q651X6|CSLE6_ORYSJ	54.8	724	9.63e-290	809	98.7
GWHPBECS036576	sp|Q651X6|CSLE6_ORYSJ	53.3	724	2.54e-276	775	98.7
GWHPBECS036624	sp|Q651X6|CSLE6_ORYSJ	53.8	725	1.55e-287	807	90.5
GWHPBECS036889	sp|P93394|UPP_TOBAC	83.3	221	4.89e-136	382	75.2
GWHPBECS036928	sp|Q7Y030|OFT31_ARATH	74.7	505	3.65e-280	768	98.4
GWHPBECS037039	sp|Q7XJ98|MUR3_ARATH	55.7	442	1.11e-179	514	97.5
GWHPBECS037040	sp|Q8H038|KATAM_ORYSJ	50.1	455	3.56e-168	486	86.8
GWHPBECS037043	sp|Q8H038|KATAM_ORYSJ	52.5	444	8.36e-173	499	81.0
GWHPBECS037044	sp|Q7XJ98|MUR3_ARATH	49.4	474	1.20e-167	486	88.5
GWHPBECS037045	sp|O81072|GT11_ARATH	49.4	433	4.52e-142	425	79.0
GWHPBECS037046	sp|O81072|GT11_ARATH	49.9	429	1.11e-145	432	82.4
GWHPBECS037048	sp|Q7XJ98|MUR3_ARATH	47.8	575	5.40e-179	516	99.1
GWHPBECS037049	sp|Q7XJ98|MUR3_ARATH	52.1	449	4.41e-164	476	87.8
GWHPBECS037050	sp|Q7XJ98|MUR3_ARATH	58.6	442	4.43e-192	550	79.9
GWHPBECS037051	sp|Q8H038|KATAM_ORYSJ	58.7	455	5.05e-201	570	84.7
GWHPBECS037086	sp|Q8L638|ALG10_ARATH	57.4	517	3.50e-208	585	100
GWHPBECS037095	sp|Q8L638|ALG10_ARATH	46.8	509	6.93e-146	421	100
GWHPBECS037130	sp|Q9LFQ0|GT14B_ARATH	62.0	192	1.04e-87	268	58.9
GWHPBECS037131	sp|Q8S8P3|GT14C_ARATH	68.6	118	1.37e-51	169	58.4
GWHPBECS037149	sp|Q9FLD7|GT14A_ARATH	50.0	352	1.13e-123	362	80.7
GWHPBECS037160	sp|P0CD61|GPT_DICDI	52.9	348	1.48e-110	329	77.7
GWHPBECS037188	sp|Q9FFN2|GLYT3_ARATH	46.9	356	8.05e-112	338	71.4
GWHPBECS037193	sp|Q9FFN2|GLYT3_ARATH	48.5	357	1.90e-116	353	63.5
GWHPBECS037263	sp|Q9FX32|SUS6_ARATH	37.6	346	6.63e-56	189	100
GWHPBECS037281	sp|Q9LMI0|TPS7_ARATH	65.4	156	9.02e-65	214	61.0
GWHPBECS037338	sp|Q10I20|XAT3_ORYSJ	48.0	371	3.50e-113	343	81.8
GWHPBECS037604	sp|Q9MA87|OFT23_ARATH	60.1	368	2.21e-144	416	83.4
GWHPBECS037684	sp|G5DAC6|XTH1_DIOKA	38.1	257	1.95e-56	182	84.6
GWHPBECS037874	sp|O49845|SUS2_DAUCA	69.6	46	8.80e-16	71.6	30.7
GWHPBECS038279	sp|Q941L0|CESA3_ARATH	83.4	1076	0.0	1850	100
GWHPBECS038290	sp|Q12564|CHSA_AMPQU	65.4	358	7.96e-147	439	80.4
GWHPBECS038317	sp|Q9LSB1|GUX1_ARATH	78.0	328	4.97e-196	555	83.0
GWHPBECS038323	sp|Q6DBG8|ARAD1_ARATH	24.0	321	1.27e-18	86.3	67.0
GWHPBECS038391	sp|F4KF16|OFT38_ARATH	66.9	484	1.62e-238	662	93.6
GWHPBECS038441	sp|Q9FX32|SUS6_ARATH	45.6	563	1.02e-142	436	62.2
GWHPBECS038612	sp|Q7XJ98|MUR3_ARATH	70.9	615	1.71e-316	867	99.7
GWHPBECS038628	sp|Q4P9K9|CHS8_MYCMD	31.4	541	3.06e-62	234	32.6
GWHPBECS038632	sp|Q4P9K9|CHS8_MYCMD	31.9	540	9.13e-67	248	32.8
GWHPBECS038705	sp|Q9ZVI7|GAUT7_ARATH	55.0	611	9.81e-213	605	96.2
GWHPBECS038717	sp|Q84TJ7|MCTP7_ARATH	40.7	1086	2.32e-264	768	99.5
GWHPBECS038747	sp|Q84VX0|RFS1_ARATH	72.4	210	1.25e-101	309	92.9
GWHPBECS039010	sp|Q651X6|CSLE6_ORYSJ	56.0	723	4.73e-300	839	89.7
GWHPBECS039078	sp|Q6NQ51|RRT4_ARATH	63.5	474	1.43e-223	624	91.9
GWHPBECS039128	sp|Q9LRA7|TPS9_ARATH	50.0	822	2.58e-265	751	100
GWHPBECS039178	sp|Q9ZT82|CALSC_ARATH	58.7	1371	0.0	1461	99.9
GWHPBECS039251	sp|P30924|GLGB_SOLTU	75.8	764	0.0	1212	93.2
GWHPBECS039309	sp|Q9T081|U79B3_ARATH	48.7	376	9.23e-114	337	98.3
GWHPBECS039310	sp|A0A2R6QXF8|F3GGT_ACTCC	51.0	455	7.53e-162	462	98.3
GWHPBECS039311	sp|A0A2R6QXF8|F3GGT_ACTCC	52.1	457	2.46e-168	479	98.4
GWHPBECS039312	sp|A0A2R6QXF8|F3GGT_ACTCC	51.0	455	7.53e-162	462	98.3
GWHPBECS039313	sp|A0A2R6QXF8|F3GGT_ACTCC	47.4	378	5.62e-121	355	97.5
GWHPBECS039320	sp|Q9T081|U79B3_ARATH	50.5	364	4.59e-118	347	98.6
GWHPBECS039321	sp|A0A2R6QXF8|F3GGT_ACTCC	50.2	223	1.11e-71	223	92.1
GWHPBECS039326	sp|A0A2R6QXF8|F3GGT_ACTCC	45.8	378	3.38e-110	327	97.4
GWHPBECS039371	sp|E3W9M3|AA7GT_DELGR	41.0	473	2.57e-122	365	93.2
GWHPBECS039373	sp|E3W9M3|AA7GT_DELGR	44.2	496	5.29e-140	414	85.7
GWHPBECS039374	sp|E3W9M3|AA7GT_DELGR	39.9	336	4.74e-74	235	96.9
GWHPBECS039376	sp|E3W9M3|AA7GT_DELGR	41.5	504	3.30e-120	359	99.6
GWHPBECS039377	sp|E3W9M2|AA5GT_DIACA	35.0	286	3.47e-44	155	91.2
GWHPBECS039378	sp|E3W9M3|AA7GT_DELGR	42.3	508	1.62e-125	373	99.6
GWHPBECS039382	sp|Q93XK2|STSYN_PEA	64.4	840	0.0	1151	97.3
GWHPBECS039402	sp|E3W9M3|AA7GT_DELGR	43.0	458	4.35e-125	370	99.5
GWHPBECS039403	sp|E3W9M3|AA7GT_DELGR	36.2	494	4.16e-98	302	93.0
GWHPBECS039404	sp|Q9SFU6|CALS9_ARATH	72.8	1928	0.0	2726	100
GWHPBECS039405	sp|Q9LXT9|CALS3_ARATH	78.9	1957	0.0	3023	99.5
GWHPBECS039521	sp|Q8H038|KATAM_ORYSJ	60.4	402	1.56e-179	513	89.9
GWHPBECS039522	sp|Q9S7D1|DGDG1_ARATH	84.7	59	5.54e-30	112	38.6
GWHPBECS039526	sp|Q8H038|KATAM_ORYSJ	55.6	410	4.04e-159	461	88.4
GWHPBECS039528	sp|Q8H038|KATAM_ORYSJ	59.6	225	5.69e-86	264	100
GWHPBECS039571	sp|Q9SCN0|STL2_ARATH	72.4	768	0.0	1161	100
GWHPBECS039616	sp|Q94A08|RFS2_ARATH	77.9	707	0.0	1162	100
GWHPBECS039641	sp|Q9XEE9|ALG11_ARATH	69.4	471	5.03e-242	667	99.6
GWHPBECS039749	sp|Q9FI32|MCTP2_ARATH	64.3	1083	0.0	1324	99.9
GWHPBECS039781	sp|Q9ZSK5|ZOG_PHALU	50.2	468	3.62e-162	464	99.1
GWHPBECS039786	sp|Q9ZSK5|ZOG_PHALU	51.0	465	4.44e-158	454	98.7
GWHPBECS039787	sp|Q9ZSK5|ZOG_PHALU	51.0	465	5.90e-161	461	98.7
GWHPBECS039788	sp|Q9ZSK5|ZOG_PHALU	50.1	465	3.28e-151	436	98.7
GWHPBECS039789	sp|Q9ZSK5|ZOG_PHALU	51.0	465	1.03e-161	463	98.7
GWHPBECS039792	sp|Q9ZSK5|ZOG_PHALU	51.4	465	2.56e-162	465	98.9
GWHPBECS039793	sp|Q9ZSK5|ZOG_PHALU	49.7	370	1.07e-120	356	92.6
GWHPBECS039799	sp|Q9ZSK5|ZOG_PHALU	50.8	465	1.27e-162	466	98.9
GWHPBECS039805	sp|Q9ZSK5|ZOG_PHALU	50.8	461	5.90e-161	461	98.3
GWHPBECS039806	sp|Q9ZSK5|ZOG_PHALU	43.5	464	2.78e-121	358	98.5
GWHPBECS039807	sp|Q9ZSK5|ZOG_PHALU	51.2	471	4.01e-161	462	99.4
GWHPBECS039808	sp|P56725|ZOX_PHAVU	48.2	463	8.51e-152	438	98.7
GWHPBECS039809	sp|O64733|U87A2_ARATH	43.0	442	4.68e-120	356	94.7
GWHPBECS039810	sp|P56725|ZOX_PHAVU	48.2	463	4.24e-152	439	98.7
GWHPBECS039811	sp|O64733|U87A2_ARATH	44.9	445	2.69e-134	393	95.0
GWHPBECS039817	sp|Q9ZSK5|ZOG_PHALU	47.3	455	1.62e-137	401	91.5
GWHPBECS039819	sp|Q9ZSK5|ZOG_PHALU	52.3	455	5.12e-168	480	92.0
GWHPBECS039821	sp|O64732|U87A1_ARATH	44.5	438	8.89e-129	379	90.9
GWHPBECS039953	sp|Q9C9Z9|ELD1_ARATH	72.2	514	1.17e-265	732	96.4
GWHPBECS039995	sp|E3W9M3|AA7GT_DELGR	41.4	478	4.61e-123	369	85.9
GWHPBECS040032	sp|Q9FY51|HPAT3_ARATH	75.6	360	6.64e-215	590	98.1
GWHPBECS040313	sp|Q8VZK9|CSLE1_ARATH	47.4	599	1.38e-183	535	94.6
GWHPBECS040343	sp|F4J2C8|EDA30_ARATH	58.2	607	8.50e-243	682	90.3
GWHPBECS040406	sp|O65431|GALS3_ARATH	61.7	512	5.48e-225	627	100
GWHPBECS040426	sp|O65431|GALS3_ARATH	60.4	515	7.22e-222	619	100
GWHPBECS040534	sp|Q9CA34|GT17_ARATH	64.2	388	1.12e-185	524	82.6
GWHPBECS040540	sp|E3W9M3|AA7GT_DELGR	42.7	497	1.81e-136	403	92.7
GWHPBECS040560	sp|O49323|CSLD1_ARATH	76.1	1051	0.0	1622	99.4
GWHPBECS040563	sp|Q9LUD7|CALS8_ARATH	55.3	1934	0.0	2008	97.9
GWHPBECS040566	sp|A7XDQ9|B3GTK_ARATH	61.9	693	4.26e-318	877	100
GWHPBECS040572	sp|Q9SYM4|TPS1_ARATH	70.9	966	0.0	1288	99.6
GWHPBECS040604	sp|Q08654|TRPGD_THEMA	31.1	177	5.85e-17	81.3	40.1
GWHPBECS040606	sp|Q08654|TRPGD_THEMA	31.1	177	2.10e-16	79.7	38.7
GWHPBECS040641	sp|Q7Y030|OFT31_ARATH	69.3	548	2.71e-272	750	98.6
GWHPBECS040713	sp|Q94BX4|PIGA_ARATH	64.7	434	1.51e-191	535	91.5
GWHPBECS040816	sp|Q9LHJ2|U82A1_ARATH	49.9	461	7.66e-148	427	95.8
GWHPBECS040842	sp|E3W9M3|AA7GT_DELGR	46.0	215	6.09e-59	206	29.7
GWHPBECS040920	sp|Q9FN28|U79B9_ARATH	56.9	216	3.69e-84	255	99.5
GWHPBECS040921	sp|Q43716|UFOG_PETHY	40.3	496	5.22e-121	361	99.0
GWHPBECS040946	sp|Q53UH4|DUSKY_IPONI	46.2	452	1.22e-144	419	97.9
GWHPBECS040950	sp|Q9FN26|U79B6_ARATH	51.3	232	3.23e-84	256	93.5
GWHPBECS040952	sp|Q43716|UFOG_PETHY	41.4	461	4.96e-123	365	93.7
GWHPBECS040957	sp|Q53UH4|DUSKY_IPONI	46.2	452	3.46e-144	417	97.9
GWHPBECS040978	sp|A0A2R6QXF8|F3GGT_ACTCC	47.4	456	5.12e-147	424	100
GWHPBECS041035	sp|F8WKW1|UGT2_GARJA	66.7	477	1.07e-245	678	98.3
GWHPBECS041038	sp|F8WKW1|UGT2_GARJA	67.3	474	6.52e-247	681	97.7
GWHPBECS041068	sp|Q9LRA7|TPS9_ARATH	42.5	795	4.08e-200	579	99.3
GWHPBECS041126	sp|Q9LFP3|GLYT4_ARATH	26.8	354	2.42e-26	107	88.8
GWHPBECS041157	sp|Q53UH5|DUSKY_IPOPU	49.6	454	1.39e-156	447	97.0
GWHPBECS041158	sp|Q53UH5|DUSKY_IPOPU	57.8	223	1.83e-89	270	95.7
GWHPBECS041159	sp|Q53UH5|DUSKY_IPOPU	57.0	223	3.65e-89	269	95.7
GWHPBECS041160	sp|Q53UH5|DUSKY_IPOPU	57.8	223	1.62e-90	272	95.7
GWHPBECS041166	sp|A0A2R6QXF8|F3GGT_ACTCC	51.4	453	2.34e-146	424	96.7
GWHPBECS041167	sp|A0A2R6QXF8|F3GGT_ACTCC	56.3	453	1.03e-173	494	96.8
GWHPBECS041168	sp|Q53UH5|DUSKY_IPOPU	45.9	414	3.05e-124	365	96.2
GWHPBECS041169	sp|Q53UH5|DUSKY_IPOPU	58.7	223	3.58e-92	276	95.7
GWHPBECS041170	sp|A0A2R6QXF8|F3GGT_ACTCC	35.7	451	8.25e-81	250	95.0
GWHPBECS041171	sp|Q9T080|U79B2_ARATH	59.4	160	1.88e-61	196	79.1
GWHPBECS041172	sp|Q9T080|U79B2_ARATH	57.8	161	6.21e-55	179	79.1
GWHPBECS041202	sp|A0A2R6QXF8|F3GGT_ACTCC	49.6	456	9.24e-159	452	99.7
GWHPBECS041203	sp|A0A2R6QXF8|F3GGT_ACTCC	54.7	459	5.88e-183	517	99.6
GWHPBECS041207	sp|A0A2R6QXF8|F3GGT_ACTCC	59.5	452	8.63e-200	560	98.3
GWHPBECS041208	sp|A0A2R6QXF8|F3GGT_ACTCC	48.9	378	9.42e-125	365	97.5
GWHPBECS041209	sp|A0A2R6QXF8|F3GGT_ACTCC	55.8	455	2.53e-185	522	97.5
GWHPBECS041210	sp|A0A2R6QXF8|F3GGT_ACTCC	61.1	455	3.98e-213	593	98.5
GWHPBECS041243	sp|A0A2R6QXF8|F3GGT_ACTCC	55.8	459	2.03e-188	531	99.8
GWHPBECS041244	sp|A0A2R6QXF8|F3GGT_ACTCC	55.4	460	1.65e-187	528	99.8
GWHPBECS041245	sp|A0A2R6QXF8|F3GGT_ACTCC	55.2	462	2.91e-186	525	99.8
GWHPBECS041246	sp|A0A2R6QXF8|F3GGT_ACTCC	55.2	462	2.91e-186	525	99.8
GWHPBECS041247	sp|A0A2R6QXF8|F3GGT_ACTCC	55.2	462	2.91e-186	525	99.8
GWHPBECS041248	sp|A0A2R6QXF8|F3GGT_ACTCC	49.5	457	1.93e-158	452	99.7
GWHPBECS041249	sp|A0A2R6QXF8|F3GGT_ACTCC	53.4	455	2.19e-173	493	99.1
GWHPBECS041253	sp|A0A2R6QXF8|F3GGT_ACTCC	53.9	458	5.84e-178	504	99.8
GWHPBECS041258	sp|Q9FN26|U79B6_ARATH	53.3	317	1.90e-114	337	97.5
GWHPBECS041259	sp|A0A2R6QXF8|F3GGT_ACTCC	54.6	460	2.93e-183	518	99.8
GWHPBECS041263	sp|A0A2R6QXF8|F3GGT_ACTCC	55.2	460	3.32e-187	528	99.8
GWHPBECS041265	sp|A0A2R6QXF8|F3GGT_ACTCC	50.0	258	4.24e-82	252	97.3
GWHPBECS041267	sp|A0A2R6QXF8|F3GGT_ACTCC	56.2	219	1.21e-85	258	99.0
GWHPBECS041304	sp|A0A2R6QXF8|F3GGT_ACTCC	53.6	457	1.37e-178	506	99.8
GWHPBECS041305	sp|A0A2R6QXF8|F3GGT_ACTCC	53.8	457	3.91e-178	504	99.8
GWHPBECS041332	sp|A0A2R6QXF8|F3GGT_ACTCC	53.5	460	6.36e-173	491	99.8
GWHPBECS041337	sp|A0A2R6QXF8|F3GGT_ACTCC	51.3	460	1.91e-163	466	99.8
GWHPBECS041382	sp|A0A2R6QXF8|F3GGT_ACTCC	52.7	457	8.48e-175	496	99.8
GWHPBECS041459	sp|Q9ZT82|CALSC_ARATH	63.9	1784	0.0	2226	94.6
GWHPBECS041489	sp|Q9FLD7|GT14A_ARATH	57.8	419	2.60e-168	478	99.3
GWHPBECS041598	sp|A7MAS5|75L17_MALDO	58.4	478	5.23e-183	518	98.5
GWHPBECS041606	sp|J9VNT4|CHS5_CRYN9	29.7	572	1.59e-56	213	47.0
GWHPBECS041627	sp|Q84VX0|RFS1_ARATH	44.2	616	2.50e-153	450	92.8
GWHPBECS041656	sp|Q9LE59|GAUT1_ARATH	66.3	104	1.37e-32	118	81.1
GWHPBECS041763	sp|Q42942|UMPS_TOBAC	77.6	465	2.95e-256	707	84.2
GWHPBECS041862	sp|Q9SZL9|CSLD4_ARATH	48.4	64	6.83e-17	75.1	36.5
GWHPBECS041992	sp|E3W9M3|AA7GT_DELGR	45.0	473	6.57e-132	390	89.3
GWHPBECS042000	sp|E3W9M3|AA7GT_DELGR	44.7	508	1.77e-144	423	96.4
GWHPBECS042001	sp|E3W9M3|AA7GT_DELGR	44.4	507	1.99e-139	410	95.8
GWHPBECS042033	sp|O80738|TPS10_ARATH	40.9	247	6.92e-45	166	40.2
GWHPBECS042082	sp|A8MRC7|B3GT2_ARATH	73.6	406	3.13e-233	640	99.0
GWHPBECS042162	sp|Q339N5|CSLH1_ORYSJ	49.7	751	8.16e-248	704	98.6
GWHPBECS042167	sp|Q339N5|CSLH1_ORYSJ	48.2	751	6.85e-236	674	98.6
GWHPBECS042168	sp|Q339N5|CSLH1_ORYSJ	47.7	751	4.66e-227	650	98.6
GWHPBECS042172	sp|Q339N5|CSLH1_ORYSJ	43.5	750	1.53e-191	558	98.5
GWHPBECS042173	sp|Q339N5|CSLH1_ORYSJ	49.8	749	1.18e-250	712	98.4
GWHPBECS042177	sp|O80891|CSLB4_ARATH	49.6	756	3.91e-246	704	86.5
GWHPBECS042179	sp|O80891|CSLB4_ARATH	52.1	451	2.05e-146	434	94.7
GWHPBECS042181	sp|O80891|CSLB4_ARATH	41.9	759	2.64e-182	533	98.0
GWHPBECS042185	sp|Q339N5|CSLH1_ORYSJ	46.9	665	1.84e-204	591	97.6
GWHPBECS042190	sp|Q339N5|CSLH1_ORYSJ	46.9	751	3.85e-221	635	98.6
GWHPBECS042204	sp|Q65XS5|BC10_ORYSJ	53.4	313	1.16e-114	338	78.8
GWHPBECS042212	sp|O64884|OFT20_ARATH	53.3	422	1.07e-166	482	81.6
GWHPBECS042213	sp|Q9SFC4|OFT24_ARATH	51.6	413	5.73e-149	438	76.0
GWHPBECS042214	sp|O64884|OFT20_ARATH	46.3	419	2.51e-129	381	94.5
GWHPBECS042215	sp|O64884|OFT20_ARATH	53.6	422	1.05e-164	477	82.9
GWHPBECS042223	sp|Q9SFC4|OFT24_ARATH	53.0	434	1.20e-164	477	83.6
GWHPBECS042224	sp|O64884|OFT20_ARATH	48.8	418	1.05e-139	409	94.6
GWHPBECS042260	sp|Q84VX0|RFS1_ARATH	71.4	759	0.0	1132	99.7
GWHPBECS042420	sp|F4K5W8|SUS5_ARATH	51.4	144	5.51e-37	131	99.2
GWHPBECS042449	sp|Q9LDH0|XYLT_ARATH	57.4	554	4.11e-211	594	98.5
GWHPBECS042509	sp|Q9LDH0|XYLT_ARATH	68.3	252	5.58e-117	343	92.0
GWHPBECS042661	sp|Q9SJL0|U86A1_ARATH	53.3	480	1.15e-182	518	97.5
GWHPBECS042673	sp|Q651X6|CSLE6_ORYSJ	51.3	753	6.83e-268	756	97.4
GWHPBECS042717	sp|Q8H038|KATAM_ORYSJ	55.3	400	1.72e-167	485	75.5
GWHPBECS042718	sp|Q8H038|KATAM_ORYSJ	51.6	438	5.18e-173	500	78.3
GWHPBECS042719	sp|Q8H038|KATAM_ORYSJ	51.4	455	8.12e-181	519	85.4
GWHPBECS042750	sp|Q93ZX7|GAUT4_ARATH	68.5	457	5.51e-231	652	71.2
GWHPBECS042794	sp|Q9SSE8|GLYT1_ARATH	70.7	351	7.27e-195	546	84.5
GWHPBECS042795	sp|Q9SSE8|GLYT1_ARATH	66.9	384	8.03e-196	551	80.5
GWHPBECS042807	sp|Q9VLQ1|ALG5_DROME	49.2	262	3.71e-79	243	75.3
GWHPBECS042811	sp|Q9VLQ1|ALG5_DROME	46.6	290	3.23e-80	246	85.8
