frame,time_ns,ca_rmsd_A,ligand_rmsd_A,protein_rg_A,protein_ligand_com_distance_A,protein_ligand_min_distance_A,protein_ligand_contacts_4A
0,0.0,0.0,0.0,22.479415893554688,8.381731342634765,1.9132260573091038,287
1,0.010050251256281407,0.6731931859158011,0.7057477235794067,22.462324142456055,8.631673206192632,2.0217452024130336,253
2,0.020100502512562814,0.7051638144468937,0.5958658456802368,22.46416664123535,8.693314685674112,2.135716482194965,283
3,0.03015075376884422,0.7657116943770088,0.7249438166618347,22.54072380065918,8.446463053498594,2.0134310560898943,279
4,0.04020100502512563,0.814148477098717,0.8665739297866821,22.464113235473633,8.6588043113814,2.012597183062121,280
5,0.05025125628140704,0.8204946606514569,0.8703034520149231,22.459579467773438,8.857549512182548,2.0147978469973618,290
6,0.06030150753768844,0.8642140401238407,0.7169516086578369,22.469919204711914,8.667583930555457,1.924494892407111,298
7,0.07035175879396985,0.8960205170513186,0.6113560795783997,22.49172019958496,8.706133178331626,1.9893786715252015,259
8,0.08040201005025126,0.8657632524795467,0.7925587892532349,22.577638626098633,8.74490762373491,1.994929744245398,266
9,0.09045226130653267,0.8196298455041243,0.8090161085128784,22.574312210083008,8.769377132951435,2.0290590868532483,281
10,0.10050251256281408,0.8459610173614226,0.6676172614097595,22.57367706298828,8.577494147711278,2.234398957346983,296
11,0.11055276381909548,0.8892786047204536,0.8612328767776489,22.53462028503418,8.562824088340209,1.8887682010654543,270
12,0.12060301507537688,0.8072768389714988,0.8732316493988037,22.507448196411133,8.804180388731572,2.312114255564572,264
13,0.1306532663316583,0.9295824483583615,0.9769105911254883,22.505979537963867,8.94039013043754,2.010470361307624,271
14,0.1407035175879397,0.8499787295774343,0.5930836796760559,22.459461212158203,8.354740232408533,2.2352536460458547,284
15,0.15075376884422112,0.8631075224186964,0.8204083442687988,22.452030181884766,8.583178990749843,2.148633148052289,279
16,0.16080402010050251,0.8948544266683676,0.6801044940948486,22.48697853088379,8.457088343618485,2.2191732653871177,241
17,0.1708542713567839,0.9166470215416289,0.8905987739562988,22.471548080444336,8.674145667315548,1.9224893501901894,266
18,0.18090452261306533,0.8985348167899032,0.6877421736717224,22.546215057373047,8.324459638526246,2.387292720886939,274
19,0.19095477386934673,0.9140321077126222,0.9634556770324707,22.519479751586914,8.884432009605975,2.1242253238960367,249
20,0.20100502512562815,0.9725239867813783,0.5743871927261353,22.535259246826172,8.395024518869125,1.8979836795364722,278
21,0.21105527638190955,0.9328907960501449,0.9065631628036499,22.47330093383789,8.957286115383296,1.9787542509154215,271
22,0.22110552763819097,1.1135136974305573,1.1027131080627441,22.440319061279297,8.88990917279082,2.2525582909104447,298
23,0.23115577889447236,1.0423571003870504,1.0364255905151367,22.55292510986328,8.661687865961497,1.8757412691601558,281
24,0.24120603015075376,1.0463184592684414,0.9253947138786316,22.52344512939453,8.81439328992845,1.980455942223173,300
25,0.25125628140703515,1.0842422579168631,1.0054199695587158,22.595605850219727,9.071159065893317,2.1330854304360543,250
26,0.2613065326633166,1.0205241927817064,1.3473200798034668,22.558393478393555,9.294175989611178,2.2137988214417956,285
27,0.271356783919598,0.9120093630724604,1.4031331539154053,22.530061721801758,9.016805696635162,1.9720367902806917,286
28,0.2814070351758794,0.9683375340896853,1.037109375,22.5143985748291,9.033433008232082,2.1877754901321214,271
29,0.2914572864321608,0.8988137297589412,1.0201749801635742,22.55202865600586,9.058433223958048,1.9746162663402254,277
30,0.30150753768844224,0.9285406171063427,1.6362253427505493,22.449588775634766,9.076485541336814,2.205100064973216,265
31,0.31155778894472363,0.9261208074076114,1.273621916770935,22.410633087158203,8.907446614548833,2.1635221091216095,285
32,0.32160804020100503,0.9172626817759738,1.4294434785842896,22.400285720825195,8.77814146587141,2.077559203603196,311
33,0.3316582914572864,0.9408957167018678,1.0222307443618774,22.415027618408203,8.61814402203013,2.052885595062412,286
34,0.3417085427135678,0.8674849178690538,0.8871340155601501,22.458093643188477,8.474384839531188,1.9285914222440317,297
35,0.35175879396984927,0.9352852746211603,1.2135945558547974,22.511314392089844,8.579297234922693,2.0096841937610472,277
36,0.36180904522613067,0.9201589531722122,1.3177189826965332,22.441600799560547,9.070225229044333,1.990396954987792,281
37,0.37185929648241206,0.9496739641959555,0.9391567707061768,22.500823974609375,8.914109368912305,2.179416860248766,271
38,0.38190954773869346,0.9666440093095854,1.2952158451080322,22.464759826660156,9.223756675727365,2.1002184877555496,267
39,0.3919597989949749,0.9593598277159863,0.9033677577972412,22.521560668945312,8.670396731841292,2.0072638885802627,285
40,0.4020100502512563,0.9860643253248011,1.0173702239990234,22.456382751464844,9.068133961375054,2.2857321078953556,288
41,0.4120603015075377,0.956065030384484,0.7691754102706909,22.474090576171875,8.903475598666619,2.206874124153318,319
42,0.4221105527638191,0.9367595260268606,0.8890365958213806,22.553197860717773,8.876080639889935,1.897431979840216,292
43,0.4321608040201005,0.9450323367323357,0.8557856678962708,22.53859519958496,8.621585615014132,1.9594499026945629,280
44,0.44221105527638194,1.0970693857344564,1.208510398864746,22.466909408569336,9.053419934879399,2.232297887611995,255
45,0.45226130653266333,1.1674387674669477,1.0418767929077148,22.441144943237305,8.8538718081663,2.260852158433076,295
46,0.4623115577889447,1.073610335103509,1.0984653234481812,22.432769775390625,8.958033343849989,2.028114743570253,272
47,0.4723618090452261,1.059974338422743,1.4308966398239136,22.470972061157227,9.38584149149981,2.255868609443565,281
48,0.4824120603015075,1.0594621384639566,1.0628057718276978,22.54766082763672,9.134794062133615,2.0613236656241765,246
49,0.49246231155778897,1.0380761948407495,1.195806622505188,22.497547149658203,8.777826126997754,1.975834741702386,289
50,0.5025125628140703,0.9991239471297382,1.0736486911773682,22.506206512451172,8.836719312672175,2.2985139924175484,289
51,0.5125628140703518,1.0942971053312638,0.9139431715011597,22.4953670501709,8.803719444615266,2.189854080850345,294
52,0.5226130653266332,0.9902659654605138,0.9347103834152222,22.488298416137695,8.848684611169828,2.1251238840481297,295
53,0.5326633165829145,1.1203233803707424,1.1473828554153442,22.479740142822266,9.17292916620581,2.2859248599569097,307
54,0.542713567839196,1.0551651051692668,0.8124005794525146,22.525571823120117,8.669958657383315,2.2473830379031794,285
55,0.5527638190954774,1.0660809804484337,0.7139072418212891,22.56062126159668,8.73188357648121,2.0147689435808918,283
56,0.5628140703517588,1.0845253811262108,0.8353289365768433,22.46906852722168,8.962730962648285,2.11446114403712,284
57,0.5728643216080402,0.9659570278202448,0.8425934314727783,22.44458770751953,8.859733032818255,1.9967650043769396,273
58,0.5829145728643216,1.0012529419195162,1.277052640914917,22.470333099365234,9.051224884520126,2.1788827091809346,292
59,0.592964824120603,0.9981623169807595,0.8898225426673889,22.5654354095459,8.70354111162245,2.175014269818045,309
60,0.6030150753768845,1.037328901398604,0.7405163645744324,22.495410919189453,8.509695652895116,1.913244008470068,282
61,0.6130653266331658,1.0468014251283224,0.7817673087120056,22.540925979614258,8.671913418145799,2.0219766199621896,275
62,0.6231155778894473,0.9781709023349237,0.8874128460884094,22.533039093017578,9.032764848494814,2.139637426227657,275
63,0.6331658291457286,0.9531353111849787,0.723577082157135,22.549306869506836,8.85035498078279,2.3235546537340683,280
64,0.6432160804020101,0.9443526644311835,0.9142008423805237,22.50405502319336,8.515961204209017,2.305074954733763,271
65,0.6532663316582915,0.9539592435815818,0.6967922449111938,22.49999237060547,8.539949148020149,2.314711702590668,301
66,0.6633165829145728,0.9235160055478943,0.7806166410446167,22.54323387145996,8.611406324354304,2.2374769141247697,266
67,0.6733668341708543,1.0123463389077667,0.6749029159545898,22.505367279052734,8.687659860736149,2.24797060400921,293
68,0.6834170854271356,1.008151973037575,0.8442326784133911,22.54482650756836,8.695464924213882,2.247466679384678,290
69,0.6934673366834171,0.9543221787101371,1.0342798233032227,22.479108810424805,8.94769046633072,2.1104580469867136,261
70,0.7035175879396985,0.9764066773680139,1.1211456060409546,22.516502380371094,9.072904500275198,2.0673008346984885,274
71,0.7135678391959799,1.033715932310429,1.5124272108078003,22.4422607421875,9.425083182667496,1.8964023881285055,266
72,0.7236180904522613,0.9769082172580625,1.0731422901153564,22.503557205200195,8.797932405862555,2.1700760012664393,293
73,0.7336683417085427,1.039495944179203,0.7560373544692993,22.471921920776367,8.863571164911418,2.0238001399801386,278
74,0.7437185929648241,0.9515033545600272,0.888170063495636,22.508010864257812,8.992474765200784,1.9097995972577047,254
75,0.7537688442211056,1.041013079638348,0.8883237838745117,22.59319496154785,8.563378193182226,2.229909714803168,323
76,0.7638190954773869,0.9872580124136656,1.1842845678329468,22.51319694519043,8.85341242953876,2.1719516375443444,299
77,0.7738693467336684,1.0387675663768046,1.121228575706482,22.49641990661621,8.758647524957272,2.019902091629904,288
78,0.7839195979899498,1.0085861891029964,1.1792271137237549,22.521400451660156,8.70910451371801,2.2464969063442597,322
79,0.7939698492462312,1.0969294416644317,0.9337495565414429,22.499177932739258,8.978483664873902,1.8445764725968004,319
80,0.8040201005025126,1.0115104191540691,0.9184077978134155,22.50807762145996,8.844681667268558,1.8100348364400567,303
81,0.8140703517587939,0.9674878821102312,0.7919973134994507,22.493202209472656,8.625914557357836,2.0521078892997924,298
82,0.8241206030150754,0.9242526835408688,1.072053074836731,22.481321334838867,8.221621508693719,2.157351365164178,324
83,0.8341708542713568,0.9821208006653408,1.074600338935852,22.537757873535156,8.596478072073392,1.8954358016007864,326
84,0.8442211055276382,0.970847650567138,1.028885841369629,22.445804595947266,8.814046844811156,2.226350421883935,319
85,0.8542713567839196,1.0414958563421595,1.3468395471572876,22.535812377929688,8.95175119488438,1.9723691146094304,298
86,0.864321608040201,0.9574264051757604,0.8300418853759766,22.47928237915039,8.540248613733457,2.1094294654969277,291
87,0.8743718592964824,0.9404679644197327,1.0775552988052368,22.4746150970459,8.756203817242227,2.0808031472001027,313
88,0.8844221105527639,0.9911904761121314,0.7518135905265808,22.493125915527344,8.596670304009924,1.9160226781577472,293
89,0.8944723618090452,1.0201416090634803,0.8320109844207764,22.526044845581055,8.745789396934072,2.1761694103584457,288
90,0.9045226130653267,1.01380002090332,1.0258044004440308,22.470006942749023,8.45638028773843,1.9691254387834938,345
91,0.914572864321608,0.9659354853503626,0.9403811097145081,22.50999641418457,8.763707422818518,2.461854918578379,275
92,0.9246231155778895,0.9038725310958705,0.7472715973854065,22.535316467285156,8.816972857195474,2.0349520956966645,283
93,0.9346733668341709,0.9128508532492603,0.9438235759735107,22.46731948852539,8.860651406422868,1.963343639153834,303
94,0.9447236180904522,0.9086840872847647,0.7929974794387817,22.485620498657227,8.566262747523373,2.085377727206363,281
95,0.9547738693467337,0.8615484622376283,0.8798549771308899,22.43590545654297,8.63059172583894,2.284395819723076,298
96,0.964824120603015,0.8887036251114292,0.7261961698532104,22.482370376586914,8.337714478544799,2.143338656401379,316
97,0.9748743718592965,0.9238774671754805,0.6248642206192017,22.42168426513672,8.607234574543455,1.9723131551554833,324
98,0.9849246231155779,0.9444333298843546,0.5289382934570312,22.456832885742188,8.597186630611535,1.797746972056018,294
99,0.9949748743718593,0.9371682822103657,0.8583254814147949,22.43876838684082,8.878864346885674,1.987317274368486,310
100,1.0050251256281406,0.9994579774804069,0.8190358281135559,22.461137771606445,8.49685540616788,1.9437156527080404,305
101,1.015075376884422,0.9638265745589408,0.8203286528587341,22.43238067626953,8.49306536365384,2.0402500783682385,274
102,1.0251256281407035,0.9824556070804074,0.9572924971580505,22.437129974365234,8.856298509917435,1.9341975417226032,252
103,1.035175879396985,0.955486133464407,1.9090148210525513,22.384626388549805,9.797151771638383,2.388857113071093,306
104,1.0452261306532664,0.9699584634344728,2.549863576889038,22.48114013671875,10.527989367156806,2.3718900446414857,283
105,1.0552763819095476,0.9884574803496856,2.779278039932251,22.451404571533203,10.702366392522457,2.514997585490488,283
106,1.065326633165829,1.0388477932452944,2.9890236854553223,22.52946662902832,10.884799395409518,2.2544911475931544,270
107,1.0753768844221105,0.950764341203328,3.044334650039673,22.48967933654785,10.572594683623258,2.3325188764628773,275
108,1.085427135678392,0.9812315634477177,2.9919626712799072,22.534770965576172,10.877845352736747,2.3910896132757546,294
109,1.0954773869346734,0.9594498516246074,2.9366044998168945,22.52145767211914,10.731380484673648,2.4391542634048995,314
110,1.105527638190955,0.9614587044934266,2.993831157684326,22.491106033325195,10.849575259160618,2.4650039824952774,276
111,1.1155778894472361,0.9187107764147475,2.995790481567383,22.448314666748047,10.891216800528321,2.3175204665326223,292
112,1.1256281407035176,1.0263899018480418,2.7036168575286865,22.470212936401367,10.480737835540102,2.512152497994995,281
113,1.135678391959799,0.9495776084924252,3.066420793533325,22.489439010620117,11.0511509213568,2.4065299763258174,253
114,1.1457286432160805,1.0350115036622045,3.472208023071289,22.47437858581543,11.313802012671104,2.0387021833371723,277
115,1.155778894472362,1.0813125259115206,3.093195915222168,22.476408004760742,10.917758874311808,2.3319759517599623,301
116,1.1658291457286432,1.105737704659612,3.2624409198760986,22.5150146484375,10.957020415074203,2.41286616843559,271
117,1.1758793969849246,1.0492683459429564,2.68552565574646,22.538333892822266,10.522733036545828,2.1541230950160295,312
118,1.185929648241206,1.107755762996527,3.1250691413879395,22.45710563659668,11.145579782476023,2.48985985770949,299
119,1.1959798994974875,1.0839416331648422,3.0903265476226807,22.44605255126953,11.083757604266514,2.4688555302916124,288
120,1.206030150753769,1.085815180253027,3.02620005607605,22.42859649658203,10.987354293914077,2.416316937323998,320
121,1.2160804020100502,1.072730851206662,2.8879411220550537,22.412841796875,10.885123329195329,2.474195959591887,267
122,1.2261306532663316,1.028649784291697,3.230099678039551,22.48741340637207,11.193090811942685,2.2129721448349073,320
123,1.236180904522613,0.9971163057645304,3.0867393016815186,22.48276710510254,11.100404290913279,2.5756236746794996,273
124,1.2462311557788945,1.098503958211041,2.6000657081604004,22.494304656982422,10.466017261062433,2.500677956872895,310
125,1.256281407035176,1.0211902745682886,2.734941005706787,22.528175354003906,10.805180084084395,2.4097102189123825,308
126,1.2663316582914572,1.0369117842681514,2.6806366443634033,22.429393768310547,10.678523142518165,2.1937261761207494,304
127,1.2763819095477387,1.1432870891546814,2.6129558086395264,22.470670700073242,10.681484435762677,2.4549263070415446,347
128,1.2864321608040201,1.1950544263016478,3.0132863521575928,22.47255516052246,10.958710496825162,2.4008036234222137,307
129,1.2964824120603016,1.1042145836458352,3.2706825733184814,22.50557518005371,11.239577269558003,2.376315916518064,298
130,1.306532663316583,1.0903444489957936,3.089282512664795,22.460269927978516,11.105230530650694,2.4135213771436486,276
131,1.3165829145728642,1.0524063358202334,2.9657998085021973,22.456138610839844,11.03032853555809,2.3325293010392487,298
132,1.3266331658291457,1.0847556044272963,3.099086046218872,22.468549728393555,11.218413404282984,2.380287784060002,290
133,1.3366834170854272,1.0633528016796754,3.2157819271087646,22.38321876525879,11.358743324112575,2.452830289376076,304
134,1.3467336683417086,0.9754435877343623,2.613973379135132,22.44060516357422,10.679320634639387,2.231433439765258,291
135,1.35678391959799,1.0225647885333229,2.8124234676361084,22.4168758392334,10.90218789534089,2.445020880669819,313
136,1.3668341708542713,1.046820350716548,2.637122631072998,22.460512161254883,10.606662998035343,2.407618608465705,295
137,1.3768844221105527,1.045411541504937,3.2526795864105225,22.444143295288086,11.260844503605389,2.2041021542491626,321
138,1.3869346733668342,0.9700724491692678,2.878767251968384,22.484960556030273,10.823950066372497,2.3291289989936734,295
139,1.3969849246231156,1.1232930837526491,3.035508394241333,22.478975296020508,11.11305816770454,2.2351879337679,315
140,1.407035175879397,1.0894276689521147,3.046204090118408,22.453712463378906,11.040788550774979,2.224180539187602,338
141,1.4170854271356783,1.1210423630318735,2.92366623878479,22.440082550048828,11.023802959565934,2.4466394309872914,313
142,1.4271356783919598,1.037637083430947,2.9364075660705566,22.46835708618164,11.017948540384241,2.435360780997551,279
143,1.4371859296482412,1.076468757449381,2.971240520477295,22.51258659362793,11.003443791277855,2.4758607088108135,308
144,1.4472361809045227,1.1638207367997504,2.9448068141937256,22.46009635925293,11.004153494255371,2.3151553001392084,300
145,1.4572864321608041,1.1018554253139865,2.678419828414917,22.41737937927246,10.748256727283428,2.476815233951855,352
146,1.4673366834170853,1.0275351075547174,2.9520468711853027,22.448537826538086,10.921137840774186,2.392472709324157,310
147,1.4773869346733668,1.0116124444907169,3.1803641319274902,22.43862533569336,11.034354970571536,2.2722693024022926,316
148,1.4874371859296482,1.0734851094320716,3.1581830978393555,22.47579002380371,11.260248147319317,2.5055703291128197,317
149,1.4974874371859297,1.085170443276576,2.935490608215332,22.45430564880371,10.963928768308111,2.0689761550377677,300
150,1.5075376884422111,1.0785035250271802,2.989223003387451,22.460126876831055,11.094329437751677,2.324767437319662,275
151,1.5175879396984926,0.9974551506972595,2.9896957874298096,22.42890167236328,11.01794302425773,2.273894601970708,312
152,1.5276381909547738,1.013737114334947,2.743682622909546,22.461532592773438,10.704714624426444,2.2365647271773086,332
153,1.5376884422110553,1.0287124068483664,2.4201955795288086,22.53203582763672,10.420574848580573,2.2059281257423886,274
154,1.5477386934673367,1.0534573550215822,3.2165567874908447,22.44790267944336,11.238586072822976,2.2198493604708665,302
155,1.5577889447236182,1.0306189382925532,2.711153745651245,22.370803833007812,10.702935455261104,2.121984238068576,350
156,1.5678391959798996,1.064446805800807,2.5267624855041504,22.4660587310791,10.59712133053699,2.4215783849366863,298
157,1.5778894472361809,1.0541257707470557,2.709038734436035,22.416528701782227,10.819903383997522,1.9828717940970857,288
158,1.5879396984924623,1.025368861214156,2.6902666091918945,22.408212661743164,10.708016525930912,2.232375534762804,312
159,1.5979899497487438,1.1258519605695418,3.347491979598999,22.40949821472168,11.446452013577588,2.3916020345576663,349
160,1.6080402010050252,1.138109885992487,3.383974552154541,22.411333084106445,11.42143122043729,2.4216993269758342,342
161,1.6180904522613067,1.1241438936183554,3.0696401596069336,22.420263290405273,11.066104646444886,2.2899043244043784,367
162,1.6281407035175879,1.0573245496033226,3.032763957977295,22.407506942749023,11.040538357244975,2.321216772808063,285
163,1.6381909547738693,1.0451231382799049,3.11710524559021,22.413436889648438,11.163991038004985,2.3202787665894875,347
164,1.6482412060301508,1.0510945218598264,3.102072238922119,22.45311737060547,11.106950093970973,2.1940867711048493,317
165,1.6582914572864322,1.049087516293594,3.219594717025757,22.482181549072266,10.961984511396142,2.018600910791813,295
166,1.6683417085427137,1.1305210757881345,3.5299792289733887,22.46959114074707,11.275777249446842,2.465412893962929,301
167,1.678391959798995,1.118528505140802,3.1666364669799805,22.4450626373291,11.140241908849141,2.318402456437282,301
168,1.6884422110552764,1.1405688088804682,2.85711407661438,22.43119239807129,10.868457119913437,2.070601366888263,305
169,1.6984924623115578,1.1021388960736804,2.8547513484954834,22.42987060546875,10.829146996612387,2.3080057904520497,315
170,1.7085427135678393,1.1318027794588386,3.0847086906433105,22.490713119506836,11.08569234544537,2.461461225617045,293
171,1.7185929648241207,1.1041746917275619,2.62809157371521,22.470054626464844,10.602434253373229,2.467680354780165,301
172,1.728643216080402,1.1784965004648622,2.988797664642334,22.44502830505371,11.059956670600293,2.3115613025702366,292
173,1.7386934673366834,1.1353109588785704,2.6340856552124023,22.467411041259766,10.57630480448228,2.248243845833708,326
174,1.7487437185929648,1.197208747177255,3.5426087379455566,22.46468162536621,11.482159196562852,2.373509181002817,303
175,1.7587939698492463,1.1301541680212985,3.3450262546539307,22.411575317382812,11.439513694678366,2.488448069768231,315
176,1.7688442211055277,1.1077210588326982,2.912125825881958,22.473112106323242,10.743956788854268,2.256774469006254,287
177,1.778894472361809,1.076695782004902,2.8187694549560547,22.50560760498047,10.815151833076294,2.361308432833087,287
178,1.7889447236180904,1.1677600830347665,3.009960651397705,22.45990753173828,11.06195207794714,2.4998930515437343,291
179,1.7989949748743719,1.2190793421722097,3.1624810695648193,22.442487716674805,11.173753260719533,2.419066059496987,291
180,1.8090452261306533,1.1427927968474412,3.2460522651672363,22.434062957763672,11.263479571480039,2.3967045740038686,287
181,1.8190954773869348,1.140680499050588,3.3729782104492188,22.390352249145508,11.423847298006725,2.4390978219774606,355
182,1.829145728643216,1.2742841922872825,2.9436116218566895,22.415834426879883,10.861978142275298,2.2661826726645717,302
183,1.8391959798994975,1.1281563370744034,2.839263677597046,22.420448303222656,10.923265246909223,2.4419608356156353,341
184,1.849246231155779,1.0940177188301927,2.978525400161743,22.442569732666016,11.022278096643175,2.315891207957998,295
185,1.8592964824120604,1.0658050842125217,3.4087650775909424,22.460365295410156,11.398191379531465,2.425111237063439,316
186,1.8693467336683418,1.1577673950746648,3.2298154830932617,22.42683219909668,11.301774376443507,2.4439963657853347,332
187,1.879396984924623,1.0802112740312557,3.0084068775177,22.436124801635742,11.034467888525356,2.0515506012847577,303
188,1.8894472361809045,1.1562665058069135,2.983807325363159,22.415569305419922,10.953808219411847,2.114872571591743,317
189,1.899497487437186,1.1663254074994316,3.107510805130005,22.4378719329834,11.041760570794303,2.107467683365493,310
190,1.9095477386934674,1.21401119735619,2.9948740005493164,22.470516204833984,11.049106500585918,2.3099486672432428,331
191,1.9195979899497488,1.229195546477513,2.807131290435791,22.471149444580078,10.785852371802585,2.4627838229098438,310
192,1.92964824120603,1.1708983407992217,2.837538719177246,22.376895904541016,10.835735066295848,2.396510009247313,338
193,1.9396984924623115,1.1827645220696514,3.402539014816284,22.432506561279297,11.333830860632194,2.2553901361761057,324
194,1.949748743718593,1.1805725999113403,2.7902462482452393,22.46552276611328,10.92186845311248,1.9557105400612642,299
195,1.9597989949748744,1.204349941412817,2.8809101581573486,22.369524002075195,10.791724015229626,2.315246460578121,296
196,1.9698492462311559,1.1723353695887007,3.2747409343719482,22.411088943481445,11.314429280493156,2.2454050440422537,281
197,1.9798994974874373,1.1901667029615783,3.0536980628967285,22.507659912109375,11.111943317471486,2.41864226681487,276
198,1.9899497487437185,1.134337731811769,3.201890707015991,22.402576446533203,11.219251619671427,2.2384310169669224,381
199,2.0,1.1721538563809726,3.1703104972839355,22.423477172851562,11.332158133086415,2.529404556956703,283
