candidate,status
rank001_GWHPBECS001198,EXISTS
rank002_GWHPBECS032946,OK
rank003_GWHPBECS031879,OK
rank004_GWHPBECS023846,OK
rank005_GWHPBECS023836,OK
rank006_GWHPBECS024446,OK
rank007_GWHPBECS041244,OK
rank008_GWHPBECS005891,OK
rank009_GWHPBECS041263,OK
rank010_GWHPBECS005377,OK
rank011_GWHPBECS041243,OK
rank012_GWHPBECS006191,OK
rank013_GWHPBECS041259,OK
rank014_GWHPBECS036195,OK
rank015_GWHPBECS041203,OK
rank016_GWHPBECS019991,OK
rank017_GWHPBECS039819,OK
rank018_GWHPBECS034039,OK
rank019_GWHPBECS041202,OK
rank020_GWHPBECS023843,OK
rank021_GWHPBECS039810,OK
rank022_GWHPBECS041249,OK
rank023_GWHPBECS023832,OK
rank024_GWHPBECS013086,OK
rank025_GWHPBECS039805,OK
rank026_GWHPBECS005381,OK
rank027_GWHPBECS005593,OK
rank028_GWHPBECS041157,OK
rank029_GWHPBECS026431,OK
rank030_GWHPBECS023845,OK
rank031_GWHPBECS019368,OK
rank032_GWHPBECS041248,OK
rank033_GWHPBECS023844,OK
rank034_GWHPBECS019467,OK
rank035_GWHPBECS039808,OK
rank036_GWHPBECS011414,OK
rank037_GWHPBECS041210,OK
rank038_GWHPBECS039781,OK
rank039_GWHPBECS041253,OK
rank040_GWHPBECS026448,OK
rank041_GWHPBECS041245,OK
rank042_GWHPBECS041247,OK
rank043_GWHPBECS041246,OK
rank044_GWHPBECS014754,OK
rank045_GWHPBECS026466,OK
rank046_GWHPBECS019985,OK
rank047_GWHPBECS039807,OK
rank048_GWHPBECS019398,OK
rank049_GWHPBECS039312,OK
rank050_GWHPBECS026452,OK
rank051_GWHPBECS039310,OK
rank052_GWHPBECS023839,OK
rank053_GWHPBECS039792,OK
rank054_GWHPBECS019468,OK
rank055_GWHPBECS039787,OK
rank056_GWHPBECS041167,OK
rank057_GWHPBECS026435,OK
rank058_GWHPBECS042661,OK
rank059_GWHPBECS039789,OK
rank060_GWHPBECS041209,OK
rank061_GWHPBECS039311,OK
rank062_GWHPBECS023914,OK
rank063_GWHPBECS010871,OK
rank064_GWHPBECS026429,OK
rank065_GWHPBECS011179,OK
rank066_GWHPBECS010870,OK
rank067_GWHPBECS041207,OK
rank068_GWHPBECS026436,OK
rank069_GWHPBECS010789,OK
rank070_GWHPBECS006410,OK
rank071_GWHPBECS039799,OK
rank072_GWHPBECS019993,OK
rank073_GWHPBECS005716,OK
rank074_GWHPBECS039786,OK
rank075_GWHPBECS026013,OK
rank076_GWHPBECS019981,OK
rank077_GWHPBECS023837,OK
rank078_GWHPBECS039811,OK
rank079_GWHPBECS023850,OK
rank080_GWHPBECS013157,OK
rank081_GWHPBECS034414,OK
rank082_GWHPBECS005886,OK
rank083_GWHPBECS005717,OK
rank084_GWHPBECS039817,OK
rank085_GWHPBECS010867,OK
rank086_GWHPBECS012285,OK
rank087_GWHPBECS012286,OK
rank088_GWHPBECS023852,OK
rank089_GWHPBECS013743,OK
rank090_GWHPBECS005108,OK
rank091_GWHPBECS012315,OK
rank092_GWHPBECS026493,OK
rank093_GWHPBECS005718,OK
rank094_GWHPBECS025961,OK
rank095_GWHPBECS041382,OK
rank096_GWHPBECS025373,OK
rank097_GWHPBECS013088,OK
rank098_GWHPBECS028344,OK
rank099_GWHPBECS019951,OK
rank100_GWHPBECS025958,OK
rank101_GWHPBECS012442,OK
rank102_GWHPBECS005721,OK
rank103_GWHPBECS041304,OK
rank104_GWHPBECS012324,OK
rank105_GWHPBECS013089,OK
rank106_GWHPBECS025966,OK
rank107_GWHPBECS010868,OK
rank108_GWHPBECS014891,OK
rank109_GWHPBECS026007,OK
rank110_GWHPBECS026010,OK
rank111_GWHPBECS007006,OK
rank112_GWHPBECS025037,OK
rank113_GWHPBECS007575,OK
rank114_GWHPBECS026009,OK
rank115_GWHPBECS012284,OK
rank116_GWHPBECS006520,OK
rank117_GWHPBECS041305,OK
rank118_GWHPBECS026005,OK
rank119_GWHPBECS026453,OK
rank120_GWHPBECS010761,OK
rank121_GWHPBECS012437,OK
rank122_GWHPBECS012322,OK
rank123_GWHPBECS010760,OK
rank124_GWHPBECS004330,OK
rank125_GWHPBECS034731,OK
rank126_GWHPBECS009693,OK
rank127_GWHPBECS002895,OK
rank128_GWHPBECS015470,OK
rank129_GWHPBECS024319,OK
rank130_GWHPBECS026447,OK
rank131_GWHPBECS007574,OK
rank132_GWHPBECS030111,OK
rank133_GWHPBECS026441,OK
rank134_GWHPBECS005379,OK
rank135_GWHPBECS026438,OK
rank136_GWHPBECS012488,OK
rank137_GWHPBECS040946,OK
rank138_GWHPBECS012298,OK
rank139_GWHPBECS010875,OK
rank140_GWHPBECS011561,OK
rank141_GWHPBECS041598,OK
rank142_GWHPBECS010874,OK
rank143_GWHPBECS012282,OK
rank144_GWHPBECS013075,OK
rank145_GWHPBECS040957,OK
rank146_GWHPBECS004648,OK
rank147_GWHPBECS013084,OK
rank148_GWHPBECS036196,OK
rank149_GWHPBECS013085,OK
rank150_GWHPBECS026461,OK
rank151_GWHPBECS026006,OK
rank152_GWHPBECS013156,OK
rank153_GWHPBECS010872,OK
rank154_GWHPBECS012121,OK
rank155_GWHPBECS019983,OK
rank156_GWHPBECS018535,OK
rank157_GWHPBECS013082,OK
rank158_GWHPBECS013070,OK
rank159_GWHPBECS036889,OK
rank160_GWHPBECS011560,OK
rank161_GWHPBECS013067,OK
rank162_GWHPBECS034593,OK
rank163_GWHPBECS026464,OK
rank164_GWHPBECS013074,OK
rank165_GWHPBECS013087,OK
rank166_GWHPBECS026810,OK
rank167_GWHPBECS005719,OK
rank168_GWHPBECS016597,OK
rank169_GWHPBECS039806,OK
rank170_GWHPBECS013069,OK
rank171_GWHPBECS015068,OK
rank172_GWHPBECS012288,OK
rank173_GWHPBECS041038,OK
rank174_GWHPBECS041332,OK
rank175_GWHPBECS012287,OK
rank176_GWHPBECS010756,OK
rank177_GWHPBECS004454,OK
rank178_GWHPBECS025353,OK
rank179_GWHPBECS008682,OK
rank180_GWHPBECS004661,OK
rank181_GWHPBECS019994,OK
rank182_GWHPBECS007003,OK
rank183_GWHPBECS019871,OK
rank184_ON569258,OK
rank185_GWHPBECS012325,OK
rank186_GWHPBECS002781,OK
rank187_GWHPBECS026592,OK
rank188_GWHPBECS020861,OK
rank189_GWHPBECS034592,OK
rank190_GWHPBECS026589,OK
rank191_GWHPBECS039809,OK
rank192_GWHPBECS039788,OK
rank193_GWHPBECS019961,OK
rank194_GWHPBECS012328,OK
rank195_GWHPBECS004647,OK
rank196_GWHPBECS004456,OK
rank197_GWHPBECS006544,OK
rank198_GWHPBECS019953,OK
rank199_GWHPBECS002782,OK
rank200_GWHPBECS041035,OK
