candidate,topology,trajectory,ligand_resname,n_atoms,n_frames,sim_ns,protein_atoms,ca_atoms,ligand_atoms,ca_rmsd_final_A,ca_rmsd_last20pct_mean_A,ca_rmsd_last20pct_std_A,ligand_rmsd_final_A,ligand_rmsd_last20pct_mean_A,ligand_rmsd_last20pct_std_A,protein_rg_last20pct_mean_A,protein_rg_last20pct_std_A,pl_com_distance_last20pct_mean_A,pl_min_distance_last20pct_mean_A,pl_contacts_4A_last20pct_mean,ca_rmsf_mean_A,ca_rmsf_max_A,md_screen_score,md_screen_rank,screen_group
rank074_GWHPBECS039786,neg_fix_v1_top200/rank074_GWHPBECS039786/work/solv_ions.gro,neg_fix_v1_top200/rank074_GWHPBECS039786/outputs/prod.dcd,LIG,61672,200,2.0,7298,467,47,1.2072511281232334,1.0195511864065672,0.0740197327260953,1.2502416372299194,0.9614155277609824,0.161305754372245,21.96588659286499,0.0363657484411263,9.882589134642831,2.189360664884248,366.975,0.6028928677892177,1.646840458761097,0.10600000000000001,1,recommended
rank100_GWHPBECS025958,neg_fix_v1_top200/rank100_GWHPBECS025958/work/solv_ions.gro,neg_fix_v1_top200/rank100_GWHPBECS025958/outputs/prod.dcd,LIG,70125,200,2.0,7376,473,47,1.1290987269482835,1.1888533097801737,0.0584059549506897,0.6768440008163452,0.7074073880910874,0.1446808086737833,22.307078504562377,0.0524412146690277,7.667463683075647,2.0324432549187312,341.45,0.6559509067049971,6.143436646083563,0.115,2,recommended
rank065_GWHPBECS011179,neg_fix_v1_top200/rank065_GWHPBECS011179/work/solv_ions.gro,neg_fix_v1_top200/rank065_GWHPBECS011179/outputs/prod.dcd,LIG,65689,200,2.0,6865,441,47,1.0728445088359986,1.2143515210991562,0.1412184965994417,1.2693355083465576,0.993183970451355,0.2498689301008311,21.98931827545166,0.0518441344139018,10.37524425653606,2.1008653985110364,350.7,0.6990436642033259,2.1516857454339178,0.16825,3,recommended
rank055_GWHPBECS039787,neg_fix_v1_top200/rank055_GWHPBECS039787/work/solv_ions.gro,neg_fix_v1_top200/rank055_GWHPBECS039787/outputs/prod.dcd,LIG,67857,200,2.0,7307,467,47,1.0830540293161228,1.1128564528650504,0.0547379604697799,0.8933361768722534,0.929342083632946,0.1418900297410266,22.226328945159917,0.0435981392600575,11.217619878803188,2.233752025177985,329.35,0.6364548789233888,2.188911167325348,0.175,4,recommended
rank001_GWHPBECS001198,neg_fix_v1_top10/rank001_GWHPBECS001198/work/solv_ions.gro,neg_fix_v1_top10/rank001_GWHPBECS001198/outputs/prod.dcd,LIG,75786,200,2.0,7308,466,47,1.2336916255131494,1.3081199357951347,0.0517117079848446,1.0336883068084717,0.8334607541561126,0.1255114350625751,22.67569832801819,0.0350488661134355,6.712091389661796,2.139496508926245,333.325,0.7415708608951942,3.800482291013755,0.17500000000000002,5,recommended
rank130_GWHPBECS026447,neg_fix_v1_top200/rank130_GWHPBECS026447/work/solv_ions.gro,neg_fix_v1_top200/rank130_GWHPBECS026447/outputs/prod.dcd,LIG,56459,200,2.0,7601,475,47,1.3360310705513831,1.3224484861862624,0.0430193908823454,1.2684388160705566,1.033222636580467,0.1461008367321243,22.525166845321657,0.0528028805083442,8.336251625114821,2.049226137352812,346.3,0.6933299715830344,3.57474293660368,0.18425,6,recommended
rank134_GWHPBECS005379,neg_fix_v1_top200/rank134_GWHPBECS005379/work/solv_ions.gro,neg_fix_v1_top200/rank134_GWHPBECS005379/outputs/prod.dcd,LIG,67576,200,2.0,7232,460,47,1.3826705175165663,1.3526386302231566,0.0744383581982909,1.4232134819030762,1.3741988092660904,0.1225853951570195,22.059290075302123,0.043917384541295,7.86819659072267,2.0874980976415336,362.175,0.6659771817355855,2.659383556778777,0.18625,7,recommended
rank150_GWHPBECS026461,neg_fix_v1_top200/rank150_GWHPBECS026461/work/solv_ions.gro,neg_fix_v1_top200/rank150_GWHPBECS026461/outputs/prod.dcd,LIG,68523,200,2.0,7338,460,47,1.1343353986264877,1.2408920034171156,0.0482787593200956,1.1105788946151731,1.3628523111343385,0.1830785341697194,21.956307220458985,0.0461746283066775,13.556296729158628,2.144934927223374,350.55,0.6847170943001867,2.453597220870096,0.20325000000000001,8,recommended
rank024_GWHPBECS013086,neg_fix_v1_top200/rank024_GWHPBECS013086/work/solv_ions.gro,neg_fix_v1_top200/rank024_GWHPBECS013086/outputs/prod.dcd,LIG,74239,200,2.0,7092,455,47,1.4759892269103874,1.446054589230924,0.0543223008009052,0.8978634476661682,0.9019491612911223,0.1245890775733995,22.185363721847533,0.0568593878314117,5.343470893930183,2.022942765361955,394.725,0.6792103122777922,6.054682449661085,0.21150000000000002,9,recommended
rank189_GWHPBECS034592,neg_fix_v1_top200/rank189_GWHPBECS034592/work/solv_ions.gro,neg_fix_v1_top200/rank189_GWHPBECS034592/outputs/prod.dcd,LIG,65768,200,2.0,7633,485,47,1.1602709759711969,1.2292309530961745,0.0518562684543628,1.345268726348877,1.4915116280317309,0.2316456516147785,22.682860708236696,0.0425675980747615,10.301876607153517,2.172403650228848,331.425,0.6672160926395584,3.6552756650936473,0.2185,10,recommended
rank037_GWHPBECS041210,neg_fix_v1_top200/rank037_GWHPBECS041210/work/solv_ions.gro,neg_fix_v1_top200/rank037_GWHPBECS041210/outputs/prod.dcd,LIG,70331,200,2.0,7170,461,47,1.3299625603538237,1.3655718271123132,0.0701223979249917,1.7229130268096924,1.7009134039282798,0.3543441430816871,21.941092252731323,0.0348819933619208,11.616905369352583,2.1012861222372017,346.85,0.6650758521032534,5.793529400931599,0.225,11,recommended
rank109_GWHPBECS026007,neg_fix_v1_top200/rank109_GWHPBECS026007/work/solv_ions.gro,neg_fix_v1_top200/rank109_GWHPBECS026007/outputs/prod.dcd,LIG,67906,200,2.0,7376,473,47,1.462336027292947,1.4828341877812188,0.0785809362245486,0.9560560584068298,0.7794735476374626,0.1665702981380737,22.33358941078186,0.0482689947817297,7.606361352138029,2.1087405376633086,390.85,0.6846630001691028,7.181905237919994,0.22525,12,recommended
rank040_GWHPBECS026448,neg_fix_v1_top200/rank040_GWHPBECS026448/work/solv_ions.gro,neg_fix_v1_top200/rank040_GWHPBECS026448/outputs/prod.dcd,LIG,76634,200,2.0,7561,475,47,1.555943321954994,1.411278487402562,0.1675655065832672,0.8030421733856201,0.8885628864169121,0.1528453906067671,22.532188844680785,0.0567886337916025,7.287747427827067,2.072549090746881,326.3,0.7105806973710039,4.6051505931046295,0.25949999999999995,13,recommended
rank072_GWHPBECS019993,neg_fix_v1_top200/rank072_GWHPBECS019993/work/solv_ions.gro,neg_fix_v1_top200/rank072_GWHPBECS019993/outputs/prod.dcd,LIG,67397,200,2.0,6886,438,47,1.3479136316187554,1.3618975279770662,0.0509261715812561,0.904625117778778,0.8484795153141022,0.1405783531869829,22.076869821548463,0.0400560742214446,8.038162150249283,2.371197203029901,350.775,0.7137129769830767,3.6602370724299567,0.2635,14,recommended
rank094_GWHPBECS025961,neg_fix_v1_top200/rank094_GWHPBECS025961/work/solv_ions.gro,neg_fix_v1_top200/rank094_GWHPBECS025961/outputs/prod.dcd,LIG,57089,200,2.0,7417,473,47,1.3493381181976112,1.3732639829242577,0.1128607151207946,1.7486189603805542,1.7896769911050796,0.1777128790154308,22.423019075393675,0.0361818708287937,7.965820601470812,2.1976964761885154,408.6,0.6706720697067226,2.218310602119905,0.26375,15,recommended
rank038_GWHPBECS039781,neg_fix_v1_top200/rank038_GWHPBECS039781/work/solv_ions.gro,neg_fix_v1_top200/rank038_GWHPBECS039781/outputs/prod.dcd,LIG,63303,200,2.0,7322,467,47,1.1343182736969175,1.228658050306591,0.0547130353237181,1.9135230779647827,1.5892876178026198,0.4800891599505268,22.10120859146118,0.0468847954511267,10.6425588343467,2.0942767553499864,304.275,0.6912737349147434,4.723282193156933,0.26499999999999996,16,recommended
rank025_GWHPBECS039805,neg_fix_v1_top200/rank025_GWHPBECS039805/work/solv_ions.gro,neg_fix_v1_top200/rank025_GWHPBECS039805/outputs/prod.dcd,LIG,61869,200,2.0,7299,467,47,1.1467892950574647,1.1456310484016303,0.0551787901127393,0.9554750323295592,1.2053370609879497,0.2329192918972333,21.979883909225464,0.0372670704947466,15.507449088846965,2.319797935802492,284.375,0.6292126427899435,2.3041961662403185,0.26849999999999996,17,recommended
rank200_GWHPBECS041035,neg_fix_v1_top200/rank200_GWHPBECS041035/work/solv_ions.gro,neg_fix_v1_top200/rank200_GWHPBECS041035/outputs/prod.dcd,LIG,78822,200,2.0,7516,482,47,1.417991908599201,1.4629865916497942,0.0982586699654112,1.809003591537476,1.4979523420333862,0.2133950031609959,22.68576235771179,0.0432710570549774,7.235530190754611,2.046190225831233,359.35,0.7230217548362602,3.6477206145700327,0.2715,18,recommended
rank018_GWHPBECS034039,neg_fix_v1_top200/rank018_GWHPBECS034039/work/solv_ions.gro,neg_fix_v1_top200/rank018_GWHPBECS034039/outputs/prod.dcd,LIG,55644,200,2.0,7235,462,47,1.5111947734930993,1.4084529402651482,0.0612780607550537,2.0716137886047363,2.046853819489479,0.114716294172562,22.394512510299684,0.0387225863687924,7.3359196127703346,2.053351906779094,383.95,0.738347613371352,4.193702050880029,0.28625,19,recommended
rank035_GWHPBECS039808,neg_fix_v1_top200/rank035_GWHPBECS039808/work/solv_ions.gro,neg_fix_v1_top200/rank035_GWHPBECS039808/outputs/prod.dcd,LIG,57708,200,2.0,7269,467,47,1.4507481261124466,1.33821911274574,0.0447198048377317,1.0004364252090454,0.8981414780020713,0.175146077670003,22.077175188064576,0.0385138256674081,13.49894292842282,2.3024989220345966,289.6,0.7000593856731463,3.504774615916143,0.28775,20,recommended
rank162_GWHPBECS034593,neg_fix_v1_top200/rank162_GWHPBECS034593/work/solv_ions.gro,neg_fix_v1_top200/rank162_GWHPBECS034593/outputs/prod.dcd,LIG,63705,200,2.0,7608,487,47,1.2714792448653998,1.3425950621431828,0.0479207233832025,1.6717557907104492,1.594841492176056,0.1809811669018436,22.700743913650516,0.0391947235371962,9.520803321044864,2.202371416872193,333.2,0.7212740966740131,4.785801855795482,0.28875000000000006,21,backup
rank071_GWHPBECS039799,neg_fix_v1_top200/rank071_GWHPBECS039799/work/solv_ions.gro,neg_fix_v1_top200/rank071_GWHPBECS039799/outputs/prod.dcd,LIG,61789,200,2.0,7308,467,47,1.1541271726742708,1.1456971419971311,0.0413627522810701,2.017714262008667,2.079745039343834,0.1837372873261617,22.0648313999176,0.0455773928860876,11.57819295628647,2.149209204911478,310.9,0.6406876358429366,2.604143431686482,0.2915,22,backup
rank106_GWHPBECS025966,neg_fix_v1_top200/rank106_GWHPBECS025966/work/solv_ions.gro,neg_fix_v1_top200/rank106_GWHPBECS025966/outputs/prod.dcd,LIG,56923,200,2.0,7364,474,47,1.445082064614217,1.5139316821603537,0.0659324511864476,0.8600820302963257,1.0390995353460313,0.1189312470370418,22.46430521011353,0.043901992348439,7.806430067979074,2.1908062487531623,387.675,0.7231531252609513,3.0784439792134064,0.2995,23,backup
rank054_GWHPBECS019468,neg_fix_v1_top200/rank054_GWHPBECS019468/work/solv_ions.gro,neg_fix_v1_top200/rank054_GWHPBECS019468/outputs/prod.dcd,LIG,62222,200,2.0,7123,457,47,1.5715770241818807,1.537224440313577,0.063112509971502,1.0135527849197388,1.1725038096308709,0.1285085991686734,22.506457471847533,0.0428194181982734,8.922371509286641,1.8570281288899189,326.525,0.7553265903841183,5.18394175874015,0.30375,24,backup
rank179_GWHPBECS008682,neg_fix_v1_top200/rank179_GWHPBECS008682/work/solv_ions.gro,neg_fix_v1_top200/rank179_GWHPBECS008682/outputs/prod.dcd,LIG,59306,200,2.0,7511,479,47,1.324556400540641,1.3199711069265951,0.057690430060436,1.2130794525146484,1.4059927612543106,0.2095283711209155,22.606410264968872,0.0510101839821459,10.616443749440087,2.214141659196429,316.8,0.7022672214344067,1.870157185587536,0.314,25,backup
rank164_GWHPBECS013074,neg_fix_v1_top200/rank164_GWHPBECS013074/work/solv_ions.gro,neg_fix_v1_top200/rank164_GWHPBECS013074/outputs/prod.dcd,LIG,78900,200,2.0,7028,446,47,1.806608981934766,1.508395511790696,0.080324832735085,0.8379231691360474,0.7885607898235321,0.1736214912445052,22.69864926338196,0.0571899797234418,9.06781867103824,2.1287715910231872,397.45,0.7647988906806251,3.5811753808170663,0.317,26,backup
rank036_GWHPBECS011414,neg_fix_v1_top200/rank036_GWHPBECS011414/work/solv_ions.gro,neg_fix_v1_top200/rank036_GWHPBECS011414/outputs/prod.dcd,LIG,70984,200,2.0,7187,462,47,1.2891335344715666,1.240054565550039,0.0754808246964927,1.2792729139328003,1.4544973224401474,0.2112872775382905,22.766446113586422,0.0576664233442919,7.343392624650034,2.1684005674346443,329.25,0.7554349881535303,3.827400504823929,0.3175,27,backup
rank039_GWHPBECS041253,neg_fix_v1_top200/rank039_GWHPBECS041253/work/solv_ions.gro,neg_fix_v1_top200/rank039_GWHPBECS041253/outputs/prod.dcd,LIG,69590,200,2.0,7037,448,47,1.091925754790274,1.1565673806719672,0.0485296651312584,2.4824259281158447,2.2709434568881988,0.300090656252893,22.031389904022216,0.0415099804685089,12.847355608910906,2.16216782084768,291.7,0.6671995487747944,4.586768107182227,0.32,28,backup
rank095_GWHPBECS041382,neg_fix_v1_top200/rank095_GWHPBECS041382/work/solv_ions.gro,neg_fix_v1_top200/rank095_GWHPBECS041382/outputs/prod.dcd,LIG,57745,200,2.0,7239,456,47,1.2272653031731982,1.240404907412651,0.0605966880662403,1.3733047246932983,1.298572939634323,0.1745402318841271,22.17696032524109,0.046277198311538,11.221157270797397,2.1806381161235144,286.125,0.7475965397273387,2.120326719121945,0.325,29,backup
rank146_GWHPBECS004648,neg_fix_v1_top200/rank146_GWHPBECS004648/work/solv_ions.gro,neg_fix_v1_top200/rank146_GWHPBECS004648/outputs/prod.dcd,LIG,76169,200,2.0,7695,487,47,1.2397057567001146,1.262236241405266,0.0520949195936871,1.7023606300354004,1.8755265116691588,0.2038679160220263,22.874280405044555,0.0411327632369869,11.170085128110586,2.313765177666024,327.2,0.6745987674566707,2.135096937265149,0.32725000000000004,30,backup
rank121_GWHPBECS012437,neg_fix_v1_top200/rank121_GWHPBECS012437/work/solv_ions.gro,neg_fix_v1_top200/rank121_GWHPBECS012437/outputs/prod.dcd,LIG,60784,200,2.0,7266,459,47,1.0640413364098698,1.1824873568656018,0.0832249208431108,2.0559747219085693,2.1886256873607635,0.1334866788385133,22.500405645370485,0.049757653214474,9.548272637802713,2.0752784451143613,286.05,0.6773070235054569,2.4185193420828317,0.32975000000000004,31,backup
rank023_GWHPBECS023832,neg_fix_v1_top200/rank023_GWHPBECS023832/work/solv_ions.gro,neg_fix_v1_top200/rank023_GWHPBECS023832/outputs/prod.dcd,LIG,65059,200,2.0,7432,476,47,1.4115242168789317,1.3778206292205748,0.0582698158700086,1.5606318712234497,1.4524895966053009,0.15690434205099,22.472585916519165,0.0410723198431032,7.374180197785246,2.160014083745934,295.125,0.7398353123844013,2.80758503473506,0.332,32,backup
rank117_GWHPBECS041305,neg_fix_v1_top200/rank117_GWHPBECS041305/work/solv_ions.gro,neg_fix_v1_top200/rank117_GWHPBECS041305/outputs/prod.dcd,LIG,57775,200,2.0,7241,456,47,1.416035396618747,1.274817813495281,0.1061980122077478,0.921360433101654,1.2918445676565171,0.2536575597274962,22.07550249099732,0.040862220930318,13.364938930558818,2.424512994443481,296.0,0.6705640861097331,3.5490678847616723,0.33225,33,backup
rank076_GWHPBECS019981,neg_fix_v1_top200/rank076_GWHPBECS019981/work/solv_ions.gro,neg_fix_v1_top200/rank076_GWHPBECS019981/outputs/prod.dcd,LIG,67887,200,2.0,7146,449,47,1.2826066816040975,1.4017847232589091,0.0940612599543172,1.3655539751052856,1.37954770475626,0.2331440988554304,22.13705954551697,0.054183773145058,7.428859677654728,2.180878000477822,314.675,0.6839634262930921,4.301201408729075,0.33525,34,backup
rank104_GWHPBECS012324,neg_fix_v1_top200/rank104_GWHPBECS012324/work/solv_ions.gro,neg_fix_v1_top200/rank104_GWHPBECS012324/outputs/prod.dcd,LIG,56395,200,2.0,7172,448,47,1.366324880331684,1.4159636476036754,0.0876966051026475,1.318118929862976,1.16451036632061,0.1419745034549204,22.43582143783569,0.0531174718834598,9.335720585458336,2.055801846879248,285.4,0.7321171660446625,2.6633314505390016,0.3365,35,backup
rank110_GWHPBECS026010,neg_fix_v1_top200/rank110_GWHPBECS026010/work/solv_ions.gro,neg_fix_v1_top200/rank110_GWHPBECS026010/outputs/prod.dcd,LIG,66037,200,2.0,7441,476,47,1.619975360066297,1.53059728366521,0.0570506269220436,1.3588497638702393,1.2504147812724111,0.1673549015133582,22.459396409988404,0.0393829397231215,8.437984752661283,2.15214529386219,323.9,0.7403549342515588,3.82565530186253,0.3385,36,backup
rank053_GWHPBECS039792,neg_fix_v1_top200/rank053_GWHPBECS039792/work/solv_ions.gro,neg_fix_v1_top200/rank053_GWHPBECS039792/outputs/prod.dcd,LIG,59335,200,2.0,7314,467,47,1.1776172733498538,1.168065538297011,0.0535898902834589,2.703152894973755,2.548125207424164,0.1256878306869623,22.09051470756531,0.030355064963412,9.80510832829005,2.2421255970154976,308.525,0.6379676061046669,2.257319888520703,0.34199999999999997,37,backup
rank181_GWHPBECS019994,neg_fix_v1_top200/rank181_GWHPBECS019994/work/solv_ions.gro,neg_fix_v1_top200/rank181_GWHPBECS019994/outputs/prod.dcd,LIG,79598,200,2.0,7539,480,47,1.630459845859274,1.6295739747422104,0.0989513432830681,1.0382384061813354,1.2342146173119546,0.2314367853773367,22.46248812675476,0.0457101606822827,9.346073423233308,2.11618420827581,330.425,0.6857147591292719,5.196085680877455,0.34675,38,backup
rank019_GWHPBECS041202,neg_fix_v1_top200/rank019_GWHPBECS041202/work/solv_ions.gro,neg_fix_v1_top200/rank019_GWHPBECS041202/outputs/prod.dcd,LIG,62238,200,2.0,6253,388,47,1.263298774596148,1.3714625230129087,0.0670629931908878,1.061139702796936,1.2960163176059722,0.1788427002205785,21.670786905288697,0.0484105475996933,8.275128536938462,2.3061037277737517,328.3,0.7233397986677925,2.7645085078322493,0.35100000000000003,39,backup
rank088_GWHPBECS023852,neg_fix_v1_top200/rank088_GWHPBECS023852/work/solv_ions.gro,neg_fix_v1_top200/rank088_GWHPBECS023852/outputs/prod.dcd,LIG,64840,200,2.0,7455,483,47,1.4004432029434353,1.3540780669004664,0.0547081602692921,1.1411151885986328,1.2854304313659668,0.1456566776624304,22.50892882347107,0.0486558229395382,7.716147458062599,2.2119724330123605,284.125,0.7011561433081743,2.061006553824349,0.35125,40,backup
rank135_GWHPBECS026438,neg_fix_v1_top200/rank135_GWHPBECS026438/work/solv_ions.gro,neg_fix_v1_top200/rank135_GWHPBECS026438/outputs/prod.dcd,LIG,65705,200,2.0,7503,470,47,1.5776951047162833,1.5712752074650005,0.1054476011366486,0.9140177369117736,1.0852551102638244,0.1708204959890402,22.314589643478392,0.0339497333745437,9.327802167124524,2.0980222486177964,256.75,0.6748032732956797,5.214009150478876,0.35425,41,backup
rank041_GWHPBECS041245,neg_fix_v1_top200/rank041_GWHPBECS041245/work/solv_ions.gro,neg_fix_v1_top200/rank041_GWHPBECS041245/outputs/prod.dcd,LIG,56782,200,2.0,7305,460,47,1.4538799316796305,1.2519707628948529,0.0794115343965382,2.4948463439941406,1.72180305570364,0.5942389027015712,22.169881677627565,0.0384512589992502,13.534425409849709,2.239192864291385,268.8,0.7006987691945415,4.174913135896137,0.3585,42,backup
rank059_GWHPBECS039789,neg_fix_v1_top200/rank059_GWHPBECS039789/work/solv_ions.gro,neg_fix_v1_top200/rank059_GWHPBECS039789/outputs/prod.dcd,LIG,64764,200,2.0,7298,467,47,1.323377313871762,1.3489418568983282,0.0692468901370631,1.3223408460617063,1.5929927051067352,0.3289479891070765,21.95081305503845,0.0418540332783933,11.6049667191889,2.27546200845818,280.875,0.6344769860342122,2.5441049651888994,0.361,43,backup
rank073_GWHPBECS005716,neg_fix_v1_top200/rank073_GWHPBECS005716/work/solv_ions.gro,neg_fix_v1_top200/rank073_GWHPBECS005716/outputs/prod.dcd,LIG,77308,200,2.0,7816,494,47,1.4269980099061017,1.3086728122895654,0.0539992857822941,1.3143411874771118,1.464555990695953,0.0996333939320441,22.77515044212341,0.0565730436167648,10.292832921896908,2.016477886606914,262.4,0.7581442115103568,7.110545985211743,0.36275,44,backup
rank118_GWHPBECS026005,neg_fix_v1_top200/rank118_GWHPBECS026005/work/solv_ions.gro,neg_fix_v1_top200/rank118_GWHPBECS026005/outputs/prod.dcd,LIG,68552,200,2.0,7380,473,47,1.4547554700891487,1.5464451522566358,0.0966083480004482,0.8686862587928772,1.4869066759943963,0.1832323530887644,22.64940824508667,0.0612103993844568,8.594262116945526,2.099222224908148,384.025,0.7218932882877195,4.546738755738286,0.36424999999999996,45,backup
rank102_GWHPBECS005721,neg_fix_v1_top200/rank102_GWHPBECS005721/work/solv_ions.gro,neg_fix_v1_top200/rank102_GWHPBECS005721/outputs/prod.dcd,LIG,74695,200,2.0,7734,489,47,1.4898893885270523,1.3275685120347671,0.0648243840985237,1.951292395591736,1.7355296045541764,0.1419043378406993,22.915692472457884,0.0456912526362464,10.134954298491058,2.103234662817024,255.625,0.6953358221653666,3.318675520184332,0.370625,46,backup
rank003_GWHPBECS031879,neg_fix_v1_top10/rank003_GWHPBECS031879/work/solv_ions.gro,neg_fix_v1_top10/rank003_GWHPBECS031879/outputs/prod.dcd,LIG,80739,200,2.0,8083,508,47,1.290786742870254,1.2700128944609332,0.0642652713274971,3.0159988403320312,3.0593852281570437,0.1995984312920853,23.1106023311615,0.0421226574532249,8.728567379125698,2.0938345641293794,314.5,0.7057292788965506,3.343060740013616,0.37300000000000005,47,backup
rank199_GWHPBECS002782,neg_fix_v1_top200/rank199_GWHPBECS002782/work/solv_ions.gro,neg_fix_v1_top200/rank199_GWHPBECS002782/outputs/prod.dcd,LIG,64174,200,2.0,6859,431,47,1.3890448920845258,1.312516797617433,0.0520952251236122,1.5649677515029907,1.5042226552963256,0.2591850791237137,22.13159394264221,0.0467323192921363,13.672855258752424,2.330007338191603,326.225,0.7503490673222579,3.3283520912101467,0.37449999999999994,48,backup
rank176_GWHPBECS010756,neg_fix_v1_top200/rank176_GWHPBECS010756/work/solv_ions.gro,neg_fix_v1_top200/rank176_GWHPBECS010756/outputs/prod.dcd,LIG,67428,200,2.0,6581,422,47,1.5185185359014763,1.390600289198557,0.129277894543849,1.1735458374023438,1.4103533625602722,0.3492116395021444,22.11268463134765,0.0813962757427984,8.212379175828177,2.1118137069670224,319.425,0.7680338283632535,4.45910976508749,0.378,49,backup
rank031_GWHPBECS019368,neg_fix_v1_top200/rank031_GWHPBECS019368/work/solv_ions.gro,neg_fix_v1_top200/rank031_GWHPBECS019368/outputs/prod.dcd,LIG,56396,200,2.0,7022,454,47,1.409523070808224,1.4020934952193531,0.0929917796234819,2.779812812805176,2.9104315280914306,0.1599606477042343,22.05555000305176,0.0535647495705268,7.93593968605033,2.059059227507173,380.975,0.6943496361544975,2.1885824496175554,0.38175000000000003,50,backup
rank107_GWHPBECS010868,neg_fix_v1_top200/rank107_GWHPBECS010868/work/solv_ions.gro,neg_fix_v1_top200/rank107_GWHPBECS010868/outputs/prod.dcd,LIG,56974,200,2.0,7408,469,47,1.436221545134582,1.427590454742779,0.0548036284162965,1.6680896282196045,2.22452574968338,0.2647440809110314,22.21743588447571,0.0447218039953616,10.63846643935587,2.116457529573384,346.45,0.7448607192291948,2.1880223950036424,0.38325,51,lower_priority
rank079_GWHPBECS023850,neg_fix_v1_top200/rank079_GWHPBECS023850/work/solv_ions.gro,neg_fix_v1_top200/rank079_GWHPBECS023850/outputs/prod.dcd,LIG,66831,200,2.0,7717,498,47,1.614033818777986,1.5797120573718069,0.085820953703315,0.9842731952667236,1.085624922811985,0.1362868251822086,22.856682777404785,0.0443564126843049,8.538866950732746,2.119965533776778,316.575,0.7866915175324748,6.016390842513912,0.38349999999999995,52,lower_priority
rank033_GWHPBECS023844,neg_fix_v1_top200/rank033_GWHPBECS023844/work/solv_ions.gro,neg_fix_v1_top200/rank033_GWHPBECS023844/outputs/prod.dcd,LIG,67429,200,2.0,7425,476,47,1.3603837755457582,1.3831961753606845,0.0462435747886492,2.708827018737793,2.3687152445316317,0.1828677598224491,22.683405065536498,0.041653884609052,6.748635027236628,2.0626113298269835,283.725,0.6867468967590163,3.4573796136017974,0.38600000000000007,53,lower_priority
rank177_GWHPBECS004454,neg_fix_v1_top200/rank177_GWHPBECS004454/work/solv_ions.gro,neg_fix_v1_top200/rank177_GWHPBECS004454/outputs/prod.dcd,LIG,84687,200,2.0,7517,479,47,1.6188688820692616,1.993035808118312,0.1904731687001288,1.297348141670227,1.0847020089626311,0.1385687354980444,22.597061777114867,0.0445638474963945,7.432233346541818,1.9710379385154095,353.9,0.8020275957432691,8.511211345650398,0.3885,54,lower_priority
rank049_GWHPBECS039312,neg_fix_v1_top200/rank049_GWHPBECS039312/work/solv_ions.gro,neg_fix_v1_top200/rank049_GWHPBECS039312/outputs/prod.dcd,LIG,67501,200,2.0,6724,422,47,1.42448111994467,1.4208028797612824,0.0769558766628496,2.035120725631714,1.5204136341810226,0.2605619096997755,22.295392990112305,0.0540966511539399,10.060193860284157,2.242782877838979,350.725,0.749743935607565,2.3078322094542445,0.38874999999999993,55,lower_priority
rank026_GWHPBECS005381,neg_fix_v1_top200/rank026_GWHPBECS005381/work/solv_ions.gro,neg_fix_v1_top200/rank026_GWHPBECS005381/outputs/prod.dcd,LIG,67541,200,2.0,7447,475,47,1.4828189820967226,1.5107352484980063,0.0712136795682108,0.9410876035690308,1.0932203188538552,0.2403109705490734,22.45207757949829,0.0428923604004049,12.634861005171942,2.321610239874044,339.95,0.749984040143001,2.8832576515521384,0.39,56,lower_priority
rank112_GWHPBECS025037,neg_fix_v1_top200/rank112_GWHPBECS025037/work/solv_ions.gro,neg_fix_v1_top200/rank112_GWHPBECS025037/outputs/prod.dcd,LIG,114450,200,2.0,11748,738,47,1.6201906372183772,1.4317365191620983,0.0911496566909379,0.8186327219009399,1.5342357903718948,0.2783495486378325,28.466911840438843,0.0587780473337033,3.258114251195406,2.15605185989738,329.575,0.7420633364964428,2.792511164030059,0.392,57,lower_priority
rank022_GWHPBECS041249,neg_fix_v1_top200/rank022_GWHPBECS041249/work/solv_ions.gro,neg_fix_v1_top200/rank022_GWHPBECS041249/outputs/prod.dcd,LIG,63356,200,2.0,7260,459,47,1.4629396343866603,1.3591662268260536,0.0676320849691537,2.02918004989624,1.706439313292503,0.205163270536112,22.285311794281007,0.0489365006007034,12.015754451297914,2.3763124180922373,356.95,0.7295108456040376,2.8916075455488595,0.39225,58,lower_priority
rank068_GWHPBECS026436,neg_fix_v1_top200/rank068_GWHPBECS026436/work/solv_ions.gro,neg_fix_v1_top200/rank068_GWHPBECS026436/outputs/prod.dcd,LIG,69693,200,2.0,7505,476,47,1.5821997286182494,1.5063857351816912,0.0472016401531406,1.3129602670669556,1.1905860677361488,0.1328074910310317,22.28601818084717,0.0373964071874721,11.194486446507776,2.2934624878312078,285.075,0.6918682767584354,2.6669221804133083,0.39275000000000004,59,lower_priority
rank143_GWHPBECS012282,neg_fix_v1_top200/rank143_GWHPBECS012282/work/solv_ions.gro,neg_fix_v1_top200/rank143_GWHPBECS012282/outputs/prod.dcd,LIG,54247,200,2.0,6691,421,47,1.849682365475916,1.72424669650071,0.0773122605646074,1.6811693906784058,1.2393524125218391,0.214170688863631,21.979192304611207,0.0418619055951286,8.77844700825349,2.034853985250753,344.975,0.862963884106951,2.708621855733088,0.39350000000000007,60,lower_priority
rank129_GWHPBECS024319,neg_fix_v1_top200/rank129_GWHPBECS024319/work/solv_ions.gro,neg_fix_v1_top200/rank129_GWHPBECS024319/outputs/prod.dcd,LIG,71802,200,2.0,7552,479,47,1.4006788474274017,1.3180178616887652,0.0569597248346345,3.014654874801636,2.621584147214889,0.2880118473315411,22.26842589378357,0.0318878384100764,9.69035239969988,2.218170488097896,297.8,0.6804365261631721,4.331951774156911,0.39425000000000004,61,lower_priority
rank013_GWHPBECS041259,neg_fix_v1_top200/rank013_GWHPBECS041259/work/solv_ions.gro,neg_fix_v1_top200/rank013_GWHPBECS041259/outputs/prod.dcd,LIG,57190,200,2.0,7262,458,47,1.4069487095493105,1.445684868537293,0.0842485696773859,0.9912556409835817,1.1204259872436524,0.1660250383681099,22.449601936340333,0.0339368450620924,12.512555721132546,2.3830047411241844,300.95,0.7468081632387501,6.861665749821122,0.40125,62,lower_priority
rank193_GWHPBECS019961,neg_fix_v1_top200/rank193_GWHPBECS019961/work/solv_ions.gro,neg_fix_v1_top200/rank193_GWHPBECS019961/outputs/prod.dcd,LIG,76046,200,2.0,7508,480,47,1.1721538563809726,1.1415534480696996,0.0530426665994699,3.1703104972839355,3.074822598695755,0.2267311231620829,22.440127086639404,0.0323442601501958,11.070906211911568,2.3186615866293536,310.95,0.6817372668580205,2.0941192943768265,0.403125,63,lower_priority
rank171_GWHPBECS015068,neg_fix_v1_top200/rank171_GWHPBECS015068/work/solv_ions.gro,neg_fix_v1_top200/rank171_GWHPBECS015068/outputs/prod.dcd,LIG,74431,200,2.0,6922,451,47,1.0684161226299829,1.1647575960278806,0.0896378027041716,2.7447214126586914,1.9655521482229232,0.2786398800005064,22.567973709106447,0.0493079677619787,10.912182185401154,2.2402638995744963,267.85,0.6909753636090377,5.495960786847197,0.40475,64,lower_priority
rank175_GWHPBECS012287,neg_fix_v1_top200/rank175_GWHPBECS012287/work/solv_ions.gro,neg_fix_v1_top200/rank175_GWHPBECS012287/outputs/prod.dcd,LIG,56557,200,2.0,7274,457,47,1.3210222857777056,1.3074524422296967,0.076848706283501,1.7685400247573853,1.74478699862957,0.1232831738205577,22.392755556106568,0.0540924223787202,8.909071028830295,2.24956794983485,293.15,0.7091546786505464,2.589050772932437,0.40700000000000003,65,lower_priority
rank064_GWHPBECS026429,neg_fix_v1_top200/rank064_GWHPBECS026429/work/solv_ions.gro,neg_fix_v1_top200/rank064_GWHPBECS026429/outputs/prod.dcd,LIG,73632,200,2.0,7521,471,47,1.40549651529317,1.3942554008497712,0.0868772409828501,2.625471591949463,2.587477719783783,0.1671450401782339,22.706587171554567,0.0420939373167626,14.695897394382769,2.258468534962506,361.1,0.7090611378382867,3.739260687142965,0.40850000000000003,66,lower_priority
rank006_GWHPBECS024446,neg_fix_v1_top200/rank006_GWHPBECS024446/work/solv_ions.gro,neg_fix_v1_top200/rank006_GWHPBECS024446/outputs/prod.dcd,LIG,71869,200,2.0,7283,469,47,1.2907284639511512,1.2921226280268825,0.0651369657468775,1.7987076044082642,1.820948800444603,0.2592823832789517,22.6651300907135,0.0454268729250365,6.966074418683799,2.1368679270221245,258.875,0.7553622118727861,3.383030435722348,0.40875000000000006,67,lower_priority
rank002_GWHPBECS032946,neg_fix_v1_top10/rank002_GWHPBECS032946/work/solv_ions.gro,neg_fix_v1_top10/rank002_GWHPBECS032946/outputs/prod.dcd,LIG,76647,200,2.0,7865,502,47,1.845886758377371,1.6490732600778966,0.119316494853723,0.9659824371337892,1.1200063481926918,0.1180838103241746,23.156431865692134,0.047277269737713,10.662775088135678,2.048987846223837,305.2,0.7868182392585131,4.833295050511791,0.41125,68,lower_priority
rank190_GWHPBECS026589,neg_fix_v1_top200/rank190_GWHPBECS026589/work/solv_ions.gro,neg_fix_v1_top200/rank190_GWHPBECS026589/outputs/prod.dcd,LIG,63952,200,2.0,7546,484,47,1.1933935764033434,1.1900783473639074,0.0569689885257637,2.3456828594207764,2.336667582392693,0.2264087396007267,22.477419805526733,0.0481027459632732,10.799838713952015,2.305998260567508,300.275,0.668044145040688,3.047000490030423,0.41125,69,lower_priority
rank047_GWHPBECS039807,neg_fix_v1_top200/rank047_GWHPBECS039807/work/solv_ions.gro,neg_fix_v1_top200/rank047_GWHPBECS039807/outputs/prod.dcd,LIG,57067,200,2.0,7272,466,47,1.4704020946431506,1.4324562800131555,0.0919887060472906,2.016984462738037,2.2955541729927065,0.1679746628132248,21.929746198654176,0.0354105058047776,13.899122621318458,2.3204158032267523,332.8,0.6756366521413486,5.216068005337787,0.414,70,lower_priority
rank012_GWHPBECS006191,neg_fix_v1_top200/rank012_GWHPBECS006191/work/solv_ions.gro,neg_fix_v1_top200/rank012_GWHPBECS006191/outputs/prod.dcd,LIG,68380,200,2.0,7106,452,47,1.7137225004525454,1.7549595435442602,0.0718511873330816,1.17547345161438,0.9615945041179657,0.1402295997606885,22.76418614387512,0.056017220933452,7.690676594034336,2.0871032643468737,333.8,0.7623541266226078,4.505971501125905,0.417,71,lower_priority
rank017_GWHPBECS039819,neg_fix_v1_top200/rank017_GWHPBECS039819/work/solv_ions.gro,neg_fix_v1_top200/rank017_GWHPBECS039819/outputs/prod.dcd,LIG,85047,200,2.0,7704,490,47,1.525399886345453,1.624267514825934,0.0556256290821512,1.428051233291626,1.4924414575099945,0.1760931283251052,23.556461381912232,0.0469440695755448,10.016736062272852,2.2552521721081678,393.5,0.730970822431792,3.3849352011773366,0.42425,72,lower_priority
rank043_GWHPBECS041246,neg_fix_v1_top200/rank043_GWHPBECS041246/work/solv_ions.gro,neg_fix_v1_top200/rank043_GWHPBECS041246/outputs/prod.dcd,LIG,56399,200,2.0,7305,460,47,1.1848171931033251,1.214106805105459,0.0819283056694798,4.213688373565674,4.216031962633133,0.3487427711780388,22.177021980285645,0.0350824158485011,12.698148132597662,2.203654720452002,289.25,0.6567492352090732,3.6401764820066966,0.426,73,lower_priority
rank061_GWHPBECS039311,neg_fix_v1_top200/rank061_GWHPBECS039311/work/solv_ions.gro,neg_fix_v1_top200/rank061_GWHPBECS039311/outputs/prod.dcd,LIG,67761,200,2.0,7044,443,47,1.5150938820642004,1.4866535750793584,0.0585947391603534,1.682083010673523,1.8110592454671857,0.1625307837872182,22.13013310432434,0.0337077163284322,11.669153175188317,2.307525270859869,381.375,0.7974458591238537,4.231810673897613,0.42650000000000005,74,lower_priority
rank137_GWHPBECS040946,neg_fix_v1_top200/rank137_GWHPBECS040946/work/solv_ions.gro,neg_fix_v1_top200/rank137_GWHPBECS040946/outputs/prod.dcd,LIG,69254,200,2.0,6900,436,47,1.3244998881933,1.3262771789777172,0.0559631997315791,2.235333204269409,2.69840926527977,0.2707328272821568,21.873078536987304,0.0339668027940499,12.529716346099914,2.389367507510922,338.2,0.7116120295327674,3.4526296091936586,0.43250000000000005,75,lower_priority
rank140_GWHPBECS011561,neg_fix_v1_top200/rank140_GWHPBECS011561/work/solv_ions.gro,neg_fix_v1_top200/rank140_GWHPBECS011561/outputs/prod.dcd,LIG,56199,200,2.0,7269,459,47,1.450511949899378,1.3954639020522352,0.0851511065205744,1.5834681987762451,1.5374295935034752,0.2048086814058541,22.67018327713013,0.0432713826331045,7.873630381724166,2.1552989400633598,240.275,0.7627907082929412,3.712933075186263,0.43400000000000005,76,lower_priority
rank082_GWHPBECS005886,neg_fix_v1_top200/rank082_GWHPBECS005886/work/solv_ions.gro,neg_fix_v1_top200/rank082_GWHPBECS005886/outputs/prod.dcd,LIG,88310,200,2.0,7514,474,47,1.7257238370028898,1.8228535098974064,0.112691375481129,1.4789313077926636,1.0502893522381782,0.2127956805837492,22.72703514099121,0.0427226724294736,7.611374067718584,2.140253517846493,313.325,0.757354970967795,6.081629431019393,0.436,77,lower_priority
rank058_GWHPBECS042661,neg_fix_v1_top200/rank058_GWHPBECS042661/work/solv_ions.gro,neg_fix_v1_top200/rank058_GWHPBECS042661/outputs/prod.dcd,LIG,80208,200,2.0,7650,483,47,1.6934656623434583,1.674199869425804,0.0696770424495875,2.253657579421997,1.978209763765335,0.2017540558722082,22.605685806274412,0.0393868723106155,8.629156323527265,2.023186702670448,301.5,0.7234554552378019,2.5738026292658645,0.439,78,lower_priority
rank009_GWHPBECS041263,neg_fix_v1_top200/rank009_GWHPBECS041263/work/solv_ions.gro,neg_fix_v1_top200/rank009_GWHPBECS041263/outputs/prod.dcd,LIG,59713,200,2.0,7275,458,47,1.4282758863047431,1.4536113973913023,0.0574092997112346,1.806782960891724,1.6952088177204132,0.2233317123171335,22.150061988830565,0.0463322638513058,12.711219001191646,2.315960695127653,298.175,0.6627236078729865,6.112916794338444,0.4415,79,lower_priority
rank090_GWHPBECS005108,neg_fix_v1_top200/rank090_GWHPBECS005108/work/solv_ions.gro,neg_fix_v1_top200/rank090_GWHPBECS005108/outputs/prod.dcd,LIG,68407,200,2.0,6899,446,47,1.468727605816709,1.4024584678295442,0.1085350364742416,1.6526811122894287,1.5336859107017518,0.2165522087200302,22.636957359313964,0.0826032443477228,11.748982217333214,2.012671552792444,255.025,0.7576530004801639,2.0219554762162457,0.44175,80,lower_priority
rank093_GWHPBECS005718,neg_fix_v1_top200/rank093_GWHPBECS005718/work/solv_ions.gro,neg_fix_v1_top200/rank093_GWHPBECS005718/outputs/prod.dcd,LIG,64443,200,2.0,8286,520,47,1.6160772857700991,1.4376777352208474,0.0781513736823662,2.083063125610352,1.7333113491535186,0.208505243321801,22.82795171737671,0.0434720276569195,10.827160492654404,2.187854683478543,267.325,0.7006750888659133,2.8555423947292957,0.44175,81,lower_priority
rank119_GWHPBECS026453,neg_fix_v1_top200/rank119_GWHPBECS026453/work/solv_ions.gro,neg_fix_v1_top200/rank119_GWHPBECS026453/outputs/prod.dcd,LIG,81745,200,2.0,7590,475,47,1.524664715848919,1.681255934549552,0.0740343181154745,1.690479755401611,1.358153574168682,0.2078430148286938,22.681861019134523,0.0358748786583451,8.396500786384369,2.091088046978205,259.8,0.7405450932372711,5.705394050563005,0.4427499999999999,82,lower_priority
rank016_GWHPBECS019991,neg_fix_v1_top200/rank016_GWHPBECS019991/work/solv_ions.gro,neg_fix_v1_top200/rank016_GWHPBECS019991/outputs/prod.dcd,LIG,67669,200,2.0,7094,452,47,1.6109871862722147,1.5892488772593492,0.0919078372004855,1.177566647529602,1.2190985769033431,0.1408658970920509,22.36035313606262,0.051077142047708,8.915445687339806,1.9891445946743984,270.675,0.7784765835321708,2.77058765383285,0.443,83,lower_priority
rank155_GWHPBECS019983,neg_fix_v1_top200/rank155_GWHPBECS019983/work/solv_ions.gro,neg_fix_v1_top200/rank155_GWHPBECS019983/outputs/prod.dcd,LIG,64948,200,2.0,6511,410,47,1.3855489878578124,1.5273893239219134,0.0925344254865069,0.9227846264839172,1.1441451087594032,0.2201442185541128,21.952553510665894,0.0469774237874679,9.570964254948626,2.379658088147531,303.85,0.6948061400934255,4.714582307807834,0.447,84,lower_priority
rank045_GWHPBECS026466,neg_fix_v1_top200/rank045_GWHPBECS026466/work/solv_ions.gro,neg_fix_v1_top200/rank045_GWHPBECS026466/outputs/prod.dcd,LIG,67726,200,2.0,7487,476,47,1.4185245755983051,1.3576712992131874,0.0396240313375475,3.019500970840454,2.87075070142746,0.1383255945307544,22.326341533660887,0.038877024836589,8.10134120654701,2.3221092418970755,308.05,0.6590225880237331,2.681048224138273,0.451625,85,lower_priority
rank172_GWHPBECS012288,neg_fix_v1_top200/rank172_GWHPBECS012288/work/solv_ions.gro,neg_fix_v1_top200/rank172_GWHPBECS012288/outputs/prod.dcd,LIG,54045,200,2.0,7182,453,47,1.6987470958782431,1.6583309428808406,0.1006863881915794,1.839247226715088,2.283040353655815,0.2286915509744428,22.013433599472044,0.0396944788627246,8.228892238884622,2.092066943994184,340.05,0.7586272637515479,3.150939842745601,0.45425,86,lower_priority
rank165_GWHPBECS013087,neg_fix_v1_top200/rank165_GWHPBECS013087/work/solv_ions.gro,neg_fix_v1_top200/rank165_GWHPBECS013087/outputs/prod.dcd,LIG,79241,200,2.0,7552,479,47,1.6461825712773552,1.5572692661385823,0.0738755307751832,1.8653185367584229,1.99483899474144,0.1649047667229704,23.05110530853272,0.0504967556650816,7.510795650687775,1.981575897646838,318.7,0.7958552721226826,5.884015987475477,0.456,87,lower_priority
rank142_GWHPBECS010874,neg_fix_v1_top200/rank142_GWHPBECS010874/work/solv_ions.gro,neg_fix_v1_top200/rank142_GWHPBECS010874/outputs/prod.dcd,LIG,68155,200,2.0,7350,471,47,1.877733907310923,1.8906799561132133,0.0914854729231881,1.617045760154724,1.3955580413341522,0.1441413269125563,22.44155011177063,0.0538417938159797,7.863534197654357,2.039559363710047,351.65,0.8624109693932513,3.5892291449826086,0.46575,88,lower_priority
rank125_GWHPBECS034731,neg_fix_v1_top200/rank125_GWHPBECS034731/work/solv_ions.gro,neg_fix_v1_top200/rank125_GWHPBECS034731/outputs/prod.dcd,LIG,62492,200,2.0,7256,456,47,1.5566321562133163,1.3711746322690137,0.078045348090694,2.804918050765991,1.835764206945896,0.8140216700259524,22.14458384513855,0.0535585142830309,11.404006977650477,2.3015498937388754,288.35,0.7154433901724909,4.264225279596297,0.46825000000000006,89,lower_priority
rank092_GWHPBECS026493,neg_fix_v1_top200/rank092_GWHPBECS026493/work/solv_ions.gro,neg_fix_v1_top200/rank092_GWHPBECS026493/outputs/prod.dcd,LIG,59286,200,2.0,7741,483,47,1.3802206172039864,1.4776839243894115,0.0719208788170537,1.986942172050476,2.395116290450096,0.2454308898065582,22.673308992385863,0.0459886520638832,11.204155232277394,2.1238585159785623,324.125,0.7858856995321232,3.1276835710879727,0.47324999999999995,90,lower_priority
rank048_GWHPBECS019398,neg_fix_v1_top200/rank048_GWHPBECS019398/work/solv_ions.gro,neg_fix_v1_top200/rank048_GWHPBECS019398/outputs/prod.dcd,LIG,57098,200,2.0,7015,454,47,1.688528498361617,1.6826746258680594,0.0582870440466985,0.8439669013023376,0.7870716944336891,0.1491086627056731,22.359871912002564,0.0485250052095627,8.0093415076879,2.275746148837697,304.0,0.7685595308088792,3.56041508929416,0.47425,91,lower_priority
rank063_GWHPBECS010871,neg_fix_v1_top200/rank063_GWHPBECS010871/work/solv_ions.gro,neg_fix_v1_top200/rank063_GWHPBECS010871/outputs/prod.dcd,LIG,62240,200,2.0,7532,479,47,1.696869957797505,1.713628012192786,0.0663431901539503,2.042264938354492,1.974842408299446,0.1508399590168598,22.41449980735779,0.0414297621749311,8.997115827238838,2.0607359690191327,323.45,0.7891787700023892,4.107890607146592,0.4755,92,lower_priority
rank138_GWHPBECS012298,neg_fix_v1_top200/rank138_GWHPBECS012298/work/solv_ions.gro,neg_fix_v1_top200/rank138_GWHPBECS012298/outputs/prod.dcd,LIG,59452,200,2.0,7298,463,47,1.4047939576111483,1.4936907309787653,0.0500177409760254,1.317592740058899,1.4252846777439117,0.1613916930555143,22.40073127746582,0.050829897714667,10.30214922040832,2.3698059241851963,314.3,0.7515059962200821,3.2444773365682664,0.4835,93,lower_priority
rank163_GWHPBECS026464,neg_fix_v1_top200/rank163_GWHPBECS026464/work/solv_ions.gro,neg_fix_v1_top200/rank163_GWHPBECS026464/outputs/prod.dcd,LIG,64780,200,2.0,7468,470,47,1.3321887863125632,1.2772786739360558,0.0439101367351976,2.871437788009644,3.001526153087616,0.1913300775779875,22.06661295890808,0.0566837707942968,11.351880979490245,2.298704491854321,310.5,0.6774741958062168,3.919695025024839,0.49012500000000003,94,lower_priority
rank046_GWHPBECS019985,neg_fix_v1_top200/rank046_GWHPBECS019985/work/solv_ions.gro,neg_fix_v1_top200/rank046_GWHPBECS019985/outputs/prod.dcd,LIG,63112,200,2.0,6989,449,47,1.4701051755420729,1.5411361342227214,0.105683898358044,0.6691129803657532,0.983428567647934,0.1783855158133847,22.2933584690094,0.056188100668048,7.654624226469122,2.1468488085601,252.45,0.8077972587193988,3.6665459585416182,0.49100000000000005,95,lower_priority
rank113_GWHPBECS007575,neg_fix_v1_top200/rank113_GWHPBECS007575/work/solv_ions.gro,neg_fix_v1_top200/rank113_GWHPBECS007575/outputs/prod.dcd,LIG,97863,200,2.0,7170,451,47,2.037261800624232,2.097005543295576,0.1401430881378957,0.9853159189224244,1.0101282730698586,0.2090862292532017,23.2224892616272,0.0638945869322591,7.9813095244277905,2.052653877093374,316.15,0.834699756803196,6.310708289359372,0.494,96,lower_priority
rank011_GWHPBECS041243,neg_fix_v1_top200/rank011_GWHPBECS041243/work/solv_ions.gro,neg_fix_v1_top200/rank011_GWHPBECS041243/outputs/prod.dcd,LIG,68004,200,2.0,7294,458,47,1.2051783971398216,1.2886293158106752,0.0757889173046572,2.226204395294189,2.464303719997406,0.3032548013388112,22.25698289871216,0.0611301867424145,8.020639866137458,2.1308190209034708,273.275,0.7580437198065523,4.899866615744428,0.49625,97,lower_priority
rank084_GWHPBECS039817,neg_fix_v1_top200/rank084_GWHPBECS039817/work/solv_ions.gro,neg_fix_v1_top200/rank084_GWHPBECS039817/outputs/prod.dcd,LIG,56396,200,2.0,7049,447,47,1.5671990919115668,1.4639493307914262,0.0917469937794801,2.1203181743621826,2.1229473888874053,0.4032686701492981,22.149624156951905,0.0521123875514335,17.33784271798051,2.0926763015255454,267.4,0.7348886184170722,2.5417418206063545,0.49674999999999997,98,lower_priority
rank051_GWHPBECS039310,neg_fix_v1_top200/rank051_GWHPBECS039310/work/solv_ions.gro,neg_fix_v1_top200/rank051_GWHPBECS039310/outputs/prod.dcd,LIG,64517,200,2.0,6720,422,47,1.7731265667596,1.630213601531553,0.093509403312667,1.5321069955825806,1.508254662156105,0.1478342726038467,22.28096957206726,0.0547861207200158,13.303279196057124,2.2149433751307264,348.525,0.8113726362917325,3.22278847124137,0.49824999999999997,99,lower_priority
rank145_GWHPBECS040957,neg_fix_v1_top200/rank145_GWHPBECS040957/work/solv_ions.gro,neg_fix_v1_top200/rank145_GWHPBECS040957/outputs/prod.dcd,LIG,63333,200,2.0,6905,436,47,1.1597994203495274,1.1972836359292471,0.067485780391707,3.4764106273651123,3.416678065061569,0.3097897080795564,22.11378760337829,0.07555665676558,11.643646171577764,2.33096527988673,346.875,0.710656000050084,3.4362039994226783,0.50075,100,lower_priority
rank075_GWHPBECS026013,neg_fix_v1_top200/rank075_GWHPBECS026013/work/solv_ions.gro,neg_fix_v1_top200/rank075_GWHPBECS026013/outputs/prod.dcd,LIG,73708,200,2.0,7332,464,47,1.527112799636273,1.4963440413465987,0.0707224244484867,1.7383583784103394,1.310285285115242,0.2724174143355478,23.075564289093016,0.0546745934111901,9.868422341807584,2.2238883566625853,240.325,0.730331040488365,6.280701472892565,0.501,101,lower_priority
rank034_GWHPBECS019467,neg_fix_v1_top200/rank034_GWHPBECS019467/work/solv_ions.gro,neg_fix_v1_top200/rank034_GWHPBECS019467/outputs/prod.dcd,LIG,68648,200,2.0,7199,455,47,1.8139120656871408,1.6796087179076011,0.0951234568747186,2.1447317600250244,2.049713411927223,0.205213860362839,22.320344114303587,0.0383554891648543,5.769734082777869,2.1802954282666334,330.8,0.8015918349257155,2.443607907811068,0.50225,102,lower_priority
rank010_GWHPBECS005377,neg_fix_v1_top200/rank010_GWHPBECS005377/work/solv_ions.gro,neg_fix_v1_top200/rank010_GWHPBECS005377/outputs/prod.dcd,LIG,67663,200,2.0,7429,475,47,1.4012134166277574,1.3816592666512688,0.0594808494265986,2.3569180965423584,2.3435616850852967,0.1058049111373093,22.37150044441223,0.0409737206519147,11.702799373658284,2.431653866027744,293.475,0.7104142986954775,1.986436681150536,0.5025000000000001,103,lower_priority
rank122_GWHPBECS012322,neg_fix_v1_top200/rank122_GWHPBECS012322/work/solv_ions.gro,neg_fix_v1_top200/rank122_GWHPBECS012322/outputs/prod.dcd,LIG,61251,200,2.0,7266,461,47,1.70230096304215,1.7945404219030734,0.0933260004713472,1.511337399482727,1.4908572018146515,0.1768393520322415,22.334545946121217,0.0539016510768681,9.033856349496968,2.176220005932462,346.775,0.7845756235075728,2.857117629030668,0.5037499999999999,104,lower_priority
rank123_GWHPBECS010760,neg_fix_v1_top200/rank123_GWHPBECS010760/work/solv_ions.gro,neg_fix_v1_top200/rank123_GWHPBECS010760/outputs/prod.dcd,LIG,74204,200,2.0,6963,447,47,1.6505254271033307,1.6708469750002073,0.0955289378678276,1.4818440675735474,1.7141179233789443,0.2124433185048398,22.362435483932494,0.0640837949474209,10.374460506507909,2.042550768712091,315.325,0.7975706245821621,3.4654060939921223,0.50475,105,lower_priority
rank180_GWHPBECS004661,neg_fix_v1_top200/rank180_GWHPBECS004661/work/solv_ions.gro,neg_fix_v1_top200/rank180_GWHPBECS004661/outputs/prod.dcd,LIG,81958,200,2.0,7581,477,47,1.6540299929858908,1.7389737676944748,0.0695542122381352,1.7236193418502808,1.6146299555897712,0.4113280116722033,22.71422657966614,0.0424421831611871,4.39775870629245,2.1829224570438277,311.625,0.7761399550437842,7.548744060354546,0.5057499999999999,106,lower_priority
rank178_GWHPBECS025353,neg_fix_v1_top200/rank178_GWHPBECS025353/work/solv_ions.gro,neg_fix_v1_top200/rank178_GWHPBECS025353/outputs/prod.dcd,LIG,74085,200,2.0,7476,477,47,1.5065132997419592,1.419700570038918,0.1066463856786064,3.013819694519043,2.9946377158164976,0.1517730098300451,22.25905575752258,0.0351901963711925,12.024015544944916,2.364432594537778,320.175,0.7203064910199876,4.04162644749388,0.50675,107,lower_priority
rank085_GWHPBECS010867,neg_fix_v1_top200/rank085_GWHPBECS010867/work/solv_ions.gro,neg_fix_v1_top200/rank085_GWHPBECS010867/outputs/prod.dcd,LIG,58292,200,2.0,7338,465,47,1.5927048098522334,1.5336526970846829,0.0624827328492168,3.5121891498565674,3.805030804872513,0.1888111088269254,22.315352153778075,0.040697550840062,7.281129020885322,2.013887440976424,287.4,0.7147408935725241,2.8954860487791523,0.509,108,lower_priority
rank008_GWHPBECS005891,neg_fix_v1_top200/rank008_GWHPBECS005891/work/solv_ions.gro,neg_fix_v1_top200/rank008_GWHPBECS005891/outputs/prod.dcd,LIG,71071,200,2.0,7620,479,47,1.3442593930857794,1.317647152448644,0.0545863553869817,2.3163583278656006,1.9430997133255008,0.2546554215030734,22.94309325218201,0.0661325587359115,11.299230501915789,2.4001166172402746,283.7,0.6996309951177649,2.025407543137979,0.50925,109,lower_priority
rank067_GWHPBECS041207,neg_fix_v1_top200/rank067_GWHPBECS041207/work/solv_ions.gro,neg_fix_v1_top200/rank067_GWHPBECS041207/outputs/prod.dcd,LIG,63347,200,2.0,7257,459,47,1.401529379682414,1.6056429928022475,0.0833012034164476,2.0476200580596924,1.8678296983242035,0.2351853763179281,22.12962155342102,0.0394361237641093,11.575683443854205,2.173894586414444,278.0,0.7449699370151314,5.886654442609939,0.5105,110,lower_priority
rank187_GWHPBECS026592,neg_fix_v1_top200/rank187_GWHPBECS026592/work/solv_ions.gro,neg_fix_v1_top200/rank187_GWHPBECS026592/outputs/prod.dcd,LIG,67988,200,2.0,7554,484,47,1.212435910384112,1.3614840129724437,0.0744674953722724,3.6862616539001465,3.27352900505066,0.2440203282929685,22.384420251846315,0.0564547870616271,11.146688198523478,2.355393112917791,349.625,0.6893813094335531,2.223765402640777,0.5115000000000001,111,lower_priority
rank147_GWHPBECS013084,neg_fix_v1_top200/rank147_GWHPBECS013084/work/solv_ions.gro,neg_fix_v1_top200/rank147_GWHPBECS013084/outputs/prod.dcd,LIG,61575,200,2.0,7056,446,47,1.6339044715561828,1.6105524349226896,0.0624240983898861,1.2861799001693726,1.593740639090538,0.4101401569180428,22.38049607276917,0.0732769693541686,8.844678943494946,2.1760780958360217,328.425,0.7841940986479616,2.440136244843892,0.51275,112,lower_priority
rank120_GWHPBECS010761,neg_fix_v1_top200/rank120_GWHPBECS010761/work/solv_ions.gro,neg_fix_v1_top200/rank120_GWHPBECS010761/outputs/prod.dcd,LIG,63820,200,2.0,6845,439,47,1.5984590952728053,1.5646162204762737,0.0675212275674268,1.7313295602798462,1.661399382352829,0.2474423660595377,22.307283926010133,0.0604256497259985,10.762867923181563,2.065632812621666,270.9,0.7600486804219273,3.0115529017211675,0.51325,113,lower_priority
rank132_GWHPBECS030111,neg_fix_v1_top200/rank132_GWHPBECS030111/work/solv_ions.gro,neg_fix_v1_top200/rank132_GWHPBECS030111/outputs/prod.dcd,LIG,81740,200,2.0,7566,479,47,1.733359548071259,1.8171569533700485,0.1257972635999137,0.8768892884254456,0.918596951663494,0.182146771735927,22.577782821655276,0.0764196797198747,8.544510445030594,2.1562724569200835,303.375,0.7825715461577004,7.341964960898852,0.52,114,lower_priority
rank014_GWHPBECS036195,neg_fix_v1_top200/rank014_GWHPBECS036195/work/solv_ions.gro,neg_fix_v1_top200/rank014_GWHPBECS036195/outputs/prod.dcd,LIG,76120,200,2.0,7882,501,47,1.7770898622300508,1.7507708690512378,0.0758173689779252,1.7726720571517944,1.7563755452632903,0.1709812725896606,23.99116468429565,0.0643200333276524,8.259237493001336,2.019045627829477,334.825,0.842688629181148,3.54090579082852,0.52175,115,lower_priority
rank154_GWHPBECS012121,neg_fix_v1_top200/rank154_GWHPBECS012121/work/solv_ions.gro,neg_fix_v1_top200/rank154_GWHPBECS012121/outputs/prod.dcd,LIG,57723,200,2.0,7297,459,47,1.175645349135317,1.2302072328645932,0.0564725146937526,1.6114144325256348,2.049281170964241,0.2780567682908076,22.61140370368957,0.051627857027039,8.124569557733718,2.291838126505924,221.775,0.7916896724254697,2.9338118421645643,0.52675,116,lower_priority
rank086_GWHPBECS012285,neg_fix_v1_top200/rank086_GWHPBECS012285/work/solv_ions.gro,neg_fix_v1_top200/rank086_GWHPBECS012285/outputs/prod.dcd,LIG,59548,200,2.0,7179,450,47,1.7803930588128358,1.6994738222836916,0.0665889207149245,2.643329381942749,2.338415223360061,0.1548895872636324,22.270390796661378,0.0538427006266148,9.415625149942276,2.0730321334868504,371.725,0.8515605605248381,4.19333244224972,0.5335000000000001,117,lower_priority
rank091_GWHPBECS012315,neg_fix_v1_top200/rank091_GWHPBECS012315/work/solv_ions.gro,neg_fix_v1_top200/rank091_GWHPBECS012315/outputs/prod.dcd,LIG,65715,200,2.0,7234,461,47,2.054911975624936,1.8959201012852929,0.1428940710486508,1.157291054725647,1.4995898067951203,0.241703938610076,22.571442651748654,0.0453913248966185,10.582166328229302,2.300897382073525,376.625,0.8121583232903942,6.4231086320957065,0.53625,118,lower_priority
rank078_GWHPBECS039811,neg_fix_v1_top200/rank078_GWHPBECS039811/work/solv_ions.gro,neg_fix_v1_top200/rank078_GWHPBECS039811/outputs/prod.dcd,LIG,66165,200,2.0,7209,464,47,1.6219479404170718,1.4834231284731594,0.1053990060610713,2.7083723545074463,2.2883694410324096,0.2574104142761799,22.2740020275116,0.0530117389955718,12.72540768750606,2.287340345732864,310.95,0.7445058102245262,4.911749412010787,0.5363749999999999,119,lower_priority
rank158_GWHPBECS013070,neg_fix_v1_top200/rank158_GWHPBECS013070/work/solv_ions.gro,neg_fix_v1_top200/rank158_GWHPBECS013070/outputs/prod.dcd,LIG,57475,200,2.0,6813,432,47,1.5661646888551766,1.5976881323416152,0.0904573075294452,1.5837501287460327,1.8625569880008697,0.1726530542279326,22.37876272201538,0.0401306308726735,9.484630642050824,2.222442912643266,302.825,0.8508900960124653,2.084947309564963,0.5397500000000001,120,lower_priority
rank056_GWHPBECS041167,neg_fix_v1_top200/rank056_GWHPBECS041167/work/solv_ions.gro,neg_fix_v1_top200/rank056_GWHPBECS041167/outputs/prod.dcd,LIG,69933,200,2.0,7416,467,47,1.781973913541633,1.7029970715913545,0.0663861942484416,2.53213882446289,2.387089344859123,0.2400734701558528,22.476458168029787,0.0443880724765725,10.977937488466583,2.226401754364563,336.425,0.7286107189719954,7.657700182716354,0.5407500000000001,121,lower_priority
rank194_GWHPBECS012328,neg_fix_v1_top200/rank194_GWHPBECS012328/work/solv_ions.gro,neg_fix_v1_top200/rank194_GWHPBECS012328/outputs/prod.dcd,LIG,55099,200,2.0,7198,453,47,1.5824707372096545,1.6677006854143208,0.1586048279558521,1.634224772453308,1.6693505614995956,0.2216962605090155,22.416582536697387,0.0437097898549432,10.007876265097387,2.2018886755641427,284.55,0.7910982932213781,3.808284400541932,0.5445,122,lower_priority
rank042_GWHPBECS041247,neg_fix_v1_top200/rank042_GWHPBECS041247/work/solv_ions.gro,neg_fix_v1_top200/rank042_GWHPBECS041247/outputs/prod.dcd,LIG,58523,200,2.0,7305,460,47,1.4652613023008527,1.4229683041624006,0.0739366991389,1.9518959522247317,2.163490352034569,0.2607435114119875,22.21277117729187,0.0413486160780968,12.474340935468916,2.3728521323938536,248.1,0.730846711415356,6.427789053315225,0.5527500000000001,123,lower_priority
rank141_GWHPBECS041598,neg_fix_v1_top200/rank141_GWHPBECS041598/work/solv_ions.gro,neg_fix_v1_top200/rank141_GWHPBECS041598/outputs/prod.dcd,LIG,64933,200,2.0,7366,470,47,1.8701917458954704,1.7094577212361286,0.0858642533840027,2.3644418716430664,2.5452968657016752,0.2441324977097317,22.257771730422974,0.0442946809133634,7.9565545543566625,2.1751589754484626,347.575,0.7861683369573073,3.217168025849928,0.55425,124,lower_priority
rank066_GWHPBECS010870,neg_fix_v1_top200/rank066_GWHPBECS010870/work/solv_ions.gro,neg_fix_v1_top200/rank066_GWHPBECS010870/outputs/prod.dcd,LIG,63822,200,2.0,7517,479,47,1.7676043272105424,1.754494663812443,0.1036356499302986,2.810642004013061,2.7813566863536834,0.240083164338077,22.65061750411987,0.0426348726754899,9.169202194002144,2.0514992498591,339.45,0.825067630332036,3.83173747403285,0.5545,125,lower_priority
rank005_GWHPBECS023836,neg_fix_v1_top10/rank005_GWHPBECS023836/work/solv_ions.gro,neg_fix_v1_top10/rank005_GWHPBECS023836/outputs/prod.dcd,LIG,63632,200,2.0,7154,463,47,1.4902544524775327,1.488119426533011,0.0576304181283814,1.9746006727218628,2.32664749622345,0.3728212488212379,22.495058870315557,0.0456405407424593,9.41134574922091,2.3243606546688502,306.7,0.7545842006863291,4.468546546874866,0.558,126,lower_priority
rank131_GWHPBECS007574,neg_fix_v1_top200/rank131_GWHPBECS007574/work/solv_ions.gro,neg_fix_v1_top200/rank131_GWHPBECS007574/outputs/prod.dcd,LIG,59925,200,2.0,7063,446,47,1.521668299738384,1.460915002908076,0.0579734397706744,3.813330888748169,3.6197924256324767,0.2175033495316679,22.22690367698669,0.0551531640891685,10.639081463370124,2.183016318400275,324.775,0.7363534771484487,1.832967544051148,0.5595,127,lower_priority
rank096_GWHPBECS025373,neg_fix_v1_top200/rank096_GWHPBECS025373/work/solv_ions.gro,neg_fix_v1_top200/rank096_GWHPBECS025373/outputs/prod.dcd,LIG,64859,200,2.0,7586,479,47,1.387102553554123,1.5635932946435358,0.1035455385604898,2.761582136154175,2.815480351448059,0.140760967984327,22.325141954422,0.0431820425160369,9.658607177632756,2.246249375475103,308.025,0.7165952620872792,2.940421514066509,0.5597500000000001,128,lower_priority
rank020_GWHPBECS023843,neg_fix_v1_top200/rank020_GWHPBECS023843/work/solv_ions.gro,neg_fix_v1_top200/rank020_GWHPBECS023843/outputs/prod.dcd,LIG,62615,200,2.0,7418,478,47,1.3328450461868977,1.5187433265151042,0.1003410694006792,1.7668707370758057,1.6908050686120988,0.1535804527486206,22.883389043807984,0.0574439225941143,8.414814435957922,2.240876735095398,288.175,0.8200542752995486,3.345980332589169,0.5645,129,lower_priority
rank197_GWHPBECS006544,neg_fix_v1_top200/rank197_GWHPBECS006544/work/solv_ions.gro,neg_fix_v1_top200/rank197_GWHPBECS006544/outputs/prod.dcd,LIG,69955,200,2.0,6365,406,47,1.9930771407510612,2.074229063894554,0.1072750285618137,1.0499186515808103,1.067724700272083,0.158681763187356,22.204965782165527,0.0698353497085907,8.49811475523678,2.3070000742999417,362.925,0.935436992016983,3.868095266348036,0.56525,130,lower_priority
rank157_GWHPBECS013082,neg_fix_v1_top200/rank157_GWHPBECS013082/work/solv_ions.gro,neg_fix_v1_top200/rank157_GWHPBECS013082/outputs/prod.dcd,LIG,69289,200,2.0,7049,446,47,1.5707093763519773,1.7392905351776786,0.0836215700811035,1.5422950983047483,1.9646250009536743,0.2494888117643335,22.795728635787963,0.0724073144277484,9.433615969650909,2.0087556463296417,308.05,0.8280711128214453,6.747945717179079,0.565625,131,lower_priority
rank015_GWHPBECS041203,neg_fix_v1_top200/rank015_GWHPBECS041203/work/solv_ions.gro,neg_fix_v1_top200/rank015_GWHPBECS041203/outputs/prod.dcd,LIG,57515,200,2.0,7218,458,47,1.4548793722491995,1.3564738161749428,0.0948288589699174,2.27495551109314,2.4142339408397677,0.1642308709515724,22.085200834274293,0.0443135473103969,14.91088846428094,2.4570371450921398,225.725,0.6999753439251668,3.232317955214618,0.5665,132,lower_priority
rank087_GWHPBECS012286,neg_fix_v1_top200/rank087_GWHPBECS012286/work/solv_ions.gro,neg_fix_v1_top200/rank087_GWHPBECS012286/outputs/prod.dcd,LIG,57273,200,2.0,7152,448,47,1.5803559717976012,1.4391327766687507,0.0755595856165922,1.874495029449463,2.090036451816559,0.1959006269661095,22.37420611381531,0.0748854391298838,8.672158226445287,2.1553489001669783,257.7,0.7708694421539344,4.230542827234365,0.5665,133,lower_priority
rank030_GWHPBECS023845,neg_fix_v1_top200/rank030_GWHPBECS023845/work/solv_ions.gro,neg_fix_v1_top200/rank030_GWHPBECS023845/outputs/prod.dcd,LIG,61914,200,2.0,7226,462,47,1.9902301214341676,1.6907550592052487,0.1029878691283201,2.417141914367676,1.7830229848623276,0.2829742693127183,22.763256216049196,0.0764711994313965,9.411847443055589,2.138751176338297,291.5,0.746826711232155,3.630997816785137,0.57,134,lower_priority
rank105_GWHPBECS013089,neg_fix_v1_top200/rank105_GWHPBECS013089/work/solv_ions.gro,neg_fix_v1_top200/rank105_GWHPBECS013089/outputs/prod.dcd,LIG,73239,200,2.0,7027,453,47,1.7619212941281854,1.688001733459479,0.1328657382549065,2.66706919670105,2.323072248697281,0.1460863714269497,22.138277864456175,0.0506129845676718,10.098102218539792,2.06507283710222,268.25,0.730275593509271,5.456013141945931,0.57075,135,lower_priority
rank029_GWHPBECS026431,neg_fix_v1_top200/rank029_GWHPBECS026431/work/solv_ions.gro,neg_fix_v1_top200/rank029_GWHPBECS026431/outputs/prod.dcd,LIG,64757,200,2.0,6828,435,47,1.5021257055448949,1.4212600457051412,0.0608091762043202,3.1002190113067627,3.015053170919418,0.1650891235262016,21.77181138992309,0.0444328707101963,9.961637838643917,2.272335894769882,289.45,0.7580209839504329,3.3233482971411923,0.5717499999999999,136,lower_priority
rank021_GWHPBECS039810,neg_fix_v1_top200/rank021_GWHPBECS039810/work/solv_ions.gro,neg_fix_v1_top200/rank021_GWHPBECS039810/outputs/prod.dcd,LIG,65935,200,2.0,7271,467,47,1.568860571568044,1.45190941426968,0.0604407513934525,2.665287494659424,2.403340494632721,0.2300553717612775,22.10466470718384,0.041735766900803,13.421536574947112,2.390188472150945,283.45,0.7304517453311092,1.983483227826233,0.5720000000000001,137,lower_priority
rank097_GWHPBECS013088,neg_fix_v1_top200/rank097_GWHPBECS013088/work/solv_ions.gro,neg_fix_v1_top200/rank097_GWHPBECS013088/outputs/prod.dcd,LIG,87590,200,2.0,7112,454,47,1.379758573464397,1.3535733617966037,0.0760565307744218,3.380150079727173,3.339437568187713,0.283941530656917,22.41896333694458,0.0557958433758196,10.302549291876756,2.29762073896036,290.275,0.7307439869258129,4.997974255208874,0.5725,138,lower_priority
rank098_GWHPBECS028344,neg_fix_v1_top200/rank098_GWHPBECS028344/work/solv_ions.gro,neg_fix_v1_top200/rank098_GWHPBECS028344/outputs/prod.dcd,LIG,90820,200,2.0,7428,459,47,2.235793630078933,2.294767413633391,0.0804833118311688,2.1192467212677,1.8830683559179304,0.4659759945159892,23.08407702445984,0.0534243399177194,10.695107585887492,2.0275785439715586,314.8,0.9067991978510828,4.730153401696113,0.575,139,lower_priority
rank183_GWHPBECS019871,neg_fix_v1_top200/rank183_GWHPBECS019871/work/solv_ions.gro,neg_fix_v1_top200/rank183_GWHPBECS019871/outputs/prod.dcd,LIG,62377,200,2.0,6962,455,47,1.3079297001241357,1.2684092343155435,0.0481499110283587,2.845277070999145,3.1899728655815123,0.1760379504399789,21.859045219421382,0.0420501998678858,13.105232099516405,2.326307516034,239.45,0.7498527502064589,2.800520603284711,0.57525,140,lower_priority
rank167_GWHPBECS005719,neg_fix_v1_top200/rank167_GWHPBECS005719/work/solv_ions.gro,neg_fix_v1_top200/rank167_GWHPBECS005719/outputs/prod.dcd,LIG,69584,200,2.0,7935,501,47,1.648613608327137,1.5864637765714793,0.0638401687159173,2.946285486221313,2.6243158161640165,0.1976565047662216,22.971326208114625,0.0399111655598556,8.498215149682034,2.177551997530069,271.1,0.7460180186321989,2.8613944828960305,0.580125,141,lower_priority
rank185_GWHPBECS012325,neg_fix_v1_top200/rank185_GWHPBECS012325/work/solv_ions.gro,neg_fix_v1_top200/rank185_GWHPBECS012325/outputs/prod.dcd,LIG,53742,200,2.0,7280,457,47,1.5127540188954005,1.5566162288367793,0.0667727438703915,2.448521375656128,2.1013782799243925,0.3612645254409294,22.48945984840393,0.047409589920402,9.198124707600376,2.279465590083732,284.625,0.7620756600538345,3.3493025072131624,0.5835,142,lower_priority
rank007_GWHPBECS041244,neg_fix_v1_top200/rank007_GWHPBECS041244/work/solv_ions.gro,neg_fix_v1_top200/rank007_GWHPBECS041244/outputs/prod.dcd,LIG,65274,200,2.0,7284,458,47,1.488056555965949,1.6331214502805416,0.0934749014375356,3.277100086212158,2.9173079550266268,0.1809285527238168,22.05530529022217,0.0528831617010846,11.99497255155642,2.240199800434104,344.25,0.7309925368736351,5.876604320787854,0.58675,143,lower_priority
rank196_GWHPBECS004456,neg_fix_v1_top200/rank196_GWHPBECS004456/work/solv_ions.gro,neg_fix_v1_top200/rank196_GWHPBECS004456/outputs/prod.dcd,LIG,91566,200,2.0,7506,479,47,1.641815762641558,1.5738162619833769,0.1105597789618724,3.517203092575073,2.619694283604622,0.3620674653914241,22.7030743598938,0.049246735268752,11.412386378481802,2.20705593883804,322.5,0.8028580277828558,6.390486008248564,0.5880000000000001,144,lower_priority
rank116_GWHPBECS006520,neg_fix_v1_top200/rank116_GWHPBECS006520/work/solv_ions.gro,neg_fix_v1_top200/rank116_GWHPBECS006520/outputs/prod.dcd,LIG,57187,200,2.0,7368,473,47,1.5745397160952377,1.550951710926824,0.1049209426416785,3.2129313945770264,2.898962324857712,0.2057932062400774,22.289497327804565,0.0549655005007355,8.916149273903567,2.120534619885245,310.75,0.8100608056891164,3.848003016138206,0.593,145,lower_priority
rank115_GWHPBECS012284,neg_fix_v1_top200/rank115_GWHPBECS012284/work/solv_ions.gro,neg_fix_v1_top200/rank115_GWHPBECS012284/outputs/prod.dcd,LIG,61844,200,2.0,7266,461,47,1.4089903710362477,1.510536998522383,0.1017039672102385,3.4862265586853027,3.1148731470108038,0.3736172191448748,22.218386554718016,0.0431260379744325,8.557568873321935,2.2870760195082025,279.45,0.7076406914722727,2.97376246631384,0.6019999999999999,146,lower_priority
rank111_GWHPBECS007006,neg_fix_v1_top200/rank111_GWHPBECS007006/work/solv_ions.gro,neg_fix_v1_top200/rank111_GWHPBECS007006/outputs/prod.dcd,LIG,63585,200,2.0,7116,457,47,1.4207689173297715,1.4878479661058095,0.0648259102299953,1.835921287536621,1.8143617004156112,0.2278495782138728,22.5378044128418,0.0504270722801071,12.371043198397697,2.4250417203442347,291.675,0.8472409528834636,2.91554613696591,0.6055,147,lower_priority
rank128_GWHPBECS015470,neg_fix_v1_top200/rank128_GWHPBECS015470/work/solv_ions.gro,neg_fix_v1_top200/rank128_GWHPBECS015470/outputs/prod.dcd,LIG,54911,200,2.0,5151,316,47,1.27836941796462,1.424474002192508,0.0805704092265776,3.153022289276123,3.184423750638962,0.3336378526617378,21.025174856185917,0.0856418601163509,14.548046387059742,1.968724071060778,183.4,0.767287941085123,2.820869914518345,0.6125,148,lower_priority
rank152_GWHPBECS013156,neg_fix_v1_top200/rank152_GWHPBECS013156/work/solv_ions.gro,neg_fix_v1_top200/rank152_GWHPBECS013156/outputs/prod.dcd,LIG,87291,200,2.0,7321,460,47,1.8639033233866389,2.1996839414382263,0.1671247086338048,2.345550775527954,1.961618959903717,0.1775550527462405,22.993177032470705,0.0548831881579534,9.030016141263552,2.2222064142323528,361.725,0.8911101093915871,7.385006125162974,0.6125,149,lower_priority
rank027_GWHPBECS005593,neg_fix_v1_top200/rank027_GWHPBECS005593/work/solv_ions.gro,neg_fix_v1_top200/rank027_GWHPBECS005593/outputs/prod.dcd,LIG,167971,200,2.0,8811,540,47,1.857865547002848,2.313521667812472,0.3188273094549685,1.1223516464233398,1.0887572407722472,0.1718254511055714,26.992666006088257,0.0640140176723838,3.430617291273101,2.2489582490645432,307.925,1.029198746712091,5.547854584445904,0.6135,150,lower_priority
rank192_GWHPBECS039788,neg_fix_v1_top200/rank192_GWHPBECS039788/work/solv_ions.gro,neg_fix_v1_top200/rank192_GWHPBECS039788/outputs/prod.dcd,LIG,64507,200,2.0,7202,461,47,1.439764306771553,1.4820256778232612,0.0597592691092354,2.6692397594451904,2.752844363451004,0.1480283557815558,22.40800757408142,0.0472619649628779,12.273137869976091,2.330089804675559,282.325,0.7331706382958382,2.82090647920308,0.61525,151,lower_priority
rank149_GWHPBECS013085,neg_fix_v1_top200/rank149_GWHPBECS013085/work/solv_ions.gro,neg_fix_v1_top200/rank149_GWHPBECS013085/outputs/prod.dcd,LIG,67450,200,2.0,7115,456,47,1.4252753771867952,1.4083057351685977,0.0801814659723487,4.096303462982178,3.890072077512741,0.2364947661920065,22.183706617355348,0.0564272042931154,11.45751952035005,2.220435947571888,265.15,0.7227622586628392,2.206091114256881,0.61675,152,lower_priority
rank070_GWHPBECS006410,neg_fix_v1_top200/rank070_GWHPBECS006410/work/solv_ions.gro,neg_fix_v1_top200/rank070_GWHPBECS006410/outputs/prod.dcd,LIG,63320,200,2.0,7365,456,47,1.7142793063176789,1.7473413286741184,0.0575673482508526,2.067128896713257,2.072172799706459,0.2137360512644091,22.4639892578125,0.0414747284811374,8.972235755940986,2.1569338826169933,232.05,0.7795366935792325,6.395340799676808,0.61725,153,lower_priority
rank173_GWHPBECS041038,neg_fix_v1_top200/rank173_GWHPBECS041038/work/solv_ions.gro,neg_fix_v1_top200/rank173_GWHPBECS041038/outputs/prod.dcd,LIG,78896,200,2.0,7498,482,47,1.4950219100622943,1.3674382906720262,0.0935897509362779,4.054205417633057,4.354335731267929,0.2333399095993744,22.598742055892945,0.0571341619919734,12.9183386210801,2.385419489181529,298.625,0.7090741049737358,6.286131063499351,0.6185,154,lower_priority
rank099_GWHPBECS019951,neg_fix_v1_top200/rank099_GWHPBECS019951/work/solv_ions.gro,neg_fix_v1_top200/rank099_GWHPBECS019951/outputs/prod.dcd,LIG,63503,200,2.0,7083,453,47,1.6750176905141152,1.5713362255268046,0.0861331388371208,2.3297455310821533,2.382130128145218,0.1599260200480152,22.6068199634552,0.0485237299667755,10.255110902841494,2.2090190876288105,276.2,0.8021981248342809,4.640407865000511,0.62625,155,lower_priority
rank108_GWHPBECS014891,neg_fix_v1_top200/rank108_GWHPBECS014891/work/solv_ions.gro,neg_fix_v1_top200/rank108_GWHPBECS014891/outputs/prod.dcd,LIG,65925,200,2.0,7107,439,47,1.6417176729852396,1.7313988729391556,0.0842633767370514,3.179147243499756,3.421740293502808,0.2780788784022616,22.390772104263306,0.0461454748294908,11.270040039462936,2.079030413721358,313.85,0.8128471500278579,4.851971845341981,0.6285000000000001,156,lower_priority
rank028_GWHPBECS041157,neg_fix_v1_top200/rank028_GWHPBECS041157/work/solv_ions.gro,neg_fix_v1_top200/rank028_GWHPBECS041157/outputs/prod.dcd,LIG,64170,200,2.0,6284,399,47,1.542450053071253,1.4667555701644956,0.1014787356906064,3.5167856216430664,2.959625023603439,0.4581891077204617,22.06314616203308,0.0467693064296038,11.73584039026048,2.2476842601458293,254.175,0.7556561915141815,2.6377577096459914,0.634,157,lower_priority
rank103_GWHPBECS041304,neg_fix_v1_top200/rank103_GWHPBECS041304/work/solv_ions.gro,neg_fix_v1_top200/rank103_GWHPBECS041304/outputs/prod.dcd,LIG,58820,200,2.0,7249,456,47,1.613174810878632,1.5844227240463715,0.1104759916155969,2.6479697227478027,2.3976842284202577,0.2578366723642207,22.370804166793825,0.046238740182355,11.701425975900955,2.280469249495859,259.025,0.7533687519786472,5.495149762755403,0.6415000000000001,158,lower_priority
rank114_GWHPBECS026009,neg_fix_v1_top200/rank114_GWHPBECS026009/work/solv_ions.gro,neg_fix_v1_top200/rank114_GWHPBECS026009/outputs/prod.dcd,LIG,76337,200,2.0,7432,476,47,1.8298705295668096,1.741847532304946,0.0644823207091199,3.1879079341888428,2.935348618030548,0.237790074149077,22.2813129901886,0.0387629237807027,8.064744211418267,2.1922723776924533,302.5,0.8128158716080995,4.620831503145613,0.6439999999999999,159,lower_priority
rank191_GWHPBECS039809,neg_fix_v1_top200/rank191_GWHPBECS039809/work/solv_ions.gro,neg_fix_v1_top200/rank191_GWHPBECS039809/outputs/prod.dcd,LIG,67633,200,2.0,6872,438,47,1.5715627707395146,1.5367439410545496,0.0786273764173195,3.24001145362854,3.053390604257584,0.2492215286129726,22.112280893325806,0.0434099167506451,14.576362638247536,2.3594635429706567,273.5,0.7147363035280053,2.636968297059168,0.6449999999999999,160,lower_priority
rank080_GWHPBECS013157,neg_fix_v1_top200/rank080_GWHPBECS013157/work/solv_ions.gro,neg_fix_v1_top200/rank080_GWHPBECS013157/outputs/prod.dcd,LIG,88975,200,2.0,6237,386,47,1.5329639750508015,1.640587390048929,0.0681044961490092,2.8999342918396,2.542523318529129,0.2422949261174758,22.3677592754364,0.0581946952458454,11.372775280962442,2.1800876806626186,310.5,0.8963092630349822,5.230508002354028,0.6456249999999999,161,lower_priority
rank133_GWHPBECS026441,neg_fix_v1_top200/rank133_GWHPBECS026441/work/solv_ions.gro,neg_fix_v1_top200/rank133_GWHPBECS026441/outputs/prod.dcd,LIG,86859,200,2.0,7469,470,47,2.076664115283739,1.803349021348097,0.110404070241727,2.6338253021240234,2.2796554297208784,0.2977468254328974,22.17099475860596,0.0420468124246899,12.8560636917248,2.4179675658808,284.075,0.7044506006800385,7.372664979174594,0.6539999999999999,162,lower_priority
rank127_GWHPBECS002895,neg_fix_v1_top200/rank127_GWHPBECS002895/work/solv_ions.gro,neg_fix_v1_top200/rank127_GWHPBECS002895/outputs/prod.dcd,LIG,65717,200,2.0,7638,486,47,1.3776148023805033,1.408059927410751,0.0371371535557599,4.6482462882995605,4.572597801685333,0.2682601672429365,22.74998817443848,0.0407153687305457,15.214002478096116,2.4011794097650623,245.35,0.7346278204172031,2.92284796650366,0.65625,163,lower_priority
rank101_GWHPBECS012442,neg_fix_v1_top200/rank101_GWHPBECS012442/work/solv_ions.gro,neg_fix_v1_top200/rank101_GWHPBECS012442/outputs/prod.dcd,LIG,57612,200,2.0,7283,459,47,1.6845424043579855,1.570615900100766,0.0942507289177083,3.499220371246338,2.644366186857224,0.3328842713369642,22.86061496734619,0.0669824326281872,5.210918798437561,2.1628898109948955,276.7,0.7899917092921233,4.922924078416436,0.6569999999999999,164,lower_priority
rank161_GWHPBECS013067,neg_fix_v1_top200/rank161_GWHPBECS013067/work/solv_ions.gro,neg_fix_v1_top200/rank161_GWHPBECS013067/outputs/prod.dcd,LIG,67866,200,2.0,7053,446,47,1.4201004226850733,1.411532692178053,0.0983040884099441,2.1666295528411865,2.631199437379837,0.2218754491040109,22.57323775291443,0.0878331490203789,9.412191014156903,2.310566941675147,271.925,0.8081771839352089,2.457621364106964,0.66775,165,lower_priority
rank004_GWHPBECS023846,neg_fix_v1_top10/rank004_GWHPBECS023846/work/solv_ions.gro,neg_fix_v1_top10/rank004_GWHPBECS023846/outputs/prod.dcd,LIG,64919,200,2.0,7151,463,47,1.6884515090902534,1.5904665732769796,0.0793829609119647,3.312551021575928,2.2140525817871093,0.6406111014467738,22.688034582138062,0.0452749286644359,10.54993831024882,2.337007049670237,247.7,0.794505045181031,3.694055008236352,0.6697500000000001,166,lower_priority
rank126_GWHPBECS009693,neg_fix_v1_top200/rank126_GWHPBECS009693/work/solv_ions.gro,neg_fix_v1_top200/rank126_GWHPBECS009693/outputs/prod.dcd,LIG,136543,200,2.0,9859,617,47,1.9541665380447095,1.7736619328164278,0.0888369783731828,1.7284692525863647,1.8050763428211207,0.3091367740584249,27.792596340179443,0.0617800022537509,7.70031506893808,2.1273149479506737,240.925,0.9407784804817164,3.267291632442995,0.67275,167,lower_priority
rank083_GWHPBECS005717,neg_fix_v1_top200/rank083_GWHPBECS005717/work/solv_ions.gro,neg_fix_v1_top200/rank083_GWHPBECS005717/outputs/prod.dcd,LIG,79525,200,2.0,7714,484,47,1.3942798644841723,1.4530573168364682,0.0628420459210163,2.5144965648651123,2.774277579784393,0.157573586330721,22.83894968032837,0.0563748518741699,11.311572237594032,2.3958109562210823,249.25,0.7361999710755158,4.876053123129835,0.6805,168,lower_priority
rank160_GWHPBECS011560,neg_fix_v1_top200/rank160_GWHPBECS011560/work/solv_ions.gro,neg_fix_v1_top200/rank160_GWHPBECS011560/outputs/prod.dcd,LIG,62026,200,2.0,7270,459,47,1.5030471834590022,1.4336013529016334,0.0643000013049386,2.949573040008545,2.764444458484649,0.3031564510804175,22.805109786987305,0.0624548205117774,9.45041032284112,2.402898213943133,283.925,0.7891854721476871,3.83936424822274,0.6819999999999999,169,lower_priority
rank186_GWHPBECS002781,neg_fix_v1_top200/rank186_GWHPBECS002781/work/solv_ions.gro,neg_fix_v1_top200/rank186_GWHPBECS002781/outputs/prod.dcd,LIG,64816,200,2.0,6887,433,47,1.5137496454802544,1.478341806862242,0.0940047366554096,4.119638919830322,4.247864389419556,0.2542361951146548,22.122718715667723,0.0515894731487009,14.784809404042544,2.341959803514892,273.6,0.7310096665617822,4.145966857699764,0.68425,170,lower_priority
rank166_GWHPBECS026810,neg_fix_v1_top200/rank166_GWHPBECS026810/work/solv_ions.gro,neg_fix_v1_top200/rank166_GWHPBECS026810/outputs/prod.dcd,LIG,68814,200,2.0,7392,471,47,1.8243241415461149,1.8015752889811616,0.1424080983289218,2.23838472366333,2.233546268939972,0.2826990564988694,22.77678804397583,0.0786551853175764,9.175000903551837,2.085050820172089,271.1,0.913828284120568,3.458843319831169,0.686375,171,lower_priority
rank153_GWHPBECS010872,neg_fix_v1_top200/rank153_GWHPBECS010872/work/solv_ions.gro,neg_fix_v1_top200/rank153_GWHPBECS010872/outputs/prod.dcd,LIG,66067,200,2.0,7312,467,47,1.5411692525001084,1.4766808115941932,0.0531577631055796,2.4329307079315186,2.681624990701676,0.168611943406344,22.404747247695923,0.046324938790842,8.800673140228284,2.372299456477976,248.95,0.8369658655620611,3.0152505833572643,0.6910000000000001,172,lower_priority
rank184_ON569258,neg_fix_v1_top200/rank184_ON569258/work/solv_ions.gro,neg_fix_v1_top200/rank184_ON569258/outputs/prod.dcd,LIG,67304,200,2.0,6889,433,47,1.4120305986494226,1.5254712891210702,0.0967473491456799,2.2929558753967285,2.452422598004341,0.2024929019505524,22.485235834121703,0.0703869427653535,14.934981826010327,2.346257231210388,281.625,0.8509003596796293,3.65870395934126,0.7105,173,lower_priority
rank174_GWHPBECS041332,neg_fix_v1_top200/rank174_GWHPBECS041332/work/solv_ions.gro,neg_fix_v1_top200/rank174_GWHPBECS041332/outputs/prod.dcd,LIG,56710,200,2.0,7098,450,47,1.6334876475826603,1.673578810782694,0.1367672413817066,2.948173999786377,2.7829561710357664,0.2284130087471935,22.4532253742218,0.0624638971016002,9.191647251515176,2.1648954258858293,203.8,0.7527577854928698,4.972243426558801,0.7117500000000001,174,lower_priority
rank151_GWHPBECS026006,neg_fix_v1_top200/rank151_GWHPBECS026006/work/solv_ions.gro,neg_fix_v1_top200/rank151_GWHPBECS026006/outputs/prod.dcd,LIG,68573,200,2.0,5800,373,47,2.626159539900933,2.1401045287392373,0.1492328024580619,1.4502778053283691,1.7002272963523866,0.2945627419260521,21.71777653694153,0.0964286051048712,5.002859786458074,2.2991506173561063,294.75,1.0232367805417442,5.898995476156738,0.715,175,lower_priority
rank077_GWHPBECS023837,neg_fix_v1_top200/rank077_GWHPBECS023837/work/solv_ions.gro,neg_fix_v1_top200/rank077_GWHPBECS023837/outputs/prod.dcd,LIG,63564,200,2.0,7142,456,47,1.948775524533121,1.84100725372914,0.0726017033397789,2.2325003147125244,2.4007909119129183,0.1851596137226251,22.73729290962219,0.0639327119900006,10.40942216521363,2.155985557935257,282.775,0.8478821733266111,3.048364657337091,0.7164999999999999,176,lower_priority
rank060_GWHPBECS041209,neg_fix_v1_top200/rank060_GWHPBECS041209/work/solv_ions.gro,neg_fix_v1_top200/rank060_GWHPBECS041209/outputs/prod.dcd,LIG,65977,200,2.0,6963,443,47,1.457882377196304,1.4241600958214715,0.0684689003518064,5.75639533996582,5.701235544681549,0.2050306064261032,22.355024433135988,0.0487146461665373,12.547929606898157,2.334659019302417,218.5,0.768723545804205,3.5444079029517948,0.718,177,lower_priority
rank062_GWHPBECS023914,neg_fix_v1_top200/rank062_GWHPBECS023914/work/solv_ions.gro,neg_fix_v1_top200/rank062_GWHPBECS023914/outputs/prod.dcd,LIG,63370,200,2.0,7126,458,47,1.3761716184612829,1.5097452515315806,0.0455039606018664,4.435136795043945,5.291576242446899,0.3325919289616353,22.416664600372314,0.0580868714103447,12.122064828736304,2.375197506244084,310.3,0.7907457777092802,3.5913454149988158,0.7204999999999999,178,lower_priority
rank069_GWHPBECS010789,neg_fix_v1_top200/rank069_GWHPBECS010789/work/solv_ions.gro,neg_fix_v1_top200/rank069_GWHPBECS010789/outputs/prod.dcd,LIG,61058,200,2.0,7051,453,47,1.6630117701278075,1.7470165102855362,0.1379612578740214,2.820481538772583,2.893549239635468,0.4456706886561369,22.24642515182495,0.0785248672135779,12.502428344547043,2.086237977802101,222.875,0.7718337003705673,5.687047082283005,0.72525,179,lower_priority
rank057_GWHPBECS026435,neg_fix_v1_top200/rank057_GWHPBECS026435/work/solv_ions.gro,neg_fix_v1_top200/rank057_GWHPBECS026435/outputs/prod.dcd,LIG,62200,200,2.0,6115,381,47,2.0379109478919126,1.7771650835467825,0.1218750034702809,2.14495587348938,2.298682776093483,0.1415015259365331,22.416041374206543,0.0709102715479644,8.832497589654512,2.2913838797771136,296.525,0.8888886042579168,4.646640180327044,0.72575,180,lower_priority
rank144_GWHPBECS013075,neg_fix_v1_top200/rank144_GWHPBECS013075/work/solv_ions.gro,neg_fix_v1_top200/rank144_GWHPBECS013075/outputs/prod.dcd,LIG,67490,200,2.0,7032,446,47,1.9520669854107469,1.7483828859198085,0.1062125578155268,2.928215265274048,3.311028128862381,0.3053238549004775,22.869940185546877,0.0639252851383933,10.623213985059408,2.089605868050689,274.475,0.8121897022363427,2.5777357438252304,0.7272500000000001,181,lower_priority
rank081_GWHPBECS034414,neg_fix_v1_top200/rank081_GWHPBECS034414/work/solv_ions.gro,neg_fix_v1_top200/rank081_GWHPBECS034414/outputs/prod.dcd,LIG,62335,200,2.0,6892,440,47,1.4651432845225911,1.6005771624364833,0.10212821164356,2.0659518241882324,2.3150756865739823,0.4046653390342539,22.90178279876709,0.0839074202788419,8.997815035067704,2.3478750965152697,255.625,0.7973247818006612,2.0204222605309305,0.7418750000000001,182,lower_priority
rank148_GWHPBECS036196,neg_fix_v1_top200/rank148_GWHPBECS036196/work/solv_ions.gro,neg_fix_v1_top200/rank148_GWHPBECS036196/outputs/prod.dcd,LIG,76997,200,2.0,8331,528,47,1.675809773384647,1.7200138243306036,0.0632179686814773,3.284352302551269,3.0647690534591674,0.327369951939416,24.56736660003662,0.0623512901245808,8.248509573871402,2.1277355858660427,201.725,0.8322585353480596,5.3138941169541445,0.7615000000000001,183,lower_priority
rank032_GWHPBECS041248,neg_fix_v1_top200/rank032_GWHPBECS041248/work/solv_ions.gro,neg_fix_v1_top200/rank032_GWHPBECS041248/outputs/prod.dcd,LIG,73600,200,2.0,6216,389,47,2.0162781226542346,2.4672009492921694,0.1525634101298963,3.867913484573364,3.9354368686676025,0.2996679432603736,21.96232285499573,0.0493383558684239,8.460810422867993,2.1919092929624187,307.55,1.013274402135073,4.529088434449977,0.7640000000000001,184,lower_priority
rank139_GWHPBECS010875,neg_fix_v1_top200/rank139_GWHPBECS010875/work/solv_ions.gro,neg_fix_v1_top200/rank139_GWHPBECS010875/outputs/prod.dcd,LIG,66108,200,2.0,7347,471,47,1.8677666224017997,1.830693203844674,0.0504267474866358,5.454378128051758,5.326316261291504,0.3560195185522923,22.26601529121399,0.0397696487367895,10.164811902850964,2.279983214232595,264.675,0.7939412785680232,5.712960425414041,0.7765,185,lower_priority
rank170_GWHPBECS013069,neg_fix_v1_top200/rank170_GWHPBECS013069/work/solv_ions.gro,neg_fix_v1_top200/rank170_GWHPBECS013069/outputs/prod.dcd,LIG,56657,200,2.0,5651,357,47,1.6926344785291143,1.6857717937466703,0.095008457421145,4.484941959381104,3.9072827100753775,0.4171281879825478,22.47400803565979,0.0672908522666965,11.231709770813817,2.17271569851993,266.475,1.0595322351730505,3.391650607952314,0.78375,186,lower_priority
rank136_GWHPBECS012488,neg_fix_v1_top200/rank136_GWHPBECS012488/work/solv_ions.gro,neg_fix_v1_top200/rank136_GWHPBECS012488/outputs/prod.dcd,LIG,76366,200,2.0,6285,417,47,2.014227130260132,1.9894505875274888,0.0811128311232949,2.504480361938477,2.5430743038654327,0.2626642233176648,22.97279906272888,0.0851032817799624,9.139088544708454,2.2556818600319324,267.425,0.8108652130158315,5.80956607287268,0.794,187,lower_priority
rank188_GWHPBECS020861,neg_fix_v1_top200/rank188_GWHPBECS020861/work/solv_ions.gro,neg_fix_v1_top200/rank188_GWHPBECS020861/outputs/prod.dcd,LIG,73065,200,2.0,4697,295,47,3.398323641102929,2.73463923569094,0.2655214539729528,6.798089981079102,5.384021711349488,0.565358297967729,20.711678218841552,0.0557979801013311,11.630358494311754,2.029664065447413,217.65,1.1357437053646886,6.46323776815281,0.8112499999999999,188,lower_priority
rank168_GWHPBECS016597,neg_fix_v1_top200/rank168_GWHPBECS016597/work/solv_ions.gro,neg_fix_v1_top200/rank168_GWHPBECS016597/outputs/prod.dcd,LIG,97875,200,2.0,5210,331,47,2.524863051964614,2.468786107026509,0.1087805365569078,2.921652317047119,3.154354053735733,0.3578577635992416,23.21208701133728,0.1165343820592057,7.065951401882773,2.2128375232045934,285.45,1.2972831040355643,3.628748401150773,0.8285000000000001,189,lower_priority
rank159_GWHPBECS036889,neg_fix_v1_top200/rank159_GWHPBECS036889/work/solv_ions.gro,neg_fix_v1_top200/rank159_GWHPBECS036889/outputs/prod.dcd,LIG,62225,200,2.0,4575,294,47,3.387033717661798,3.247996384354562,0.2170126641631479,6.820571899414063,6.142550003528595,0.3769049355075344,21.135615587234497,0.075101877588944,23.84184421989998,2.0967507778363426,271.45,1.2686217093160417,5.244778679730015,0.83125,190,lower_priority
rank182_GWHPBECS007003,neg_fix_v1_top200/rank182_GWHPBECS007003/work/solv_ions.gro,neg_fix_v1_top200/rank182_GWHPBECS007003/outputs/prod.dcd,LIG,56827,200,2.0,7006,447,47,1.871744538798793,1.594580694239785,0.1167606384422697,4.388578414916992,3.985547268390656,0.3045406494449647,22.850577354431152,0.0738233676319567,10.982873206114256,2.291529907607476,122.475,0.8994901118263833,2.680737580684462,0.8325,191,lower_priority
rank169_GWHPBECS039806,neg_fix_v1_top200/rank169_GWHPBECS039806/work/solv_ions.gro,neg_fix_v1_top200/rank169_GWHPBECS039806/outputs/prod.dcd,LIG,93121,200,2.0,6311,403,47,3.226008192518898,2.8823774183340145,0.1839081890124157,3.259571313858032,3.407879763841629,0.1444742911076608,21.805406618118287,0.0758065110871549,10.257925910532476,2.3622347928847214,322.6,1.060123452367527,8.913275960651696,0.8355,192,lower_priority
rank198_GWHPBECS019953,neg_fix_v1_top200/rank198_GWHPBECS019953/work/solv_ions.gro,neg_fix_v1_top200/rank198_GWHPBECS019953/outputs/prod.dcd,LIG,70757,200,2.0,7293,467,47,1.7909390055189678,1.7818789609810697,0.0491463629644572,3.554548740386963,3.200378108024597,0.2716636328666189,22.83715925216675,0.0498900495949752,10.650782542492488,2.360622247212537,239.8,0.8557907868080239,3.3415055335981463,0.8405000000000001,193,lower_priority
rank195_GWHPBECS004647,neg_fix_v1_top200/rank195_GWHPBECS004647/work/solv_ions.gro,neg_fix_v1_top200/rank195_GWHPBECS004647/outputs/prod.dcd,LIG,84292,200,2.0,7107,451,47,1.680353059600623,1.623817284488534,0.1064003771272003,4.432201385498047,4.467388910055161,0.3535837753884969,22.85144701004028,0.057334382318844,18.730048017068107,2.4195230194475124,161.05,0.771228613245728,6.403346496775867,0.8445,194,lower_priority
rank050_GWHPBECS026452,neg_fix_v1_top200/rank050_GWHPBECS026452/work/solv_ions.gro,neg_fix_v1_top200/rank050_GWHPBECS026452/outputs/prod.dcd,LIG,78060,200,2.0,7548,475,47,2.0791470179888667,1.8172027779162705,0.1086085720262728,4.805255889892578,4.01769432425499,0.2984572121434357,22.922077465057374,0.0772983606767766,14.582832745203673,2.249202416782638,223.7,0.8055565465528974,6.293513087111899,0.8604999999999999,195,lower_priority
rank044_GWHPBECS014754,neg_fix_v1_top200/rank044_GWHPBECS014754/work/solv_ions.gro,neg_fix_v1_top200/rank044_GWHPBECS014754/outputs/prod.dcd,LIG,64414,200,2.0,6188,386,47,2.051030253455359,2.0089400530727186,0.1229605859825607,3.727547407150269,3.510741525888443,0.4560316676219345,21.673530101776123,0.0565756668996823,15.470880385854258,2.36251219475898,231.1,0.7852723355979799,3.3140286346450947,0.86875,196,lower_priority
rank124_GWHPBECS004330,neg_fix_v1_top200/rank124_GWHPBECS004330/work/solv_ions.gro,neg_fix_v1_top200/rank124_GWHPBECS004330/outputs/prod.dcd,LIG,56245,200,2.0,4108,255,47,2.471547451687873,2.40766920047206,0.1504455657875014,6.3661208152771,6.828277635574341,0.915809166468739,20.171527862548828,0.0767679302039916,24.85927277709757,2.1123449511488834,164.55,1.2844939299509857,3.744377443050874,0.87325,197,lower_priority
rank156_GWHPBECS018535,neg_fix_v1_top200/rank156_GWHPBECS018535/work/solv_ions.gro,neg_fix_v1_top200/rank156_GWHPBECS018535/outputs/prod.dcd,LIG,62367,200,2.0,5852,370,47,1.8321880666535564,1.901015738714328,0.0572822865652073,3.937444686889648,4.1119249522686,0.3726943208911418,21.03564648628235,0.0595011980397303,19.99473785407016,2.355718723474517,213.775,0.8503468768645963,2.5979378142716234,0.9020000000000001,198,lower_priority
rank052_GWHPBECS023839,neg_fix_v1_top200/rank052_GWHPBECS023839/work/solv_ions.gro,neg_fix_v1_top200/rank052_GWHPBECS023839/outputs/prod.dcd,LIG,61083,200,2.0,4802,311,47,2.0298644834928585,1.954998888256896,0.1362842671408112,7.480242252349853,6.316979503631591,0.7657822288352363,21.05574173927307,0.0982918924032612,16.78037025700001,2.3877547776304304,183.2,0.9453996776613246,4.495579498785068,0.96,199,lower_priority
rank089_GWHPBECS013743,neg_fix_v1_top200/rank089_GWHPBECS013743/work/solv_ions.gro,neg_fix_v1_top200/rank089_GWHPBECS013743/outputs/prod.dcd,LIG,140323,200,2.0,6182,400,47,3.4639224151430885,3.4619483180817965,0.1815463573374513,5.677125453948975,6.138609528541565,0.8905435202818619,28.32556004524231,0.1172619867608672,33.63004885250589,2.3933719006854117,182.35,1.3625423395077894,3.9761914129319567,0.9864999999999998,200,lower_priority
