candidate,sim_ns,n_frames,ligand_resname,polar_contacts_last20pct_mean,protein_contacts_last20pct_mean,water_oxygen_contacts_last20pct_mean,pocket_residue_count_last20pct_mean,top_contact_residues
rank001_GWHPBECS001198,2.0,200,LIG,8.7,333.3,67.625,24.075,GLY19;HIS20;ARG80;ILE81;GLU82;TYR312;ASN309;PHE383;SER366;LEU382;ASN365;GLY363;ALA384;PRO137;ALA308
rank018_GWHPBECS034039,2.0,200,LIG,9.3,383.95,46.975,25.4,GLY17;PHE86;HIS18;SER138;PHE119;LEU187;ASP381;PRO139;SER140;LEU145;LEU186;TYR185;PHE148;ALA380;TRP360
rank024_GWHPBECS013086,2.0,200,LIG,18.35,394.7,51.525,28.35,THR16;GLN17;GLY18;HIS19;GLY350;SER278;GLN134;THR371;SER353;ASN352;GLN333;LEU279;SER275;GLY277;TRP351
rank025_GWHPBECS039805,2.0,200,LIG,4.025,284.35,46.925,21.975,HIS24;PRO130;ARG183;MET187;PHE161;ALA153;ALA199;GLN202;VAL195;ILE158;LYS196;ASP384;PHE191;ALA157;CYS152
rank035_GWHPBECS039808,2.0,200,LIG,4.15,289.575,50.675,22.575,HIS24;SER383;PRO130;TYR161;VAL195;PHE191;THR192;PHE186;VAL187;THR199;PRO152;ILE153;HIS382;LEU131;LEU202
rank037_GWHPBECS041210,2.0,200,LIG,8.825,346.825,63.05,21.325,PHE87;THR141;LEU149;ILE146;ILE190;PHE191;SER188;GLY187;TRP280;ALA376;GLN206;GLU279;ASP378;GLY377;PHE202
rank038_GWHPBECS039781,2.0,200,LIG,10.425,304.275,61.05,26.675,PRO130;PHE92;PHE161;VAL153;CYS152;LEU131;TRP363;GLY362;SER383;HIS382;MET187;ILE183;ASN364;ALA195;GLN385
rank040_GWHPBECS026448,2.0,200,LIG,7.95,326.25,64.925,21.9,GLY17;HIS18;PHE117;LEU138;GLY204;TYR207;PHE139;GLU203;GLY386;TRP366;GLU387;PHE385;ASN367;PHE147;GLY365
rank055_GWHPBECS039787,2.0,200,LIG,5.375,329.325,56.35,25.975,ALA21;GLY23;HIS24;PHE92;SER151;CYS152;PRO130;PHE191;VAL187;TYR161;ILE158;VAL153;MET278;VAL195;PRO93
rank065_GWHPBECS011179,2.0,200,LIG,7.375,350.55,45.95,22.75,TRP12;HIS82;SER83;MET89;PRO86;VAL182;ILE135;PHE179;PHE178;TRP337;GLN359;ASP358;PHE357;GLY336;VAL136
rank072_GWHPBECS019993,2.0,200,LIG,12.925,350.725,34.175,25.4,TYR11;THR13;ARG76;HIS16;LEU79;ASN77;ASN340;GLN361;ASN118;TRP339;HIS336;GLY338;LEU263;ILE185;ASP360
rank074_GWHPBECS039786,2.0,200,LIG,6.875,366.975,62.025,23.65,PHE92;HIS24;CYS152;SER151;VAL131;PRO130;VAL195;PHE191;ARG202;VAL187;ILE158;VAL153;TYR161;GLN27;MET278
rank094_GWHPBECS025961,2.0,200,LIG,11.225,408.5,55.9,24.95,THR81;LEU115;VAL83;THR136;VAL135;TRP370;ASN371;SER137;PHE141;ASP181;VAL180;PRO182;TYR317;GLN392;GLU391
rank100_GWHPBECS025958,2.0,200,LIG,8.525,341.45,76.5,25.775,GLY17;HIS18;PHE116;VAL83;THR136;SER137;PRO182;ASP181;TYR389;GLN392;ALA390;GLU391;GLY369;ASN371;HIS367
rank109_GWHPBECS026007,2.0,200,LIG,9.35,390.775,63.775,25.45,HIS18;GLY369;VAL83;ILE115;PHE116;ASP181;THR136;ALA313;PRO182;TYR389;SER314;TYR317;GLN392;ASN371;ALA390
rank130_GWHPBECS026447,2.0,200,LIG,9.8,346.275,71.075,22.85,TRP15;HIS20;LEU140;PHE149;PHE141;VAL146;PHE119;ASP205;GLU387;SER386;TYR209;GLN388;HIS363;PHE155;VAL89
rank134_GWHPBECS005379,2.0,200,LIG,13.275,362.125,47.05,26.625,LEU17;HIS20;GLU152;THR151;TRP150;GLY356;LYS379;THR377;TYR200;MET214;TRP357;ASN358;LEU295;PHE376;SER328
rank150_GWHPBECS026461,2.0,200,LIG,5.775,350.5,43.875,26.0,TRP14;VAL85;MET190;GLU203;LEU164;PHE149;PHE207;PHE204;PHE167;ARG208;ALA382;SER163;LEU381;ILE141;ASP383
rank189_GWHPBECS034592,2.0,200,LIG,8.1,331.2,64.4,19.475,PHE17;GLY21;HIS22;ILE87;PRO88;CYS91;ALA128;PRO149;MET213;VAL308;ILE306;GLU403;PHE401;PHE400;THR148
rank200_GWHPBECS041035,2.0,200,LIG,10.9,359.275,59.75,24.025,GLY19;HIS20;PHE199;ILE85;PHE396;GLN399;PRO145;THR144;THR302;SER300;ILE301;HIS374;GLY376;ASN378;ALA397
