candidate,source_dir,status,production_ns,platform,gpu_id,n_atoms,trajectory,final_pdb,log
rank001_GWHPBECS001198,neg_fix_v1_top10,done,2.0,OpenMM-CUDA,0,75786,/home/jnz/AIGT_esmc/Gromacs/neg_fix_v1_top10/rank001_GWHPBECS001198/outputs/prod.dcd,/home/jnz/AIGT_esmc/Gromacs/neg_fix_v1_top10/rank001_GWHPBECS001198/outputs/final.pdb,/home/jnz/AIGT_esmc/Gromacs/neg_fix_v1_top10/rank001_GWHPBECS001198/outputs/prod.log
rank002_GWHPBECS032946,neg_fix_v1_top10,done,2.0,OpenMM-CUDA,0,76647,/home/jnz/AIGT_esmc/Gromacs/neg_fix_v1_top10/rank002_GWHPBECS032946/outputs/prod.dcd,/home/jnz/AIGT_esmc/Gromacs/neg_fix_v1_top10/rank002_GWHPBECS032946/outputs/final.pdb,/home/jnz/AIGT_esmc/Gromacs/neg_fix_v1_top10/rank002_GWHPBECS032946/outputs/prod.log
rank003_GWHPBECS031879,neg_fix_v1_top10,done,2.0,OpenMM-CUDA,0,80739,/home/jnz/AIGT_esmc/Gromacs/neg_fix_v1_top10/rank003_GWHPBECS031879/outputs/prod.dcd,/home/jnz/AIGT_esmc/Gromacs/neg_fix_v1_top10/rank003_GWHPBECS031879/outputs/final.pdb,/home/jnz/AIGT_esmc/Gromacs/neg_fix_v1_top10/rank003_GWHPBECS031879/outputs/prod.log
rank004_GWHPBECS023846,neg_fix_v1_top10,done,2.0,OpenMM-CUDA,0,64919,/home/jnz/AIGT_esmc/Gromacs/neg_fix_v1_top10/rank004_GWHPBECS023846/outputs/prod.dcd,/home/jnz/AIGT_esmc/Gromacs/neg_fix_v1_top10/rank004_GWHPBECS023846/outputs/final.pdb,/home/jnz/AIGT_esmc/Gromacs/neg_fix_v1_top10/rank004_GWHPBECS023846/outputs/prod.log
rank005_GWHPBECS023836,neg_fix_v1_top10,done,2.0,OpenMM-CUDA,0,63632,/home/jnz/AIGT_esmc/Gromacs/neg_fix_v1_top10/rank005_GWHPBECS023836/outputs/prod.dcd,/home/jnz/AIGT_esmc/Gromacs/neg_fix_v1_top10/rank005_GWHPBECS023836/outputs/final.pdb,/home/jnz/AIGT_esmc/Gromacs/neg_fix_v1_top10/rank005_GWHPBECS023836/outputs/prod.log
rank006_GWHPBECS024446,neg_fix_v1_top200,done,2.0,OpenMM-CUDA,0,71869,/home/jnz/AIGT_esmc/Gromacs/neg_fix_v1_top200/rank006_GWHPBECS024446/outputs/prod.dcd,/home/jnz/AIGT_esmc/Gromacs/neg_fix_v1_top200/rank006_GWHPBECS024446/outputs/final.pdb,/home/jnz/AIGT_esmc/Gromacs/neg_fix_v1_top200/rank006_GWHPBECS024446/outputs/prod.log
rank007_GWHPBECS041244,neg_fix_v1_top200,done,2.0,OpenMM-CUDA,0,65274,/home/jnz/AIGT_esmc/Gromacs/neg_fix_v1_top200/rank007_GWHPBECS041244/outputs/prod.dcd,/home/jnz/AIGT_esmc/Gromacs/neg_fix_v1_top200/rank007_GWHPBECS041244/outputs/final.pdb,/home/jnz/AIGT_esmc/Gromacs/neg_fix_v1_top200/rank007_GWHPBECS041244/outputs/prod.log
rank008_GWHPBECS005891,neg_fix_v1_top200,done,2.0,OpenMM-CUDA,0,71071,/home/jnz/AIGT_esmc/Gromacs/neg_fix_v1_top200/rank008_GWHPBECS005891/outputs/prod.dcd,/home/jnz/AIGT_esmc/Gromacs/neg_fix_v1_top200/rank008_GWHPBECS005891/outputs/final.pdb,/home/jnz/AIGT_esmc/Gromacs/neg_fix_v1_top200/rank008_GWHPBECS005891/outputs/prod.log
rank009_GWHPBECS041263,neg_fix_v1_top200,done,2.0,OpenMM-CUDA,0,59713,/home/jnz/AIGT_esmc/Gromacs/neg_fix_v1_top200/rank009_GWHPBECS041263/outputs/prod.dcd,/home/jnz/AIGT_esmc/Gromacs/neg_fix_v1_top200/rank009_GWHPBECS041263/outputs/final.pdb,/home/jnz/AIGT_esmc/Gromacs/neg_fix_v1_top200/rank009_GWHPBECS041263/outputs/prod.log
rank010_GWHPBECS005377,neg_fix_v1_top200,done,2.0,OpenMM-CUDA,0,67663,/home/jnz/AIGT_esmc/Gromacs/neg_fix_v1_top200/rank010_GWHPBECS005377/outputs/prod.dcd,/home/jnz/AIGT_esmc/Gromacs/neg_fix_v1_top200/rank010_GWHPBECS005377/outputs/final.pdb,/home/jnz/AIGT_esmc/Gromacs/neg_fix_v1_top200/rank010_GWHPBECS005377/outputs/prod.log
rank011_GWHPBECS041243,neg_fix_v1_top200,done,2.0,OpenMM-CUDA,0,68004,/home/jnz/AIGT_esmc/Gromacs/neg_fix_v1_top200/rank011_GWHPBECS041243/outputs/prod.dcd,/home/jnz/AIGT_esmc/Gromacs/neg_fix_v1_top200/rank011_GWHPBECS041243/outputs/final.pdb,/home/jnz/AIGT_esmc/Gromacs/neg_fix_v1_top200/rank011_GWHPBECS041243/outputs/prod.log
rank012_GWHPBECS006191,neg_fix_v1_top200,done,2.0,OpenMM-CUDA,0,68380,/home/jnz/AIGT_esmc/Gromacs/neg_fix_v1_top200/rank012_GWHPBECS006191/outputs/prod.dcd,/home/jnz/AIGT_esmc/Gromacs/neg_fix_v1_top200/rank012_GWHPBECS006191/outputs/final.pdb,/home/jnz/AIGT_esmc/Gromacs/neg_fix_v1_top200/rank012_GWHPBECS006191/outputs/prod.log
rank013_GWHPBECS041259,neg_fix_v1_top200,done,2.0,OpenMM-CUDA,0,57190,/home/jnz/AIGT_esmc/Gromacs/neg_fix_v1_top200/rank013_GWHPBECS041259/outputs/prod.dcd,/home/jnz/AIGT_esmc/Gromacs/neg_fix_v1_top200/rank013_GWHPBECS041259/outputs/final.pdb,/home/jnz/AIGT_esmc/Gromacs/neg_fix_v1_top200/rank013_GWHPBECS041259/outputs/prod.log
rank014_GWHPBECS036195,neg_fix_v1_top200,done,2.0,OpenMM-CUDA,0,76120,/home/jnz/AIGT_esmc/Gromacs/neg_fix_v1_top200/rank014_GWHPBECS036195/outputs/prod.dcd,/home/jnz/AIGT_esmc/Gromacs/neg_fix_v1_top200/rank014_GWHPBECS036195/outputs/final.pdb,/home/jnz/AIGT_esmc/Gromacs/neg_fix_v1_top200/rank014_GWHPBECS036195/outputs/prod.log
rank015_GWHPBECS041203,neg_fix_v1_top200,done,2.0,OpenMM-CUDA,0,57515,/home/jnz/AIGT_esmc/Gromacs/neg_fix_v1_top200/rank015_GWHPBECS041203/outputs/prod.dcd,/home/jnz/AIGT_esmc/Gromacs/neg_fix_v1_top200/rank015_GWHPBECS041203/outputs/final.pdb,/home/jnz/AIGT_esmc/Gromacs/neg_fix_v1_top200/rank015_GWHPBECS041203/outputs/prod.log
rank016_GWHPBECS019991,neg_fix_v1_top200,done,2.0,OpenMM-CUDA,0,67669,/home/jnz/AIGT_esmc/Gromacs/neg_fix_v1_top200/rank016_GWHPBECS019991/outputs/prod.dcd,/home/jnz/AIGT_esmc/Gromacs/neg_fix_v1_top200/rank016_GWHPBECS019991/outputs/final.pdb,/home/jnz/AIGT_esmc/Gromacs/neg_fix_v1_top200/rank016_GWHPBECS019991/outputs/prod.log
rank017_GWHPBECS039819,neg_fix_v1_top200,done,2.0,OpenMM-CUDA,0,85047,/home/jnz/AIGT_esmc/Gromacs/neg_fix_v1_top200/rank017_GWHPBECS039819/outputs/prod.dcd,/home/jnz/AIGT_esmc/Gromacs/neg_fix_v1_top200/rank017_GWHPBECS039819/outputs/final.pdb,/home/jnz/AIGT_esmc/Gromacs/neg_fix_v1_top200/rank017_GWHPBECS039819/outputs/prod.log
rank018_GWHPBECS034039,neg_fix_v1_top200,done,2.0,OpenMM-CUDA,0,55644,/home/jnz/AIGT_esmc/Gromacs/neg_fix_v1_top200/rank018_GWHPBECS034039/outputs/prod.dcd,/home/jnz/AIGT_esmc/Gromacs/neg_fix_v1_top200/rank018_GWHPBECS034039/outputs/final.pdb,/home/jnz/AIGT_esmc/Gromacs/neg_fix_v1_top200/rank018_GWHPBECS034039/outputs/prod.log
rank019_GWHPBECS041202,neg_fix_v1_top200,done,2.0,OpenMM-CUDA,0,62238,/home/jnz/AIGT_esmc/Gromacs/neg_fix_v1_top200/rank019_GWHPBECS041202/outputs/prod.dcd,/home/jnz/AIGT_esmc/Gromacs/neg_fix_v1_top200/rank019_GWHPBECS041202/outputs/final.pdb,/home/jnz/AIGT_esmc/Gromacs/neg_fix_v1_top200/rank019_GWHPBECS041202/outputs/prod.log
rank020_GWHPBECS023843,neg_fix_v1_top200,done,2.0,OpenMM-CUDA,0,62615,/home/jnz/AIGT_esmc/Gromacs/neg_fix_v1_top200/rank020_GWHPBECS023843/outputs/prod.dcd,/home/jnz/AIGT_esmc/Gromacs/neg_fix_v1_top200/rank020_GWHPBECS023843/outputs/final.pdb,/home/jnz/AIGT_esmc/Gromacs/neg_fix_v1_top200/rank020_GWHPBECS023843/outputs/prod.log
rank021_GWHPBECS039810,neg_fix_v1_top200,done,2.0,OpenMM-CUDA,0,65935,/home/jnz/AIGT_esmc/Gromacs/neg_fix_v1_top200/rank021_GWHPBECS039810/outputs/prod.dcd,/home/jnz/AIGT_esmc/Gromacs/neg_fix_v1_top200/rank021_GWHPBECS039810/outputs/final.pdb,/home/jnz/AIGT_esmc/Gromacs/neg_fix_v1_top200/rank021_GWHPBECS039810/outputs/prod.log
rank022_GWHPBECS041249,neg_fix_v1_top200,done,2.0,OpenMM-CUDA,0,63356,/home/jnz/AIGT_esmc/Gromacs/neg_fix_v1_top200/rank022_GWHPBECS041249/outputs/prod.dcd,/home/jnz/AIGT_esmc/Gromacs/neg_fix_v1_top200/rank022_GWHPBECS041249/outputs/final.pdb,/home/jnz/AIGT_esmc/Gromacs/neg_fix_v1_top200/rank022_GWHPBECS041249/outputs/prod.log
rank023_GWHPBECS023832,neg_fix_v1_top200,done,2.0,OpenMM-CUDA,0,65059,/home/jnz/AIGT_esmc/Gromacs/neg_fix_v1_top200/rank023_GWHPBECS023832/outputs/prod.dcd,/home/jnz/AIGT_esmc/Gromacs/neg_fix_v1_top200/rank023_GWHPBECS023832/outputs/final.pdb,/home/jnz/AIGT_esmc/Gromacs/neg_fix_v1_top200/rank023_GWHPBECS023832/outputs/prod.log
rank024_GWHPBECS013086,neg_fix_v1_top200,done,2.0,OpenMM-CUDA,0,74239,/home/jnz/AIGT_esmc/Gromacs/neg_fix_v1_top200/rank024_GWHPBECS013086/outputs/prod.dcd,/home/jnz/AIGT_esmc/Gromacs/neg_fix_v1_top200/rank024_GWHPBECS013086/outputs/final.pdb,/home/jnz/AIGT_esmc/Gromacs/neg_fix_v1_top200/rank024_GWHPBECS013086/outputs/prod.log
rank025_GWHPBECS039805,neg_fix_v1_top200,done,2.0,OpenMM-CUDA,0,61869,/home/jnz/AIGT_esmc/Gromacs/neg_fix_v1_top200/rank025_GWHPBECS039805/outputs/prod.dcd,/home/jnz/AIGT_esmc/Gromacs/neg_fix_v1_top200/rank025_GWHPBECS039805/outputs/final.pdb,/home/jnz/AIGT_esmc/Gromacs/neg_fix_v1_top200/rank025_GWHPBECS039805/outputs/prod.log
rank026_GWHPBECS005381,neg_fix_v1_top200,done,2.0,OpenMM-CUDA,0,67541,/home/jnz/AIGT_esmc/Gromacs/neg_fix_v1_top200/rank026_GWHPBECS005381/outputs/prod.dcd,/home/jnz/AIGT_esmc/Gromacs/neg_fix_v1_top200/rank026_GWHPBECS005381/outputs/final.pdb,/home/jnz/AIGT_esmc/Gromacs/neg_fix_v1_top200/rank026_GWHPBECS005381/outputs/prod.log
rank027_GWHPBECS005593,neg_fix_v1_top200,done,2.0,OpenMM-CUDA,0,167971,/home/jnz/AIGT_esmc/Gromacs/neg_fix_v1_top200/rank027_GWHPBECS005593/outputs/prod.dcd,/home/jnz/AIGT_esmc/Gromacs/neg_fix_v1_top200/rank027_GWHPBECS005593/outputs/final.pdb,/home/jnz/AIGT_esmc/Gromacs/neg_fix_v1_top200/rank027_GWHPBECS005593/outputs/prod.log
rank028_GWHPBECS041157,neg_fix_v1_top200,done,2.0,OpenMM-CUDA,0,64170,/home/jnz/AIGT_esmc/Gromacs/neg_fix_v1_top200/rank028_GWHPBECS041157/outputs/prod.dcd,/home/jnz/AIGT_esmc/Gromacs/neg_fix_v1_top200/rank028_GWHPBECS041157/outputs/final.pdb,/home/jnz/AIGT_esmc/Gromacs/neg_fix_v1_top200/rank028_GWHPBECS041157/outputs/prod.log
rank029_GWHPBECS026431,neg_fix_v1_top200,done,2.0,OpenMM-CUDA,0,64757,/home/jnz/AIGT_esmc/Gromacs/neg_fix_v1_top200/rank029_GWHPBECS026431/outputs/prod.dcd,/home/jnz/AIGT_esmc/Gromacs/neg_fix_v1_top200/rank029_GWHPBECS026431/outputs/final.pdb,/home/jnz/AIGT_esmc/Gromacs/neg_fix_v1_top200/rank029_GWHPBECS026431/outputs/prod.log
rank030_GWHPBECS023845,neg_fix_v1_top200,done,2.0,OpenMM-CUDA,0,61914,/home/jnz/AIGT_esmc/Gromacs/neg_fix_v1_top200/rank030_GWHPBECS023845/outputs/prod.dcd,/home/jnz/AIGT_esmc/Gromacs/neg_fix_v1_top200/rank030_GWHPBECS023845/outputs/final.pdb,/home/jnz/AIGT_esmc/Gromacs/neg_fix_v1_top200/rank030_GWHPBECS023845/outputs/prod.log
rank031_GWHPBECS019368,neg_fix_v1_top200,done,2.0,OpenMM-CUDA,0,56396,/home/jnz/AIGT_esmc/Gromacs/neg_fix_v1_top200/rank031_GWHPBECS019368/outputs/prod.dcd,/home/jnz/AIGT_esmc/Gromacs/neg_fix_v1_top200/rank031_GWHPBECS019368/outputs/final.pdb,/home/jnz/AIGT_esmc/Gromacs/neg_fix_v1_top200/rank031_GWHPBECS019368/outputs/prod.log
rank032_GWHPBECS041248,neg_fix_v1_top200,done,2.0,OpenMM-CUDA,0,73600,/home/jnz/AIGT_esmc/Gromacs/neg_fix_v1_top200/rank032_GWHPBECS041248/outputs/prod.dcd,/home/jnz/AIGT_esmc/Gromacs/neg_fix_v1_top200/rank032_GWHPBECS041248/outputs/final.pdb,/home/jnz/AIGT_esmc/Gromacs/neg_fix_v1_top200/rank032_GWHPBECS041248/outputs/prod.log
rank033_GWHPBECS023844,neg_fix_v1_top200,done,2.0,OpenMM-CUDA,0,67429,/home/jnz/AIGT_esmc/Gromacs/neg_fix_v1_top200/rank033_GWHPBECS023844/outputs/prod.dcd,/home/jnz/AIGT_esmc/Gromacs/neg_fix_v1_top200/rank033_GWHPBECS023844/outputs/final.pdb,/home/jnz/AIGT_esmc/Gromacs/neg_fix_v1_top200/rank033_GWHPBECS023844/outputs/prod.log
rank034_GWHPBECS019467,neg_fix_v1_top200,done,2.0,OpenMM-CUDA,0,68648,/home/jnz/AIGT_esmc/Gromacs/neg_fix_v1_top200/rank034_GWHPBECS019467/outputs/prod.dcd,/home/jnz/AIGT_esmc/Gromacs/neg_fix_v1_top200/rank034_GWHPBECS019467/outputs/final.pdb,/home/jnz/AIGT_esmc/Gromacs/neg_fix_v1_top200/rank034_GWHPBECS019467/outputs/prod.log
rank035_GWHPBECS039808,neg_fix_v1_top200,done,2.0,OpenMM-CUDA,0,57708,/home/jnz/AIGT_esmc/Gromacs/neg_fix_v1_top200/rank035_GWHPBECS039808/outputs/prod.dcd,/home/jnz/AIGT_esmc/Gromacs/neg_fix_v1_top200/rank035_GWHPBECS039808/outputs/final.pdb,/home/jnz/AIGT_esmc/Gromacs/neg_fix_v1_top200/rank035_GWHPBECS039808/outputs/prod.log
rank036_GWHPBECS011414,neg_fix_v1_top200,done,2.0,OpenMM-CUDA,0,70984,/home/jnz/AIGT_esmc/Gromacs/neg_fix_v1_top200/rank036_GWHPBECS011414/outputs/prod.dcd,/home/jnz/AIGT_esmc/Gromacs/neg_fix_v1_top200/rank036_GWHPBECS011414/outputs/final.pdb,/home/jnz/AIGT_esmc/Gromacs/neg_fix_v1_top200/rank036_GWHPBECS011414/outputs/prod.log
rank037_GWHPBECS041210,neg_fix_v1_top200,done,2.0,OpenMM-CUDA,0,70331,/home/jnz/AIGT_esmc/Gromacs/neg_fix_v1_top200/rank037_GWHPBECS041210/outputs/prod.dcd,/home/jnz/AIGT_esmc/Gromacs/neg_fix_v1_top200/rank037_GWHPBECS041210/outputs/final.pdb,/home/jnz/AIGT_esmc/Gromacs/neg_fix_v1_top200/rank037_GWHPBECS041210/outputs/prod.log
rank038_GWHPBECS039781,neg_fix_v1_top200,done,2.0,OpenMM-CUDA,0,63303,/home/jnz/AIGT_esmc/Gromacs/neg_fix_v1_top200/rank038_GWHPBECS039781/outputs/prod.dcd,/home/jnz/AIGT_esmc/Gromacs/neg_fix_v1_top200/rank038_GWHPBECS039781/outputs/final.pdb,/home/jnz/AIGT_esmc/Gromacs/neg_fix_v1_top200/rank038_GWHPBECS039781/outputs/prod.log
rank039_GWHPBECS041253,neg_fix_v1_top200,done,2.0,OpenMM-CUDA,0,69590,/home/jnz/AIGT_esmc/Gromacs/neg_fix_v1_top200/rank039_GWHPBECS041253/outputs/prod.dcd,/home/jnz/AIGT_esmc/Gromacs/neg_fix_v1_top200/rank039_GWHPBECS041253/outputs/final.pdb,/home/jnz/AIGT_esmc/Gromacs/neg_fix_v1_top200/rank039_GWHPBECS041253/outputs/prod.log
rank040_GWHPBECS026448,neg_fix_v1_top200,done,2.0,OpenMM-CUDA,0,76634,/home/jnz/AIGT_esmc/Gromacs/neg_fix_v1_top200/rank040_GWHPBECS026448/outputs/prod.dcd,/home/jnz/AIGT_esmc/Gromacs/neg_fix_v1_top200/rank040_GWHPBECS026448/outputs/final.pdb,/home/jnz/AIGT_esmc/Gromacs/neg_fix_v1_top200/rank040_GWHPBECS026448/outputs/prod.log
rank041_GWHPBECS041245,neg_fix_v1_top200,done,2.0,OpenMM-CUDA,0,56782,/home/jnz/AIGT_esmc/Gromacs/neg_fix_v1_top200/rank041_GWHPBECS041245/outputs/prod.dcd,/home/jnz/AIGT_esmc/Gromacs/neg_fix_v1_top200/rank041_GWHPBECS041245/outputs/final.pdb,/home/jnz/AIGT_esmc/Gromacs/neg_fix_v1_top200/rank041_GWHPBECS041245/outputs/prod.log
rank042_GWHPBECS041247,neg_fix_v1_top200,done,2.0,OpenMM-CUDA,0,58523,/home/jnz/AIGT_esmc/Gromacs/neg_fix_v1_top200/rank042_GWHPBECS041247/outputs/prod.dcd,/home/jnz/AIGT_esmc/Gromacs/neg_fix_v1_top200/rank042_GWHPBECS041247/outputs/final.pdb,/home/jnz/AIGT_esmc/Gromacs/neg_fix_v1_top200/rank042_GWHPBECS041247/outputs/prod.log
rank043_GWHPBECS041246,neg_fix_v1_top200,done,2.0,OpenMM-CUDA,0,56399,/home/jnz/AIGT_esmc/Gromacs/neg_fix_v1_top200/rank043_GWHPBECS041246/outputs/prod.dcd,/home/jnz/AIGT_esmc/Gromacs/neg_fix_v1_top200/rank043_GWHPBECS041246/outputs/final.pdb,/home/jnz/AIGT_esmc/Gromacs/neg_fix_v1_top200/rank043_GWHPBECS041246/outputs/prod.log
rank044_GWHPBECS014754,neg_fix_v1_top200,done,2.0,OpenMM-CUDA,0,64414,/home/jnz/AIGT_esmc/Gromacs/neg_fix_v1_top200/rank044_GWHPBECS014754/outputs/prod.dcd,/home/jnz/AIGT_esmc/Gromacs/neg_fix_v1_top200/rank044_GWHPBECS014754/outputs/final.pdb,/home/jnz/AIGT_esmc/Gromacs/neg_fix_v1_top200/rank044_GWHPBECS014754/outputs/prod.log
rank045_GWHPBECS026466,neg_fix_v1_top200,done,2.0,OpenMM-CUDA,0,67726,/home/jnz/AIGT_esmc/Gromacs/neg_fix_v1_top200/rank045_GWHPBECS026466/outputs/prod.dcd,/home/jnz/AIGT_esmc/Gromacs/neg_fix_v1_top200/rank045_GWHPBECS026466/outputs/final.pdb,/home/jnz/AIGT_esmc/Gromacs/neg_fix_v1_top200/rank045_GWHPBECS026466/outputs/prod.log
rank046_GWHPBECS019985,neg_fix_v1_top200,done,2.0,OpenMM-CUDA,0,63112,/home/jnz/AIGT_esmc/Gromacs/neg_fix_v1_top200/rank046_GWHPBECS019985/outputs/prod.dcd,/home/jnz/AIGT_esmc/Gromacs/neg_fix_v1_top200/rank046_GWHPBECS019985/outputs/final.pdb,/home/jnz/AIGT_esmc/Gromacs/neg_fix_v1_top200/rank046_GWHPBECS019985/outputs/prod.log
rank047_GWHPBECS039807,neg_fix_v1_top200,done,2.0,OpenMM-CUDA,0,57067,/home/jnz/AIGT_esmc/Gromacs/neg_fix_v1_top200/rank047_GWHPBECS039807/outputs/prod.dcd,/home/jnz/AIGT_esmc/Gromacs/neg_fix_v1_top200/rank047_GWHPBECS039807/outputs/final.pdb,/home/jnz/AIGT_esmc/Gromacs/neg_fix_v1_top200/rank047_GWHPBECS039807/outputs/prod.log
rank048_GWHPBECS019398,neg_fix_v1_top200,done,2.0,OpenMM-CUDA,0,57098,/home/jnz/AIGT_esmc/Gromacs/neg_fix_v1_top200/rank048_GWHPBECS019398/outputs/prod.dcd,/home/jnz/AIGT_esmc/Gromacs/neg_fix_v1_top200/rank048_GWHPBECS019398/outputs/final.pdb,/home/jnz/AIGT_esmc/Gromacs/neg_fix_v1_top200/rank048_GWHPBECS019398/outputs/prod.log
rank049_GWHPBECS039312,neg_fix_v1_top200,done,2.0,OpenMM-CUDA,0,67501,/home/jnz/AIGT_esmc/Gromacs/neg_fix_v1_top200/rank049_GWHPBECS039312/outputs/prod.dcd,/home/jnz/AIGT_esmc/Gromacs/neg_fix_v1_top200/rank049_GWHPBECS039312/outputs/final.pdb,/home/jnz/AIGT_esmc/Gromacs/neg_fix_v1_top200/rank049_GWHPBECS039312/outputs/prod.log
rank050_GWHPBECS026452,neg_fix_v1_top200,done,2.0,OpenMM-CUDA,0,78060,/home/jnz/AIGT_esmc/Gromacs/neg_fix_v1_top200/rank050_GWHPBECS026452/outputs/prod.dcd,/home/jnz/AIGT_esmc/Gromacs/neg_fix_v1_top200/rank050_GWHPBECS026452/outputs/final.pdb,/home/jnz/AIGT_esmc/Gromacs/neg_fix_v1_top200/rank050_GWHPBECS026452/outputs/prod.log
rank051_GWHPBECS039310,neg_fix_v1_top200,done,2.0,OpenMM-CUDA,0,64517,/home/jnz/AIGT_esmc/Gromacs/neg_fix_v1_top200/rank051_GWHPBECS039310/outputs/prod.dcd,/home/jnz/AIGT_esmc/Gromacs/neg_fix_v1_top200/rank051_GWHPBECS039310/outputs/final.pdb,/home/jnz/AIGT_esmc/Gromacs/neg_fix_v1_top200/rank051_GWHPBECS039310/outputs/prod.log
rank052_GWHPBECS023839,neg_fix_v1_top200,done,2.0,OpenMM-CUDA,0,61083,/home/jnz/AIGT_esmc/Gromacs/neg_fix_v1_top200/rank052_GWHPBECS023839/outputs/prod.dcd,/home/jnz/AIGT_esmc/Gromacs/neg_fix_v1_top200/rank052_GWHPBECS023839/outputs/final.pdb,/home/jnz/AIGT_esmc/Gromacs/neg_fix_v1_top200/rank052_GWHPBECS023839/outputs/prod.log
rank053_GWHPBECS039792,neg_fix_v1_top200,done,2.0,OpenMM-CUDA,0,59335,/home/jnz/AIGT_esmc/Gromacs/neg_fix_v1_top200/rank053_GWHPBECS039792/outputs/prod.dcd,/home/jnz/AIGT_esmc/Gromacs/neg_fix_v1_top200/rank053_GWHPBECS039792/outputs/final.pdb,/home/jnz/AIGT_esmc/Gromacs/neg_fix_v1_top200/rank053_GWHPBECS039792/outputs/prod.log
rank054_GWHPBECS019468,neg_fix_v1_top200,done,2.0,OpenMM-CUDA,0,62222,/home/jnz/AIGT_esmc/Gromacs/neg_fix_v1_top200/rank054_GWHPBECS019468/outputs/prod.dcd,/home/jnz/AIGT_esmc/Gromacs/neg_fix_v1_top200/rank054_GWHPBECS019468/outputs/final.pdb,/home/jnz/AIGT_esmc/Gromacs/neg_fix_v1_top200/rank054_GWHPBECS019468/outputs/prod.log
rank055_GWHPBECS039787,neg_fix_v1_top200,done,2.0,OpenMM-CUDA,0,67857,/home/jnz/AIGT_esmc/Gromacs/neg_fix_v1_top200/rank055_GWHPBECS039787/outputs/prod.dcd,/home/jnz/AIGT_esmc/Gromacs/neg_fix_v1_top200/rank055_GWHPBECS039787/outputs/final.pdb,/home/jnz/AIGT_esmc/Gromacs/neg_fix_v1_top200/rank055_GWHPBECS039787/outputs/prod.log
rank056_GWHPBECS041167,neg_fix_v1_top200,done,2.0,OpenMM-CUDA,0,69933,/home/jnz/AIGT_esmc/Gromacs/neg_fix_v1_top200/rank056_GWHPBECS041167/outputs/prod.dcd,/home/jnz/AIGT_esmc/Gromacs/neg_fix_v1_top200/rank056_GWHPBECS041167/outputs/final.pdb,/home/jnz/AIGT_esmc/Gromacs/neg_fix_v1_top200/rank056_GWHPBECS041167/outputs/prod.log
rank057_GWHPBECS026435,neg_fix_v1_top200,done,2.0,OpenMM-CUDA,0,62200,/home/jnz/AIGT_esmc/Gromacs/neg_fix_v1_top200/rank057_GWHPBECS026435/outputs/prod.dcd,/home/jnz/AIGT_esmc/Gromacs/neg_fix_v1_top200/rank057_GWHPBECS026435/outputs/final.pdb,/home/jnz/AIGT_esmc/Gromacs/neg_fix_v1_top200/rank057_GWHPBECS026435/outputs/prod.log
rank058_GWHPBECS042661,neg_fix_v1_top200,done,2.0,OpenMM-CUDA,0,80208,/home/jnz/AIGT_esmc/Gromacs/neg_fix_v1_top200/rank058_GWHPBECS042661/outputs/prod.dcd,/home/jnz/AIGT_esmc/Gromacs/neg_fix_v1_top200/rank058_GWHPBECS042661/outputs/final.pdb,/home/jnz/AIGT_esmc/Gromacs/neg_fix_v1_top200/rank058_GWHPBECS042661/outputs/prod.log
rank059_GWHPBECS039789,neg_fix_v1_top200,done,2.0,OpenMM-CUDA,0,64764,/home/jnz/AIGT_esmc/Gromacs/neg_fix_v1_top200/rank059_GWHPBECS039789/outputs/prod.dcd,/home/jnz/AIGT_esmc/Gromacs/neg_fix_v1_top200/rank059_GWHPBECS039789/outputs/final.pdb,/home/jnz/AIGT_esmc/Gromacs/neg_fix_v1_top200/rank059_GWHPBECS039789/outputs/prod.log
rank060_GWHPBECS041209,neg_fix_v1_top200,done,2.0,OpenMM-CUDA,0,65977,/home/jnz/AIGT_esmc/Gromacs/neg_fix_v1_top200/rank060_GWHPBECS041209/outputs/prod.dcd,/home/jnz/AIGT_esmc/Gromacs/neg_fix_v1_top200/rank060_GWHPBECS041209/outputs/final.pdb,/home/jnz/AIGT_esmc/Gromacs/neg_fix_v1_top200/rank060_GWHPBECS041209/outputs/prod.log
rank061_GWHPBECS039311,neg_fix_v1_top200,done,2.0,OpenMM-CUDA,0,67761,/home/jnz/AIGT_esmc/Gromacs/neg_fix_v1_top200/rank061_GWHPBECS039311/outputs/prod.dcd,/home/jnz/AIGT_esmc/Gromacs/neg_fix_v1_top200/rank061_GWHPBECS039311/outputs/final.pdb,/home/jnz/AIGT_esmc/Gromacs/neg_fix_v1_top200/rank061_GWHPBECS039311/outputs/prod.log
rank062_GWHPBECS023914,neg_fix_v1_top200,done,2.0,OpenMM-CUDA,0,63370,/home/jnz/AIGT_esmc/Gromacs/neg_fix_v1_top200/rank062_GWHPBECS023914/outputs/prod.dcd,/home/jnz/AIGT_esmc/Gromacs/neg_fix_v1_top200/rank062_GWHPBECS023914/outputs/final.pdb,/home/jnz/AIGT_esmc/Gromacs/neg_fix_v1_top200/rank062_GWHPBECS023914/outputs/prod.log
rank063_GWHPBECS010871,neg_fix_v1_top200,done,2.0,OpenMM-CUDA,0,62240,/home/jnz/AIGT_esmc/Gromacs/neg_fix_v1_top200/rank063_GWHPBECS010871/outputs/prod.dcd,/home/jnz/AIGT_esmc/Gromacs/neg_fix_v1_top200/rank063_GWHPBECS010871/outputs/final.pdb,/home/jnz/AIGT_esmc/Gromacs/neg_fix_v1_top200/rank063_GWHPBECS010871/outputs/prod.log
rank064_GWHPBECS026429,neg_fix_v1_top200,done,2.0,OpenMM-CUDA,0,73632,/home/jnz/AIGT_esmc/Gromacs/neg_fix_v1_top200/rank064_GWHPBECS026429/outputs/prod.dcd,/home/jnz/AIGT_esmc/Gromacs/neg_fix_v1_top200/rank064_GWHPBECS026429/outputs/final.pdb,/home/jnz/AIGT_esmc/Gromacs/neg_fix_v1_top200/rank064_GWHPBECS026429/outputs/prod.log
rank065_GWHPBECS011179,neg_fix_v1_top200,done,2.0,OpenMM-CUDA,0,65689,/home/jnz/AIGT_esmc/Gromacs/neg_fix_v1_top200/rank065_GWHPBECS011179/outputs/prod.dcd,/home/jnz/AIGT_esmc/Gromacs/neg_fix_v1_top200/rank065_GWHPBECS011179/outputs/final.pdb,/home/jnz/AIGT_esmc/Gromacs/neg_fix_v1_top200/rank065_GWHPBECS011179/outputs/prod.log
rank066_GWHPBECS010870,neg_fix_v1_top200,done,2.0,OpenMM-CUDA,0,63822,/home/jnz/AIGT_esmc/Gromacs/neg_fix_v1_top200/rank066_GWHPBECS010870/outputs/prod.dcd,/home/jnz/AIGT_esmc/Gromacs/neg_fix_v1_top200/rank066_GWHPBECS010870/outputs/final.pdb,/home/jnz/AIGT_esmc/Gromacs/neg_fix_v1_top200/rank066_GWHPBECS010870/outputs/prod.log
rank067_GWHPBECS041207,neg_fix_v1_top200,done,2.0,OpenMM-CUDA,0,63347,/home/jnz/AIGT_esmc/Gromacs/neg_fix_v1_top200/rank067_GWHPBECS041207/outputs/prod.dcd,/home/jnz/AIGT_esmc/Gromacs/neg_fix_v1_top200/rank067_GWHPBECS041207/outputs/final.pdb,/home/jnz/AIGT_esmc/Gromacs/neg_fix_v1_top200/rank067_GWHPBECS041207/outputs/prod.log
rank068_GWHPBECS026436,neg_fix_v1_top200,done,2.0,OpenMM-CUDA,0,69693,/home/jnz/AIGT_esmc/Gromacs/neg_fix_v1_top200/rank068_GWHPBECS026436/outputs/prod.dcd,/home/jnz/AIGT_esmc/Gromacs/neg_fix_v1_top200/rank068_GWHPBECS026436/outputs/final.pdb,/home/jnz/AIGT_esmc/Gromacs/neg_fix_v1_top200/rank068_GWHPBECS026436/outputs/prod.log
rank069_GWHPBECS010789,neg_fix_v1_top200,done,2.0,OpenMM-CUDA,0,61058,/home/jnz/AIGT_esmc/Gromacs/neg_fix_v1_top200/rank069_GWHPBECS010789/outputs/prod.dcd,/home/jnz/AIGT_esmc/Gromacs/neg_fix_v1_top200/rank069_GWHPBECS010789/outputs/final.pdb,/home/jnz/AIGT_esmc/Gromacs/neg_fix_v1_top200/rank069_GWHPBECS010789/outputs/prod.log
rank070_GWHPBECS006410,neg_fix_v1_top200,done,2.0,OpenMM-CUDA,0,63320,/home/jnz/AIGT_esmc/Gromacs/neg_fix_v1_top200/rank070_GWHPBECS006410/outputs/prod.dcd,/home/jnz/AIGT_esmc/Gromacs/neg_fix_v1_top200/rank070_GWHPBECS006410/outputs/final.pdb,/home/jnz/AIGT_esmc/Gromacs/neg_fix_v1_top200/rank070_GWHPBECS006410/outputs/prod.log
rank071_GWHPBECS039799,neg_fix_v1_top200,done,2.0,OpenMM-CUDA,0,61789,/home/jnz/AIGT_esmc/Gromacs/neg_fix_v1_top200/rank071_GWHPBECS039799/outputs/prod.dcd,/home/jnz/AIGT_esmc/Gromacs/neg_fix_v1_top200/rank071_GWHPBECS039799/outputs/final.pdb,/home/jnz/AIGT_esmc/Gromacs/neg_fix_v1_top200/rank071_GWHPBECS039799/outputs/prod.log
rank072_GWHPBECS019993,neg_fix_v1_top200,done,2.0,OpenMM-CUDA,0,67397,/home/jnz/AIGT_esmc/Gromacs/neg_fix_v1_top200/rank072_GWHPBECS019993/outputs/prod.dcd,/home/jnz/AIGT_esmc/Gromacs/neg_fix_v1_top200/rank072_GWHPBECS019993/outputs/final.pdb,/home/jnz/AIGT_esmc/Gromacs/neg_fix_v1_top200/rank072_GWHPBECS019993/outputs/prod.log
rank073_GWHPBECS005716,neg_fix_v1_top200,done,2.0,OpenMM-CUDA,0,77308,/home/jnz/AIGT_esmc/Gromacs/neg_fix_v1_top200/rank073_GWHPBECS005716/outputs/prod.dcd,/home/jnz/AIGT_esmc/Gromacs/neg_fix_v1_top200/rank073_GWHPBECS005716/outputs/final.pdb,/home/jnz/AIGT_esmc/Gromacs/neg_fix_v1_top200/rank073_GWHPBECS005716/outputs/prod.log
rank074_GWHPBECS039786,neg_fix_v1_top200,done,2.0,OpenMM-CUDA,0,61672,/home/jnz/AIGT_esmc/Gromacs/neg_fix_v1_top200/rank074_GWHPBECS039786/outputs/prod.dcd,/home/jnz/AIGT_esmc/Gromacs/neg_fix_v1_top200/rank074_GWHPBECS039786/outputs/final.pdb,/home/jnz/AIGT_esmc/Gromacs/neg_fix_v1_top200/rank074_GWHPBECS039786/outputs/prod.log
rank075_GWHPBECS026013,neg_fix_v1_top200,done,2.0,OpenMM-CUDA,0,73708,/home/jnz/AIGT_esmc/Gromacs/neg_fix_v1_top200/rank075_GWHPBECS026013/outputs/prod.dcd,/home/jnz/AIGT_esmc/Gromacs/neg_fix_v1_top200/rank075_GWHPBECS026013/outputs/final.pdb,/home/jnz/AIGT_esmc/Gromacs/neg_fix_v1_top200/rank075_GWHPBECS026013/outputs/prod.log
rank076_GWHPBECS019981,neg_fix_v1_top200,done,2.0,OpenMM-CUDA,0,67887,/home/jnz/AIGT_esmc/Gromacs/neg_fix_v1_top200/rank076_GWHPBECS019981/outputs/prod.dcd,/home/jnz/AIGT_esmc/Gromacs/neg_fix_v1_top200/rank076_GWHPBECS019981/outputs/final.pdb,/home/jnz/AIGT_esmc/Gromacs/neg_fix_v1_top200/rank076_GWHPBECS019981/outputs/prod.log
rank077_GWHPBECS023837,neg_fix_v1_top200,done,2.0,OpenMM-CUDA,0,63564,/home/jnz/AIGT_esmc/Gromacs/neg_fix_v1_top200/rank077_GWHPBECS023837/outputs/prod.dcd,/home/jnz/AIGT_esmc/Gromacs/neg_fix_v1_top200/rank077_GWHPBECS023837/outputs/final.pdb,/home/jnz/AIGT_esmc/Gromacs/neg_fix_v1_top200/rank077_GWHPBECS023837/outputs/prod.log
rank078_GWHPBECS039811,neg_fix_v1_top200,done,2.0,OpenMM-CUDA,0,66165,/home/jnz/AIGT_esmc/Gromacs/neg_fix_v1_top200/rank078_GWHPBECS039811/outputs/prod.dcd,/home/jnz/AIGT_esmc/Gromacs/neg_fix_v1_top200/rank078_GWHPBECS039811/outputs/final.pdb,/home/jnz/AIGT_esmc/Gromacs/neg_fix_v1_top200/rank078_GWHPBECS039811/outputs/prod.log
rank079_GWHPBECS023850,neg_fix_v1_top200,done,2.0,OpenMM-CUDA,0,66831,/home/jnz/AIGT_esmc/Gromacs/neg_fix_v1_top200/rank079_GWHPBECS023850/outputs/prod.dcd,/home/jnz/AIGT_esmc/Gromacs/neg_fix_v1_top200/rank079_GWHPBECS023850/outputs/final.pdb,/home/jnz/AIGT_esmc/Gromacs/neg_fix_v1_top200/rank079_GWHPBECS023850/outputs/prod.log
rank080_GWHPBECS013157,neg_fix_v1_top200,done,2.0,OpenMM-CUDA,0,88975,/home/jnz/AIGT_esmc/Gromacs/neg_fix_v1_top200/rank080_GWHPBECS013157/outputs/prod.dcd,/home/jnz/AIGT_esmc/Gromacs/neg_fix_v1_top200/rank080_GWHPBECS013157/outputs/final.pdb,/home/jnz/AIGT_esmc/Gromacs/neg_fix_v1_top200/rank080_GWHPBECS013157/outputs/prod.log
rank081_GWHPBECS034414,neg_fix_v1_top200,done,2.0,OpenMM-CUDA,0,62335,/home/jnz/AIGT_esmc/Gromacs/neg_fix_v1_top200/rank081_GWHPBECS034414/outputs/prod.dcd,/home/jnz/AIGT_esmc/Gromacs/neg_fix_v1_top200/rank081_GWHPBECS034414/outputs/final.pdb,/home/jnz/AIGT_esmc/Gromacs/neg_fix_v1_top200/rank081_GWHPBECS034414/outputs/prod.log
rank082_GWHPBECS005886,neg_fix_v1_top200,done,2.0,OpenMM-CUDA,0,88310,/home/jnz/AIGT_esmc/Gromacs/neg_fix_v1_top200/rank082_GWHPBECS005886/outputs/prod.dcd,/home/jnz/AIGT_esmc/Gromacs/neg_fix_v1_top200/rank082_GWHPBECS005886/outputs/final.pdb,/home/jnz/AIGT_esmc/Gromacs/neg_fix_v1_top200/rank082_GWHPBECS005886/outputs/prod.log
rank083_GWHPBECS005717,neg_fix_v1_top200,done,2.0,OpenMM-CUDA,0,79525,/home/jnz/AIGT_esmc/Gromacs/neg_fix_v1_top200/rank083_GWHPBECS005717/outputs/prod.dcd,/home/jnz/AIGT_esmc/Gromacs/neg_fix_v1_top200/rank083_GWHPBECS005717/outputs/final.pdb,/home/jnz/AIGT_esmc/Gromacs/neg_fix_v1_top200/rank083_GWHPBECS005717/outputs/prod.log
rank084_GWHPBECS039817,neg_fix_v1_top200,done,2.0,OpenMM-CUDA,0,56396,/home/jnz/AIGT_esmc/Gromacs/neg_fix_v1_top200/rank084_GWHPBECS039817/outputs/prod.dcd,/home/jnz/AIGT_esmc/Gromacs/neg_fix_v1_top200/rank084_GWHPBECS039817/outputs/final.pdb,/home/jnz/AIGT_esmc/Gromacs/neg_fix_v1_top200/rank084_GWHPBECS039817/outputs/prod.log
rank085_GWHPBECS010867,neg_fix_v1_top200,done,2.0,OpenMM-CUDA,0,58292,/home/jnz/AIGT_esmc/Gromacs/neg_fix_v1_top200/rank085_GWHPBECS010867/outputs/prod.dcd,/home/jnz/AIGT_esmc/Gromacs/neg_fix_v1_top200/rank085_GWHPBECS010867/outputs/final.pdb,/home/jnz/AIGT_esmc/Gromacs/neg_fix_v1_top200/rank085_GWHPBECS010867/outputs/prod.log
rank086_GWHPBECS012285,neg_fix_v1_top200,done,2.0,OpenMM-CUDA,0,59548,/home/jnz/AIGT_esmc/Gromacs/neg_fix_v1_top200/rank086_GWHPBECS012285/outputs/prod.dcd,/home/jnz/AIGT_esmc/Gromacs/neg_fix_v1_top200/rank086_GWHPBECS012285/outputs/final.pdb,/home/jnz/AIGT_esmc/Gromacs/neg_fix_v1_top200/rank086_GWHPBECS012285/outputs/prod.log
rank087_GWHPBECS012286,neg_fix_v1_top200,done,2.0,OpenMM-CUDA,0,57273,/home/jnz/AIGT_esmc/Gromacs/neg_fix_v1_top200/rank087_GWHPBECS012286/outputs/prod.dcd,/home/jnz/AIGT_esmc/Gromacs/neg_fix_v1_top200/rank087_GWHPBECS012286/outputs/final.pdb,/home/jnz/AIGT_esmc/Gromacs/neg_fix_v1_top200/rank087_GWHPBECS012286/outputs/prod.log
rank088_GWHPBECS023852,neg_fix_v1_top200,done,2.0,OpenMM-CUDA,0,64840,/home/jnz/AIGT_esmc/Gromacs/neg_fix_v1_top200/rank088_GWHPBECS023852/outputs/prod.dcd,/home/jnz/AIGT_esmc/Gromacs/neg_fix_v1_top200/rank088_GWHPBECS023852/outputs/final.pdb,/home/jnz/AIGT_esmc/Gromacs/neg_fix_v1_top200/rank088_GWHPBECS023852/outputs/prod.log
rank089_GWHPBECS013743,neg_fix_v1_top200,done,2.0,OpenMM-CUDA,0,140323,/home/jnz/AIGT_esmc/Gromacs/neg_fix_v1_top200/rank089_GWHPBECS013743/outputs/prod.dcd,/home/jnz/AIGT_esmc/Gromacs/neg_fix_v1_top200/rank089_GWHPBECS013743/outputs/final.pdb,/home/jnz/AIGT_esmc/Gromacs/neg_fix_v1_top200/rank089_GWHPBECS013743/outputs/prod.log
rank090_GWHPBECS005108,neg_fix_v1_top200,done,2.0,OpenMM-CUDA,0,68407,/home/jnz/AIGT_esmc/Gromacs/neg_fix_v1_top200/rank090_GWHPBECS005108/outputs/prod.dcd,/home/jnz/AIGT_esmc/Gromacs/neg_fix_v1_top200/rank090_GWHPBECS005108/outputs/final.pdb,/home/jnz/AIGT_esmc/Gromacs/neg_fix_v1_top200/rank090_GWHPBECS005108/outputs/prod.log
rank091_GWHPBECS012315,neg_fix_v1_top200,done,2.0,OpenMM-CUDA,0,65715,/home/jnz/AIGT_esmc/Gromacs/neg_fix_v1_top200/rank091_GWHPBECS012315/outputs/prod.dcd,/home/jnz/AIGT_esmc/Gromacs/neg_fix_v1_top200/rank091_GWHPBECS012315/outputs/final.pdb,/home/jnz/AIGT_esmc/Gromacs/neg_fix_v1_top200/rank091_GWHPBECS012315/outputs/prod.log
rank092_GWHPBECS026493,neg_fix_v1_top200,done,2.0,OpenMM-CUDA,0,59286,/home/jnz/AIGT_esmc/Gromacs/neg_fix_v1_top200/rank092_GWHPBECS026493/outputs/prod.dcd,/home/jnz/AIGT_esmc/Gromacs/neg_fix_v1_top200/rank092_GWHPBECS026493/outputs/final.pdb,/home/jnz/AIGT_esmc/Gromacs/neg_fix_v1_top200/rank092_GWHPBECS026493/outputs/prod.log
rank093_GWHPBECS005718,neg_fix_v1_top200,done,2.0,OpenMM-CUDA,0,64443,/home/jnz/AIGT_esmc/Gromacs/neg_fix_v1_top200/rank093_GWHPBECS005718/outputs/prod.dcd,/home/jnz/AIGT_esmc/Gromacs/neg_fix_v1_top200/rank093_GWHPBECS005718/outputs/final.pdb,/home/jnz/AIGT_esmc/Gromacs/neg_fix_v1_top200/rank093_GWHPBECS005718/outputs/prod.log
rank094_GWHPBECS025961,neg_fix_v1_top200,done,2.0,OpenMM-CUDA,0,57089,/home/jnz/AIGT_esmc/Gromacs/neg_fix_v1_top200/rank094_GWHPBECS025961/outputs/prod.dcd,/home/jnz/AIGT_esmc/Gromacs/neg_fix_v1_top200/rank094_GWHPBECS025961/outputs/final.pdb,/home/jnz/AIGT_esmc/Gromacs/neg_fix_v1_top200/rank094_GWHPBECS025961/outputs/prod.log
rank095_GWHPBECS041382,neg_fix_v1_top200,done,2.0,OpenMM-CUDA,0,57745,/home/jnz/AIGT_esmc/Gromacs/neg_fix_v1_top200/rank095_GWHPBECS041382/outputs/prod.dcd,/home/jnz/AIGT_esmc/Gromacs/neg_fix_v1_top200/rank095_GWHPBECS041382/outputs/final.pdb,/home/jnz/AIGT_esmc/Gromacs/neg_fix_v1_top200/rank095_GWHPBECS041382/outputs/prod.log
rank096_GWHPBECS025373,neg_fix_v1_top200,done,2.0,OpenMM-CUDA,0,64859,/home/jnz/AIGT_esmc/Gromacs/neg_fix_v1_top200/rank096_GWHPBECS025373/outputs/prod.dcd,/home/jnz/AIGT_esmc/Gromacs/neg_fix_v1_top200/rank096_GWHPBECS025373/outputs/final.pdb,/home/jnz/AIGT_esmc/Gromacs/neg_fix_v1_top200/rank096_GWHPBECS025373/outputs/prod.log
rank097_GWHPBECS013088,neg_fix_v1_top200,done,2.0,OpenMM-CUDA,0,87590,/home/jnz/AIGT_esmc/Gromacs/neg_fix_v1_top200/rank097_GWHPBECS013088/outputs/prod.dcd,/home/jnz/AIGT_esmc/Gromacs/neg_fix_v1_top200/rank097_GWHPBECS013088/outputs/final.pdb,/home/jnz/AIGT_esmc/Gromacs/neg_fix_v1_top200/rank097_GWHPBECS013088/outputs/prod.log
rank098_GWHPBECS028344,neg_fix_v1_top200,done,2.0,OpenMM-CUDA,0,90820,/home/jnz/AIGT_esmc/Gromacs/neg_fix_v1_top200/rank098_GWHPBECS028344/outputs/prod.dcd,/home/jnz/AIGT_esmc/Gromacs/neg_fix_v1_top200/rank098_GWHPBECS028344/outputs/final.pdb,/home/jnz/AIGT_esmc/Gromacs/neg_fix_v1_top200/rank098_GWHPBECS028344/outputs/prod.log
rank099_GWHPBECS019951,neg_fix_v1_top200,done,2.0,OpenMM-CUDA,0,63503,/home/jnz/AIGT_esmc/Gromacs/neg_fix_v1_top200/rank099_GWHPBECS019951/outputs/prod.dcd,/home/jnz/AIGT_esmc/Gromacs/neg_fix_v1_top200/rank099_GWHPBECS019951/outputs/final.pdb,/home/jnz/AIGT_esmc/Gromacs/neg_fix_v1_top200/rank099_GWHPBECS019951/outputs/prod.log
rank100_GWHPBECS025958,neg_fix_v1_top200,done,2.0,OpenMM-CUDA,0,70125,/home/jnz/AIGT_esmc/Gromacs/neg_fix_v1_top200/rank100_GWHPBECS025958/outputs/prod.dcd,/home/jnz/AIGT_esmc/Gromacs/neg_fix_v1_top200/rank100_GWHPBECS025958/outputs/final.pdb,/home/jnz/AIGT_esmc/Gromacs/neg_fix_v1_top200/rank100_GWHPBECS025958/outputs/prod.log
rank101_GWHPBECS012442,neg_fix_v1_top200,done,2.0,OpenMM-CUDA,0,57612,/home/jnz/AIGT_esmc/Gromacs/neg_fix_v1_top200/rank101_GWHPBECS012442/outputs/prod.dcd,/home/jnz/AIGT_esmc/Gromacs/neg_fix_v1_top200/rank101_GWHPBECS012442/outputs/final.pdb,/home/jnz/AIGT_esmc/Gromacs/neg_fix_v1_top200/rank101_GWHPBECS012442/outputs/prod.log
rank102_GWHPBECS005721,neg_fix_v1_top200,done,2.0,OpenMM-CUDA,0,74695,/home/jnz/AIGT_esmc/Gromacs/neg_fix_v1_top200/rank102_GWHPBECS005721/outputs/prod.dcd,/home/jnz/AIGT_esmc/Gromacs/neg_fix_v1_top200/rank102_GWHPBECS005721/outputs/final.pdb,/home/jnz/AIGT_esmc/Gromacs/neg_fix_v1_top200/rank102_GWHPBECS005721/outputs/prod.log
rank103_GWHPBECS041304,neg_fix_v1_top200,done,2.0,OpenMM-CUDA,0,58820,/home/jnz/AIGT_esmc/Gromacs/neg_fix_v1_top200/rank103_GWHPBECS041304/outputs/prod.dcd,/home/jnz/AIGT_esmc/Gromacs/neg_fix_v1_top200/rank103_GWHPBECS041304/outputs/final.pdb,/home/jnz/AIGT_esmc/Gromacs/neg_fix_v1_top200/rank103_GWHPBECS041304/outputs/prod.log
rank104_GWHPBECS012324,neg_fix_v1_top200,done,2.0,OpenMM-CUDA,0,56395,/home/jnz/AIGT_esmc/Gromacs/neg_fix_v1_top200/rank104_GWHPBECS012324/outputs/prod.dcd,/home/jnz/AIGT_esmc/Gromacs/neg_fix_v1_top200/rank104_GWHPBECS012324/outputs/final.pdb,/home/jnz/AIGT_esmc/Gromacs/neg_fix_v1_top200/rank104_GWHPBECS012324/outputs/prod.log
rank105_GWHPBECS013089,neg_fix_v1_top200,done,2.0,OpenMM-CUDA,0,73239,/home/jnz/AIGT_esmc/Gromacs/neg_fix_v1_top200/rank105_GWHPBECS013089/outputs/prod.dcd,/home/jnz/AIGT_esmc/Gromacs/neg_fix_v1_top200/rank105_GWHPBECS013089/outputs/final.pdb,/home/jnz/AIGT_esmc/Gromacs/neg_fix_v1_top200/rank105_GWHPBECS013089/outputs/prod.log
rank106_GWHPBECS025966,neg_fix_v1_top200,done,2.0,OpenMM-CUDA,0,56923,/home/jnz/AIGT_esmc/Gromacs/neg_fix_v1_top200/rank106_GWHPBECS025966/outputs/prod.dcd,/home/jnz/AIGT_esmc/Gromacs/neg_fix_v1_top200/rank106_GWHPBECS025966/outputs/final.pdb,/home/jnz/AIGT_esmc/Gromacs/neg_fix_v1_top200/rank106_GWHPBECS025966/outputs/prod.log
rank107_GWHPBECS010868,neg_fix_v1_top200,done,2.0,OpenMM-CUDA,0,56974,/home/jnz/AIGT_esmc/Gromacs/neg_fix_v1_top200/rank107_GWHPBECS010868/outputs/prod.dcd,/home/jnz/AIGT_esmc/Gromacs/neg_fix_v1_top200/rank107_GWHPBECS010868/outputs/final.pdb,/home/jnz/AIGT_esmc/Gromacs/neg_fix_v1_top200/rank107_GWHPBECS010868/outputs/prod.log
rank108_GWHPBECS014891,neg_fix_v1_top200,done,2.0,OpenMM-CUDA,0,65925,/home/jnz/AIGT_esmc/Gromacs/neg_fix_v1_top200/rank108_GWHPBECS014891/outputs/prod.dcd,/home/jnz/AIGT_esmc/Gromacs/neg_fix_v1_top200/rank108_GWHPBECS014891/outputs/final.pdb,/home/jnz/AIGT_esmc/Gromacs/neg_fix_v1_top200/rank108_GWHPBECS014891/outputs/prod.log
rank109_GWHPBECS026007,neg_fix_v1_top200,done,2.0,OpenMM-CUDA,0,67906,/home/jnz/AIGT_esmc/Gromacs/neg_fix_v1_top200/rank109_GWHPBECS026007/outputs/prod.dcd,/home/jnz/AIGT_esmc/Gromacs/neg_fix_v1_top200/rank109_GWHPBECS026007/outputs/final.pdb,/home/jnz/AIGT_esmc/Gromacs/neg_fix_v1_top200/rank109_GWHPBECS026007/outputs/prod.log
rank110_GWHPBECS026010,neg_fix_v1_top200,done,2.0,OpenMM-CUDA,0,66037,/home/jnz/AIGT_esmc/Gromacs/neg_fix_v1_top200/rank110_GWHPBECS026010/outputs/prod.dcd,/home/jnz/AIGT_esmc/Gromacs/neg_fix_v1_top200/rank110_GWHPBECS026010/outputs/final.pdb,/home/jnz/AIGT_esmc/Gromacs/neg_fix_v1_top200/rank110_GWHPBECS026010/outputs/prod.log
rank111_GWHPBECS007006,neg_fix_v1_top200,done,2.0,OpenMM-CUDA,0,63585,/home/jnz/AIGT_esmc/Gromacs/neg_fix_v1_top200/rank111_GWHPBECS007006/outputs/prod.dcd,/home/jnz/AIGT_esmc/Gromacs/neg_fix_v1_top200/rank111_GWHPBECS007006/outputs/final.pdb,/home/jnz/AIGT_esmc/Gromacs/neg_fix_v1_top200/rank111_GWHPBECS007006/outputs/prod.log
rank112_GWHPBECS025037,neg_fix_v1_top200,done,2.0,OpenMM-CUDA,0,114450,/home/jnz/AIGT_esmc/Gromacs/neg_fix_v1_top200/rank112_GWHPBECS025037/outputs/prod.dcd,/home/jnz/AIGT_esmc/Gromacs/neg_fix_v1_top200/rank112_GWHPBECS025037/outputs/final.pdb,/home/jnz/AIGT_esmc/Gromacs/neg_fix_v1_top200/rank112_GWHPBECS025037/outputs/prod.log
rank113_GWHPBECS007575,neg_fix_v1_top200,done,2.0,OpenMM-CUDA,0,97863,/home/jnz/AIGT_esmc/Gromacs/neg_fix_v1_top200/rank113_GWHPBECS007575/outputs/prod.dcd,/home/jnz/AIGT_esmc/Gromacs/neg_fix_v1_top200/rank113_GWHPBECS007575/outputs/final.pdb,/home/jnz/AIGT_esmc/Gromacs/neg_fix_v1_top200/rank113_GWHPBECS007575/outputs/prod.log
rank114_GWHPBECS026009,neg_fix_v1_top200,done,2.0,OpenMM-CUDA,0,76337,/home/jnz/AIGT_esmc/Gromacs/neg_fix_v1_top200/rank114_GWHPBECS026009/outputs/prod.dcd,/home/jnz/AIGT_esmc/Gromacs/neg_fix_v1_top200/rank114_GWHPBECS026009/outputs/final.pdb,/home/jnz/AIGT_esmc/Gromacs/neg_fix_v1_top200/rank114_GWHPBECS026009/outputs/prod.log
rank115_GWHPBECS012284,neg_fix_v1_top200,done,2.0,OpenMM-CUDA,0,61844,/home/jnz/AIGT_esmc/Gromacs/neg_fix_v1_top200/rank115_GWHPBECS012284/outputs/prod.dcd,/home/jnz/AIGT_esmc/Gromacs/neg_fix_v1_top200/rank115_GWHPBECS012284/outputs/final.pdb,/home/jnz/AIGT_esmc/Gromacs/neg_fix_v1_top200/rank115_GWHPBECS012284/outputs/prod.log
rank116_GWHPBECS006520,neg_fix_v1_top200,done,2.0,OpenMM-CUDA,0,57187,/home/jnz/AIGT_esmc/Gromacs/neg_fix_v1_top200/rank116_GWHPBECS006520/outputs/prod.dcd,/home/jnz/AIGT_esmc/Gromacs/neg_fix_v1_top200/rank116_GWHPBECS006520/outputs/final.pdb,/home/jnz/AIGT_esmc/Gromacs/neg_fix_v1_top200/rank116_GWHPBECS006520/outputs/prod.log
rank117_GWHPBECS041305,neg_fix_v1_top200,done,2.0,OpenMM-CUDA,0,57775,/home/jnz/AIGT_esmc/Gromacs/neg_fix_v1_top200/rank117_GWHPBECS041305/outputs/prod.dcd,/home/jnz/AIGT_esmc/Gromacs/neg_fix_v1_top200/rank117_GWHPBECS041305/outputs/final.pdb,/home/jnz/AIGT_esmc/Gromacs/neg_fix_v1_top200/rank117_GWHPBECS041305/outputs/prod.log
rank118_GWHPBECS026005,neg_fix_v1_top200,done,2.0,OpenMM-CUDA,0,68552,/home/jnz/AIGT_esmc/Gromacs/neg_fix_v1_top200/rank118_GWHPBECS026005/outputs/prod.dcd,/home/jnz/AIGT_esmc/Gromacs/neg_fix_v1_top200/rank118_GWHPBECS026005/outputs/final.pdb,/home/jnz/AIGT_esmc/Gromacs/neg_fix_v1_top200/rank118_GWHPBECS026005/outputs/prod.log
rank119_GWHPBECS026453,neg_fix_v1_top200,done,2.0,OpenMM-CUDA,0,81745,/home/jnz/AIGT_esmc/Gromacs/neg_fix_v1_top200/rank119_GWHPBECS026453/outputs/prod.dcd,/home/jnz/AIGT_esmc/Gromacs/neg_fix_v1_top200/rank119_GWHPBECS026453/outputs/final.pdb,/home/jnz/AIGT_esmc/Gromacs/neg_fix_v1_top200/rank119_GWHPBECS026453/outputs/prod.log
rank120_GWHPBECS010761,neg_fix_v1_top200,done,2.0,OpenMM-CUDA,0,63820,/home/jnz/AIGT_esmc/Gromacs/neg_fix_v1_top200/rank120_GWHPBECS010761/outputs/prod.dcd,/home/jnz/AIGT_esmc/Gromacs/neg_fix_v1_top200/rank120_GWHPBECS010761/outputs/final.pdb,/home/jnz/AIGT_esmc/Gromacs/neg_fix_v1_top200/rank120_GWHPBECS010761/outputs/prod.log
rank121_GWHPBECS012437,neg_fix_v1_top200,done,2.0,OpenMM-CUDA,0,60784,/home/jnz/AIGT_esmc/Gromacs/neg_fix_v1_top200/rank121_GWHPBECS012437/outputs/prod.dcd,/home/jnz/AIGT_esmc/Gromacs/neg_fix_v1_top200/rank121_GWHPBECS012437/outputs/final.pdb,/home/jnz/AIGT_esmc/Gromacs/neg_fix_v1_top200/rank121_GWHPBECS012437/outputs/prod.log
rank122_GWHPBECS012322,neg_fix_v1_top200,done,2.0,OpenMM-CUDA,0,61251,/home/jnz/AIGT_esmc/Gromacs/neg_fix_v1_top200/rank122_GWHPBECS012322/outputs/prod.dcd,/home/jnz/AIGT_esmc/Gromacs/neg_fix_v1_top200/rank122_GWHPBECS012322/outputs/final.pdb,/home/jnz/AIGT_esmc/Gromacs/neg_fix_v1_top200/rank122_GWHPBECS012322/outputs/prod.log
rank123_GWHPBECS010760,neg_fix_v1_top200,done,2.0,OpenMM-CUDA,0,74204,/home/jnz/AIGT_esmc/Gromacs/neg_fix_v1_top200/rank123_GWHPBECS010760/outputs/prod.dcd,/home/jnz/AIGT_esmc/Gromacs/neg_fix_v1_top200/rank123_GWHPBECS010760/outputs/final.pdb,/home/jnz/AIGT_esmc/Gromacs/neg_fix_v1_top200/rank123_GWHPBECS010760/outputs/prod.log
rank124_GWHPBECS004330,neg_fix_v1_top200,done,2.0,OpenMM-CUDA,0,56245,/home/jnz/AIGT_esmc/Gromacs/neg_fix_v1_top200/rank124_GWHPBECS004330/outputs/prod.dcd,/home/jnz/AIGT_esmc/Gromacs/neg_fix_v1_top200/rank124_GWHPBECS004330/outputs/final.pdb,/home/jnz/AIGT_esmc/Gromacs/neg_fix_v1_top200/rank124_GWHPBECS004330/outputs/prod.log
rank125_GWHPBECS034731,neg_fix_v1_top200,done,2.0,OpenMM-CUDA,0,62492,/home/jnz/AIGT_esmc/Gromacs/neg_fix_v1_top200/rank125_GWHPBECS034731/outputs/prod.dcd,/home/jnz/AIGT_esmc/Gromacs/neg_fix_v1_top200/rank125_GWHPBECS034731/outputs/final.pdb,/home/jnz/AIGT_esmc/Gromacs/neg_fix_v1_top200/rank125_GWHPBECS034731/outputs/prod.log
rank126_GWHPBECS009693,neg_fix_v1_top200,done,2.0,OpenMM-CUDA,0,136543,/home/jnz/AIGT_esmc/Gromacs/neg_fix_v1_top200/rank126_GWHPBECS009693/outputs/prod.dcd,/home/jnz/AIGT_esmc/Gromacs/neg_fix_v1_top200/rank126_GWHPBECS009693/outputs/final.pdb,/home/jnz/AIGT_esmc/Gromacs/neg_fix_v1_top200/rank126_GWHPBECS009693/outputs/prod.log
rank127_GWHPBECS002895,neg_fix_v1_top200,done,2.0,OpenMM-CUDA,0,65717,/home/jnz/AIGT_esmc/Gromacs/neg_fix_v1_top200/rank127_GWHPBECS002895/outputs/prod.dcd,/home/jnz/AIGT_esmc/Gromacs/neg_fix_v1_top200/rank127_GWHPBECS002895/outputs/final.pdb,/home/jnz/AIGT_esmc/Gromacs/neg_fix_v1_top200/rank127_GWHPBECS002895/outputs/prod.log
rank128_GWHPBECS015470,neg_fix_v1_top200,done,2.0,OpenMM-CUDA,0,54911,/home/jnz/AIGT_esmc/Gromacs/neg_fix_v1_top200/rank128_GWHPBECS015470/outputs/prod.dcd,/home/jnz/AIGT_esmc/Gromacs/neg_fix_v1_top200/rank128_GWHPBECS015470/outputs/final.pdb,/home/jnz/AIGT_esmc/Gromacs/neg_fix_v1_top200/rank128_GWHPBECS015470/outputs/prod.log
rank129_GWHPBECS024319,neg_fix_v1_top200,done,2.0,OpenMM-CUDA,0,71802,/home/jnz/AIGT_esmc/Gromacs/neg_fix_v1_top200/rank129_GWHPBECS024319/outputs/prod.dcd,/home/jnz/AIGT_esmc/Gromacs/neg_fix_v1_top200/rank129_GWHPBECS024319/outputs/final.pdb,/home/jnz/AIGT_esmc/Gromacs/neg_fix_v1_top200/rank129_GWHPBECS024319/outputs/prod.log
rank130_GWHPBECS026447,neg_fix_v1_top200,done,2.0,OpenMM-CUDA,0,56459,/home/jnz/AIGT_esmc/Gromacs/neg_fix_v1_top200/rank130_GWHPBECS026447/outputs/prod.dcd,/home/jnz/AIGT_esmc/Gromacs/neg_fix_v1_top200/rank130_GWHPBECS026447/outputs/final.pdb,/home/jnz/AIGT_esmc/Gromacs/neg_fix_v1_top200/rank130_GWHPBECS026447/outputs/prod.log
rank131_GWHPBECS007574,neg_fix_v1_top200,done,2.0,OpenMM-CUDA,0,59925,/home/jnz/AIGT_esmc/Gromacs/neg_fix_v1_top200/rank131_GWHPBECS007574/outputs/prod.dcd,/home/jnz/AIGT_esmc/Gromacs/neg_fix_v1_top200/rank131_GWHPBECS007574/outputs/final.pdb,/home/jnz/AIGT_esmc/Gromacs/neg_fix_v1_top200/rank131_GWHPBECS007574/outputs/prod.log
rank132_GWHPBECS030111,neg_fix_v1_top200,done,2.0,OpenMM-CUDA,0,81740,/home/jnz/AIGT_esmc/Gromacs/neg_fix_v1_top200/rank132_GWHPBECS030111/outputs/prod.dcd,/home/jnz/AIGT_esmc/Gromacs/neg_fix_v1_top200/rank132_GWHPBECS030111/outputs/final.pdb,/home/jnz/AIGT_esmc/Gromacs/neg_fix_v1_top200/rank132_GWHPBECS030111/outputs/prod.log
rank133_GWHPBECS026441,neg_fix_v1_top200,done,2.0,OpenMM-CUDA,0,86859,/home/jnz/AIGT_esmc/Gromacs/neg_fix_v1_top200/rank133_GWHPBECS026441/outputs/prod.dcd,/home/jnz/AIGT_esmc/Gromacs/neg_fix_v1_top200/rank133_GWHPBECS026441/outputs/final.pdb,/home/jnz/AIGT_esmc/Gromacs/neg_fix_v1_top200/rank133_GWHPBECS026441/outputs/prod.log
rank134_GWHPBECS005379,neg_fix_v1_top200,done,2.0,OpenMM-CUDA,0,67576,/home/jnz/AIGT_esmc/Gromacs/neg_fix_v1_top200/rank134_GWHPBECS005379/outputs/prod.dcd,/home/jnz/AIGT_esmc/Gromacs/neg_fix_v1_top200/rank134_GWHPBECS005379/outputs/final.pdb,/home/jnz/AIGT_esmc/Gromacs/neg_fix_v1_top200/rank134_GWHPBECS005379/outputs/prod.log
rank135_GWHPBECS026438,neg_fix_v1_top200,done,2.0,OpenMM-CUDA,0,65705,/home/jnz/AIGT_esmc/Gromacs/neg_fix_v1_top200/rank135_GWHPBECS026438/outputs/prod.dcd,/home/jnz/AIGT_esmc/Gromacs/neg_fix_v1_top200/rank135_GWHPBECS026438/outputs/final.pdb,/home/jnz/AIGT_esmc/Gromacs/neg_fix_v1_top200/rank135_GWHPBECS026438/outputs/prod.log
rank136_GWHPBECS012488,neg_fix_v1_top200,done,2.0,OpenMM-CUDA,0,76366,/home/jnz/AIGT_esmc/Gromacs/neg_fix_v1_top200/rank136_GWHPBECS012488/outputs/prod.dcd,/home/jnz/AIGT_esmc/Gromacs/neg_fix_v1_top200/rank136_GWHPBECS012488/outputs/final.pdb,/home/jnz/AIGT_esmc/Gromacs/neg_fix_v1_top200/rank136_GWHPBECS012488/outputs/prod.log
rank137_GWHPBECS040946,neg_fix_v1_top200,done,2.0,OpenMM-CUDA,0,69254,/home/jnz/AIGT_esmc/Gromacs/neg_fix_v1_top200/rank137_GWHPBECS040946/outputs/prod.dcd,/home/jnz/AIGT_esmc/Gromacs/neg_fix_v1_top200/rank137_GWHPBECS040946/outputs/final.pdb,/home/jnz/AIGT_esmc/Gromacs/neg_fix_v1_top200/rank137_GWHPBECS040946/outputs/prod.log
rank138_GWHPBECS012298,neg_fix_v1_top200,done,2.0,OpenMM-CUDA,0,59452,/home/jnz/AIGT_esmc/Gromacs/neg_fix_v1_top200/rank138_GWHPBECS012298/outputs/prod.dcd,/home/jnz/AIGT_esmc/Gromacs/neg_fix_v1_top200/rank138_GWHPBECS012298/outputs/final.pdb,/home/jnz/AIGT_esmc/Gromacs/neg_fix_v1_top200/rank138_GWHPBECS012298/outputs/prod.log
rank139_GWHPBECS010875,neg_fix_v1_top200,done,2.0,OpenMM-CUDA,0,66108,/home/jnz/AIGT_esmc/Gromacs/neg_fix_v1_top200/rank139_GWHPBECS010875/outputs/prod.dcd,/home/jnz/AIGT_esmc/Gromacs/neg_fix_v1_top200/rank139_GWHPBECS010875/outputs/final.pdb,/home/jnz/AIGT_esmc/Gromacs/neg_fix_v1_top200/rank139_GWHPBECS010875/outputs/prod.log
rank140_GWHPBECS011561,neg_fix_v1_top200,done,2.0,OpenMM-CUDA,0,56199,/home/jnz/AIGT_esmc/Gromacs/neg_fix_v1_top200/rank140_GWHPBECS011561/outputs/prod.dcd,/home/jnz/AIGT_esmc/Gromacs/neg_fix_v1_top200/rank140_GWHPBECS011561/outputs/final.pdb,/home/jnz/AIGT_esmc/Gromacs/neg_fix_v1_top200/rank140_GWHPBECS011561/outputs/prod.log
rank141_GWHPBECS041598,neg_fix_v1_top200,done,2.0,OpenMM-CUDA,0,64933,/home/jnz/AIGT_esmc/Gromacs/neg_fix_v1_top200/rank141_GWHPBECS041598/outputs/prod.dcd,/home/jnz/AIGT_esmc/Gromacs/neg_fix_v1_top200/rank141_GWHPBECS041598/outputs/final.pdb,/home/jnz/AIGT_esmc/Gromacs/neg_fix_v1_top200/rank141_GWHPBECS041598/outputs/prod.log
rank142_GWHPBECS010874,neg_fix_v1_top200,done,2.0,OpenMM-CUDA,0,68155,/home/jnz/AIGT_esmc/Gromacs/neg_fix_v1_top200/rank142_GWHPBECS010874/outputs/prod.dcd,/home/jnz/AIGT_esmc/Gromacs/neg_fix_v1_top200/rank142_GWHPBECS010874/outputs/final.pdb,/home/jnz/AIGT_esmc/Gromacs/neg_fix_v1_top200/rank142_GWHPBECS010874/outputs/prod.log
rank143_GWHPBECS012282,neg_fix_v1_top200,done,2.0,OpenMM-CUDA,0,54247,/home/jnz/AIGT_esmc/Gromacs/neg_fix_v1_top200/rank143_GWHPBECS012282/outputs/prod.dcd,/home/jnz/AIGT_esmc/Gromacs/neg_fix_v1_top200/rank143_GWHPBECS012282/outputs/final.pdb,/home/jnz/AIGT_esmc/Gromacs/neg_fix_v1_top200/rank143_GWHPBECS012282/outputs/prod.log
rank144_GWHPBECS013075,neg_fix_v1_top200,done,2.0,OpenMM-CUDA,0,67490,/home/jnz/AIGT_esmc/Gromacs/neg_fix_v1_top200/rank144_GWHPBECS013075/outputs/prod.dcd,/home/jnz/AIGT_esmc/Gromacs/neg_fix_v1_top200/rank144_GWHPBECS013075/outputs/final.pdb,/home/jnz/AIGT_esmc/Gromacs/neg_fix_v1_top200/rank144_GWHPBECS013075/outputs/prod.log
rank145_GWHPBECS040957,neg_fix_v1_top200,done,2.0,OpenMM-CUDA,0,63333,/home/jnz/AIGT_esmc/Gromacs/neg_fix_v1_top200/rank145_GWHPBECS040957/outputs/prod.dcd,/home/jnz/AIGT_esmc/Gromacs/neg_fix_v1_top200/rank145_GWHPBECS040957/outputs/final.pdb,/home/jnz/AIGT_esmc/Gromacs/neg_fix_v1_top200/rank145_GWHPBECS040957/outputs/prod.log
rank146_GWHPBECS004648,neg_fix_v1_top200,done,2.0,OpenMM-CUDA,0,76169,/home/jnz/AIGT_esmc/Gromacs/neg_fix_v1_top200/rank146_GWHPBECS004648/outputs/prod.dcd,/home/jnz/AIGT_esmc/Gromacs/neg_fix_v1_top200/rank146_GWHPBECS004648/outputs/final.pdb,/home/jnz/AIGT_esmc/Gromacs/neg_fix_v1_top200/rank146_GWHPBECS004648/outputs/prod.log
rank147_GWHPBECS013084,neg_fix_v1_top200,done,2.0,OpenMM-CUDA,0,61575,/home/jnz/AIGT_esmc/Gromacs/neg_fix_v1_top200/rank147_GWHPBECS013084/outputs/prod.dcd,/home/jnz/AIGT_esmc/Gromacs/neg_fix_v1_top200/rank147_GWHPBECS013084/outputs/final.pdb,/home/jnz/AIGT_esmc/Gromacs/neg_fix_v1_top200/rank147_GWHPBECS013084/outputs/prod.log
rank148_GWHPBECS036196,neg_fix_v1_top200,done,2.0,OpenMM-CUDA,0,76997,/home/jnz/AIGT_esmc/Gromacs/neg_fix_v1_top200/rank148_GWHPBECS036196/outputs/prod.dcd,/home/jnz/AIGT_esmc/Gromacs/neg_fix_v1_top200/rank148_GWHPBECS036196/outputs/final.pdb,/home/jnz/AIGT_esmc/Gromacs/neg_fix_v1_top200/rank148_GWHPBECS036196/outputs/prod.log
rank149_GWHPBECS013085,neg_fix_v1_top200,done,2.0,OpenMM-CUDA,0,67450,/home/jnz/AIGT_esmc/Gromacs/neg_fix_v1_top200/rank149_GWHPBECS013085/outputs/prod.dcd,/home/jnz/AIGT_esmc/Gromacs/neg_fix_v1_top200/rank149_GWHPBECS013085/outputs/final.pdb,/home/jnz/AIGT_esmc/Gromacs/neg_fix_v1_top200/rank149_GWHPBECS013085/outputs/prod.log
rank150_GWHPBECS026461,neg_fix_v1_top200,done,2.0,OpenMM-CUDA,0,68523,/home/jnz/AIGT_esmc/Gromacs/neg_fix_v1_top200/rank150_GWHPBECS026461/outputs/prod.dcd,/home/jnz/AIGT_esmc/Gromacs/neg_fix_v1_top200/rank150_GWHPBECS026461/outputs/final.pdb,/home/jnz/AIGT_esmc/Gromacs/neg_fix_v1_top200/rank150_GWHPBECS026461/outputs/prod.log
rank151_GWHPBECS026006,neg_fix_v1_top200,done,2.0,OpenMM-CUDA,0,68573,/home/jnz/AIGT_esmc/Gromacs/neg_fix_v1_top200/rank151_GWHPBECS026006/outputs/prod.dcd,/home/jnz/AIGT_esmc/Gromacs/neg_fix_v1_top200/rank151_GWHPBECS026006/outputs/final.pdb,/home/jnz/AIGT_esmc/Gromacs/neg_fix_v1_top200/rank151_GWHPBECS026006/outputs/prod.log
rank152_GWHPBECS013156,neg_fix_v1_top200,done,2.0,OpenMM-CUDA,0,87291,/home/jnz/AIGT_esmc/Gromacs/neg_fix_v1_top200/rank152_GWHPBECS013156/outputs/prod.dcd,/home/jnz/AIGT_esmc/Gromacs/neg_fix_v1_top200/rank152_GWHPBECS013156/outputs/final.pdb,/home/jnz/AIGT_esmc/Gromacs/neg_fix_v1_top200/rank152_GWHPBECS013156/outputs/prod.log
rank153_GWHPBECS010872,neg_fix_v1_top200,done,2.0,OpenMM-CUDA,0,66067,/home/jnz/AIGT_esmc/Gromacs/neg_fix_v1_top200/rank153_GWHPBECS010872/outputs/prod.dcd,/home/jnz/AIGT_esmc/Gromacs/neg_fix_v1_top200/rank153_GWHPBECS010872/outputs/final.pdb,/home/jnz/AIGT_esmc/Gromacs/neg_fix_v1_top200/rank153_GWHPBECS010872/outputs/prod.log
rank154_GWHPBECS012121,neg_fix_v1_top200,done,2.0,OpenMM-CUDA,0,57723,/home/jnz/AIGT_esmc/Gromacs/neg_fix_v1_top200/rank154_GWHPBECS012121/outputs/prod.dcd,/home/jnz/AIGT_esmc/Gromacs/neg_fix_v1_top200/rank154_GWHPBECS012121/outputs/final.pdb,/home/jnz/AIGT_esmc/Gromacs/neg_fix_v1_top200/rank154_GWHPBECS012121/outputs/prod.log
rank155_GWHPBECS019983,neg_fix_v1_top200,done,2.0,OpenMM-CUDA,0,64948,/home/jnz/AIGT_esmc/Gromacs/neg_fix_v1_top200/rank155_GWHPBECS019983/outputs/prod.dcd,/home/jnz/AIGT_esmc/Gromacs/neg_fix_v1_top200/rank155_GWHPBECS019983/outputs/final.pdb,/home/jnz/AIGT_esmc/Gromacs/neg_fix_v1_top200/rank155_GWHPBECS019983/outputs/prod.log
rank156_GWHPBECS018535,neg_fix_v1_top200,done,2.0,OpenMM-CUDA,0,62367,/home/jnz/AIGT_esmc/Gromacs/neg_fix_v1_top200/rank156_GWHPBECS018535/outputs/prod.dcd,/home/jnz/AIGT_esmc/Gromacs/neg_fix_v1_top200/rank156_GWHPBECS018535/outputs/final.pdb,/home/jnz/AIGT_esmc/Gromacs/neg_fix_v1_top200/rank156_GWHPBECS018535/outputs/prod.log
rank157_GWHPBECS013082,neg_fix_v1_top200,done,2.0,OpenMM-CUDA,0,69289,/home/jnz/AIGT_esmc/Gromacs/neg_fix_v1_top200/rank157_GWHPBECS013082/outputs/prod.dcd,/home/jnz/AIGT_esmc/Gromacs/neg_fix_v1_top200/rank157_GWHPBECS013082/outputs/final.pdb,/home/jnz/AIGT_esmc/Gromacs/neg_fix_v1_top200/rank157_GWHPBECS013082/outputs/prod.log
rank158_GWHPBECS013070,neg_fix_v1_top200,done,2.0,OpenMM-CUDA,0,57475,/home/jnz/AIGT_esmc/Gromacs/neg_fix_v1_top200/rank158_GWHPBECS013070/outputs/prod.dcd,/home/jnz/AIGT_esmc/Gromacs/neg_fix_v1_top200/rank158_GWHPBECS013070/outputs/final.pdb,/home/jnz/AIGT_esmc/Gromacs/neg_fix_v1_top200/rank158_GWHPBECS013070/outputs/prod.log
rank159_GWHPBECS036889,neg_fix_v1_top200,done,2.0,OpenMM-CUDA,0,62225,/home/jnz/AIGT_esmc/Gromacs/neg_fix_v1_top200/rank159_GWHPBECS036889/outputs/prod.dcd,/home/jnz/AIGT_esmc/Gromacs/neg_fix_v1_top200/rank159_GWHPBECS036889/outputs/final.pdb,/home/jnz/AIGT_esmc/Gromacs/neg_fix_v1_top200/rank159_GWHPBECS036889/outputs/prod.log
rank160_GWHPBECS011560,neg_fix_v1_top200,done,2.0,OpenMM-CUDA,0,62026,/home/jnz/AIGT_esmc/Gromacs/neg_fix_v1_top200/rank160_GWHPBECS011560/outputs/prod.dcd,/home/jnz/AIGT_esmc/Gromacs/neg_fix_v1_top200/rank160_GWHPBECS011560/outputs/final.pdb,/home/jnz/AIGT_esmc/Gromacs/neg_fix_v1_top200/rank160_GWHPBECS011560/outputs/prod.log
rank161_GWHPBECS013067,neg_fix_v1_top200,done,2.0,OpenMM-CUDA,0,67866,/home/jnz/AIGT_esmc/Gromacs/neg_fix_v1_top200/rank161_GWHPBECS013067/outputs/prod.dcd,/home/jnz/AIGT_esmc/Gromacs/neg_fix_v1_top200/rank161_GWHPBECS013067/outputs/final.pdb,/home/jnz/AIGT_esmc/Gromacs/neg_fix_v1_top200/rank161_GWHPBECS013067/outputs/prod.log
rank162_GWHPBECS034593,neg_fix_v1_top200,done,2.0,OpenMM-CUDA,0,63705,/home/jnz/AIGT_esmc/Gromacs/neg_fix_v1_top200/rank162_GWHPBECS034593/outputs/prod.dcd,/home/jnz/AIGT_esmc/Gromacs/neg_fix_v1_top200/rank162_GWHPBECS034593/outputs/final.pdb,/home/jnz/AIGT_esmc/Gromacs/neg_fix_v1_top200/rank162_GWHPBECS034593/outputs/prod.log
rank163_GWHPBECS026464,neg_fix_v1_top200,done,2.0,OpenMM-CUDA,0,64780,/home/jnz/AIGT_esmc/Gromacs/neg_fix_v1_top200/rank163_GWHPBECS026464/outputs/prod.dcd,/home/jnz/AIGT_esmc/Gromacs/neg_fix_v1_top200/rank163_GWHPBECS026464/outputs/final.pdb,/home/jnz/AIGT_esmc/Gromacs/neg_fix_v1_top200/rank163_GWHPBECS026464/outputs/prod.log
rank164_GWHPBECS013074,neg_fix_v1_top200,done,2.0,OpenMM-CUDA,0,78900,/home/jnz/AIGT_esmc/Gromacs/neg_fix_v1_top200/rank164_GWHPBECS013074/outputs/prod.dcd,/home/jnz/AIGT_esmc/Gromacs/neg_fix_v1_top200/rank164_GWHPBECS013074/outputs/final.pdb,/home/jnz/AIGT_esmc/Gromacs/neg_fix_v1_top200/rank164_GWHPBECS013074/outputs/prod.log
rank165_GWHPBECS013087,neg_fix_v1_top200,done,2.0,OpenMM-CUDA,0,79241,/home/jnz/AIGT_esmc/Gromacs/neg_fix_v1_top200/rank165_GWHPBECS013087/outputs/prod.dcd,/home/jnz/AIGT_esmc/Gromacs/neg_fix_v1_top200/rank165_GWHPBECS013087/outputs/final.pdb,/home/jnz/AIGT_esmc/Gromacs/neg_fix_v1_top200/rank165_GWHPBECS013087/outputs/prod.log
rank166_GWHPBECS026810,neg_fix_v1_top200,done,2.0,OpenMM-CUDA,0,68814,/home/jnz/AIGT_esmc/Gromacs/neg_fix_v1_top200/rank166_GWHPBECS026810/outputs/prod.dcd,/home/jnz/AIGT_esmc/Gromacs/neg_fix_v1_top200/rank166_GWHPBECS026810/outputs/final.pdb,/home/jnz/AIGT_esmc/Gromacs/neg_fix_v1_top200/rank166_GWHPBECS026810/outputs/prod.log
rank167_GWHPBECS005719,neg_fix_v1_top200,done,2.0,OpenMM-CUDA,0,69584,/home/jnz/AIGT_esmc/Gromacs/neg_fix_v1_top200/rank167_GWHPBECS005719/outputs/prod.dcd,/home/jnz/AIGT_esmc/Gromacs/neg_fix_v1_top200/rank167_GWHPBECS005719/outputs/final.pdb,/home/jnz/AIGT_esmc/Gromacs/neg_fix_v1_top200/rank167_GWHPBECS005719/outputs/prod.log
rank168_GWHPBECS016597,neg_fix_v1_top200,done,2.0,OpenMM-CUDA,0,97875,/home/jnz/AIGT_esmc/Gromacs/neg_fix_v1_top200/rank168_GWHPBECS016597/outputs/prod.dcd,/home/jnz/AIGT_esmc/Gromacs/neg_fix_v1_top200/rank168_GWHPBECS016597/outputs/final.pdb,/home/jnz/AIGT_esmc/Gromacs/neg_fix_v1_top200/rank168_GWHPBECS016597/outputs/prod.log
rank169_GWHPBECS039806,neg_fix_v1_top200,done,2.0,OpenMM-CUDA,0,93121,/home/jnz/AIGT_esmc/Gromacs/neg_fix_v1_top200/rank169_GWHPBECS039806/outputs/prod.dcd,/home/jnz/AIGT_esmc/Gromacs/neg_fix_v1_top200/rank169_GWHPBECS039806/outputs/final.pdb,/home/jnz/AIGT_esmc/Gromacs/neg_fix_v1_top200/rank169_GWHPBECS039806/outputs/prod.log
rank170_GWHPBECS013069,neg_fix_v1_top200,done,2.0,OpenMM-CUDA,0,56657,/home/jnz/AIGT_esmc/Gromacs/neg_fix_v1_top200/rank170_GWHPBECS013069/outputs/prod.dcd,/home/jnz/AIGT_esmc/Gromacs/neg_fix_v1_top200/rank170_GWHPBECS013069/outputs/final.pdb,/home/jnz/AIGT_esmc/Gromacs/neg_fix_v1_top200/rank170_GWHPBECS013069/outputs/prod.log
rank171_GWHPBECS015068,neg_fix_v1_top200,done,2.0,OpenMM-CUDA,0,74431,/home/jnz/AIGT_esmc/Gromacs/neg_fix_v1_top200/rank171_GWHPBECS015068/outputs/prod.dcd,/home/jnz/AIGT_esmc/Gromacs/neg_fix_v1_top200/rank171_GWHPBECS015068/outputs/final.pdb,/home/jnz/AIGT_esmc/Gromacs/neg_fix_v1_top200/rank171_GWHPBECS015068/outputs/prod.log
rank172_GWHPBECS012288,neg_fix_v1_top200,done,2.0,OpenMM-CUDA,0,54045,/home/jnz/AIGT_esmc/Gromacs/neg_fix_v1_top200/rank172_GWHPBECS012288/outputs/prod.dcd,/home/jnz/AIGT_esmc/Gromacs/neg_fix_v1_top200/rank172_GWHPBECS012288/outputs/final.pdb,/home/jnz/AIGT_esmc/Gromacs/neg_fix_v1_top200/rank172_GWHPBECS012288/outputs/prod.log
rank173_GWHPBECS041038,neg_fix_v1_top200,done,2.0,OpenMM-CUDA,0,78896,/home/jnz/AIGT_esmc/Gromacs/neg_fix_v1_top200/rank173_GWHPBECS041038/outputs/prod.dcd,/home/jnz/AIGT_esmc/Gromacs/neg_fix_v1_top200/rank173_GWHPBECS041038/outputs/final.pdb,/home/jnz/AIGT_esmc/Gromacs/neg_fix_v1_top200/rank173_GWHPBECS041038/outputs/prod.log
rank174_GWHPBECS041332,neg_fix_v1_top200,done,2.0,OpenMM-CUDA,0,56710,/home/jnz/AIGT_esmc/Gromacs/neg_fix_v1_top200/rank174_GWHPBECS041332/outputs/prod.dcd,/home/jnz/AIGT_esmc/Gromacs/neg_fix_v1_top200/rank174_GWHPBECS041332/outputs/final.pdb,/home/jnz/AIGT_esmc/Gromacs/neg_fix_v1_top200/rank174_GWHPBECS041332/outputs/prod.log
rank175_GWHPBECS012287,neg_fix_v1_top200,done,2.0,OpenMM-CUDA,0,56557,/home/jnz/AIGT_esmc/Gromacs/neg_fix_v1_top200/rank175_GWHPBECS012287/outputs/prod.dcd,/home/jnz/AIGT_esmc/Gromacs/neg_fix_v1_top200/rank175_GWHPBECS012287/outputs/final.pdb,/home/jnz/AIGT_esmc/Gromacs/neg_fix_v1_top200/rank175_GWHPBECS012287/outputs/prod.log
rank176_GWHPBECS010756,neg_fix_v1_top200,done,2.0,OpenMM-CUDA,0,67428,/home/jnz/AIGT_esmc/Gromacs/neg_fix_v1_top200/rank176_GWHPBECS010756/outputs/prod.dcd,/home/jnz/AIGT_esmc/Gromacs/neg_fix_v1_top200/rank176_GWHPBECS010756/outputs/final.pdb,/home/jnz/AIGT_esmc/Gromacs/neg_fix_v1_top200/rank176_GWHPBECS010756/outputs/prod.log
rank177_GWHPBECS004454,neg_fix_v1_top200,done,2.0,OpenMM-CUDA,0,84687,/home/jnz/AIGT_esmc/Gromacs/neg_fix_v1_top200/rank177_GWHPBECS004454/outputs/prod.dcd,/home/jnz/AIGT_esmc/Gromacs/neg_fix_v1_top200/rank177_GWHPBECS004454/outputs/final.pdb,/home/jnz/AIGT_esmc/Gromacs/neg_fix_v1_top200/rank177_GWHPBECS004454/outputs/prod.log
rank178_GWHPBECS025353,neg_fix_v1_top200,done,2.0,OpenMM-CUDA,0,74085,/home/jnz/AIGT_esmc/Gromacs/neg_fix_v1_top200/rank178_GWHPBECS025353/outputs/prod.dcd,/home/jnz/AIGT_esmc/Gromacs/neg_fix_v1_top200/rank178_GWHPBECS025353/outputs/final.pdb,/home/jnz/AIGT_esmc/Gromacs/neg_fix_v1_top200/rank178_GWHPBECS025353/outputs/prod.log
rank179_GWHPBECS008682,neg_fix_v1_top200,done,2.0,OpenMM-CUDA,0,59306,/home/jnz/AIGT_esmc/Gromacs/neg_fix_v1_top200/rank179_GWHPBECS008682/outputs/prod.dcd,/home/jnz/AIGT_esmc/Gromacs/neg_fix_v1_top200/rank179_GWHPBECS008682/outputs/final.pdb,/home/jnz/AIGT_esmc/Gromacs/neg_fix_v1_top200/rank179_GWHPBECS008682/outputs/prod.log
rank180_GWHPBECS004661,neg_fix_v1_top200,done,2.0,OpenMM-CUDA,0,81958,/home/jnz/AIGT_esmc/Gromacs/neg_fix_v1_top200/rank180_GWHPBECS004661/outputs/prod.dcd,/home/jnz/AIGT_esmc/Gromacs/neg_fix_v1_top200/rank180_GWHPBECS004661/outputs/final.pdb,/home/jnz/AIGT_esmc/Gromacs/neg_fix_v1_top200/rank180_GWHPBECS004661/outputs/prod.log
rank181_GWHPBECS019994,neg_fix_v1_top200,done,2.0,OpenMM-CUDA,0,79598,/home/jnz/AIGT_esmc/Gromacs/neg_fix_v1_top200/rank181_GWHPBECS019994/outputs/prod.dcd,/home/jnz/AIGT_esmc/Gromacs/neg_fix_v1_top200/rank181_GWHPBECS019994/outputs/final.pdb,/home/jnz/AIGT_esmc/Gromacs/neg_fix_v1_top200/rank181_GWHPBECS019994/outputs/prod.log
rank182_GWHPBECS007003,neg_fix_v1_top200,done,2.0,OpenMM-CUDA,0,56827,/home/jnz/AIGT_esmc/Gromacs/neg_fix_v1_top200/rank182_GWHPBECS007003/outputs/prod.dcd,/home/jnz/AIGT_esmc/Gromacs/neg_fix_v1_top200/rank182_GWHPBECS007003/outputs/final.pdb,/home/jnz/AIGT_esmc/Gromacs/neg_fix_v1_top200/rank182_GWHPBECS007003/outputs/prod.log
rank183_GWHPBECS019871,neg_fix_v1_top200,done,2.0,OpenMM-CUDA,0,62377,/home/jnz/AIGT_esmc/Gromacs/neg_fix_v1_top200/rank183_GWHPBECS019871/outputs/prod.dcd,/home/jnz/AIGT_esmc/Gromacs/neg_fix_v1_top200/rank183_GWHPBECS019871/outputs/final.pdb,/home/jnz/AIGT_esmc/Gromacs/neg_fix_v1_top200/rank183_GWHPBECS019871/outputs/prod.log
rank184_ON569258,neg_fix_v1_top200,done,2.0,OpenMM-CUDA,0,67304,/home/jnz/AIGT_esmc/Gromacs/neg_fix_v1_top200/rank184_ON569258/outputs/prod.dcd,/home/jnz/AIGT_esmc/Gromacs/neg_fix_v1_top200/rank184_ON569258/outputs/final.pdb,/home/jnz/AIGT_esmc/Gromacs/neg_fix_v1_top200/rank184_ON569258/outputs/prod.log
rank185_GWHPBECS012325,neg_fix_v1_top200,done,2.0,OpenMM-CUDA,0,53742,/home/jnz/AIGT_esmc/Gromacs/neg_fix_v1_top200/rank185_GWHPBECS012325/outputs/prod.dcd,/home/jnz/AIGT_esmc/Gromacs/neg_fix_v1_top200/rank185_GWHPBECS012325/outputs/final.pdb,/home/jnz/AIGT_esmc/Gromacs/neg_fix_v1_top200/rank185_GWHPBECS012325/outputs/prod.log
rank186_GWHPBECS002781,neg_fix_v1_top200,done,2.0,OpenMM-CUDA,0,64816,/home/jnz/AIGT_esmc/Gromacs/neg_fix_v1_top200/rank186_GWHPBECS002781/outputs/prod.dcd,/home/jnz/AIGT_esmc/Gromacs/neg_fix_v1_top200/rank186_GWHPBECS002781/outputs/final.pdb,/home/jnz/AIGT_esmc/Gromacs/neg_fix_v1_top200/rank186_GWHPBECS002781/outputs/prod.log
rank187_GWHPBECS026592,neg_fix_v1_top200,done,2.0,OpenMM-CUDA,0,67988,/home/jnz/AIGT_esmc/Gromacs/neg_fix_v1_top200/rank187_GWHPBECS026592/outputs/prod.dcd,/home/jnz/AIGT_esmc/Gromacs/neg_fix_v1_top200/rank187_GWHPBECS026592/outputs/final.pdb,/home/jnz/AIGT_esmc/Gromacs/neg_fix_v1_top200/rank187_GWHPBECS026592/outputs/prod.log
rank188_GWHPBECS020861,neg_fix_v1_top200,done,2.0,OpenMM-CUDA,0,73065,/home/jnz/AIGT_esmc/Gromacs/neg_fix_v1_top200/rank188_GWHPBECS020861/outputs/prod.dcd,/home/jnz/AIGT_esmc/Gromacs/neg_fix_v1_top200/rank188_GWHPBECS020861/outputs/final.pdb,/home/jnz/AIGT_esmc/Gromacs/neg_fix_v1_top200/rank188_GWHPBECS020861/outputs/prod.log
rank189_GWHPBECS034592,neg_fix_v1_top200,done,2.0,OpenMM-CUDA,0,65768,/home/jnz/AIGT_esmc/Gromacs/neg_fix_v1_top200/rank189_GWHPBECS034592/outputs/prod.dcd,/home/jnz/AIGT_esmc/Gromacs/neg_fix_v1_top200/rank189_GWHPBECS034592/outputs/final.pdb,/home/jnz/AIGT_esmc/Gromacs/neg_fix_v1_top200/rank189_GWHPBECS034592/outputs/prod.log
rank190_GWHPBECS026589,neg_fix_v1_top200,done,2.0,OpenMM-CUDA,0,63952,/home/jnz/AIGT_esmc/Gromacs/neg_fix_v1_top200/rank190_GWHPBECS026589/outputs/prod.dcd,/home/jnz/AIGT_esmc/Gromacs/neg_fix_v1_top200/rank190_GWHPBECS026589/outputs/final.pdb,/home/jnz/AIGT_esmc/Gromacs/neg_fix_v1_top200/rank190_GWHPBECS026589/outputs/prod.log
rank191_GWHPBECS039809,neg_fix_v1_top200,done,2.0,OpenMM-CUDA,0,67633,/home/jnz/AIGT_esmc/Gromacs/neg_fix_v1_top200/rank191_GWHPBECS039809/outputs/prod.dcd,/home/jnz/AIGT_esmc/Gromacs/neg_fix_v1_top200/rank191_GWHPBECS039809/outputs/final.pdb,/home/jnz/AIGT_esmc/Gromacs/neg_fix_v1_top200/rank191_GWHPBECS039809/outputs/prod.log
rank192_GWHPBECS039788,neg_fix_v1_top200,done,2.0,OpenMM-CUDA,0,64507,/home/jnz/AIGT_esmc/Gromacs/neg_fix_v1_top200/rank192_GWHPBECS039788/outputs/prod.dcd,/home/jnz/AIGT_esmc/Gromacs/neg_fix_v1_top200/rank192_GWHPBECS039788/outputs/final.pdb,/home/jnz/AIGT_esmc/Gromacs/neg_fix_v1_top200/rank192_GWHPBECS039788/outputs/prod.log
rank193_GWHPBECS019961,neg_fix_v1_top200,done,2.0,OpenMM-CUDA,0,76046,/home/jnz/AIGT_esmc/Gromacs/neg_fix_v1_top200/rank193_GWHPBECS019961/outputs/prod.dcd,/home/jnz/AIGT_esmc/Gromacs/neg_fix_v1_top200/rank193_GWHPBECS019961/outputs/final.pdb,/home/jnz/AIGT_esmc/Gromacs/neg_fix_v1_top200/rank193_GWHPBECS019961/outputs/prod.log
rank194_GWHPBECS012328,neg_fix_v1_top200,done,2.0,OpenMM-CUDA,0,55099,/home/jnz/AIGT_esmc/Gromacs/neg_fix_v1_top200/rank194_GWHPBECS012328/outputs/prod.dcd,/home/jnz/AIGT_esmc/Gromacs/neg_fix_v1_top200/rank194_GWHPBECS012328/outputs/final.pdb,/home/jnz/AIGT_esmc/Gromacs/neg_fix_v1_top200/rank194_GWHPBECS012328/outputs/prod.log
rank195_GWHPBECS004647,neg_fix_v1_top200,done,2.0,OpenMM-CUDA,0,84292,/home/jnz/AIGT_esmc/Gromacs/neg_fix_v1_top200/rank195_GWHPBECS004647/outputs/prod.dcd,/home/jnz/AIGT_esmc/Gromacs/neg_fix_v1_top200/rank195_GWHPBECS004647/outputs/final.pdb,/home/jnz/AIGT_esmc/Gromacs/neg_fix_v1_top200/rank195_GWHPBECS004647/outputs/prod.log
rank196_GWHPBECS004456,neg_fix_v1_top200,done,2.0,OpenMM-CUDA,0,91566,/home/jnz/AIGT_esmc/Gromacs/neg_fix_v1_top200/rank196_GWHPBECS004456/outputs/prod.dcd,/home/jnz/AIGT_esmc/Gromacs/neg_fix_v1_top200/rank196_GWHPBECS004456/outputs/final.pdb,/home/jnz/AIGT_esmc/Gromacs/neg_fix_v1_top200/rank196_GWHPBECS004456/outputs/prod.log
rank197_GWHPBECS006544,neg_fix_v1_top200,done,2.0,OpenMM-CUDA,0,69955,/home/jnz/AIGT_esmc/Gromacs/neg_fix_v1_top200/rank197_GWHPBECS006544/outputs/prod.dcd,/home/jnz/AIGT_esmc/Gromacs/neg_fix_v1_top200/rank197_GWHPBECS006544/outputs/final.pdb,/home/jnz/AIGT_esmc/Gromacs/neg_fix_v1_top200/rank197_GWHPBECS006544/outputs/prod.log
rank198_GWHPBECS019953,neg_fix_v1_top200,done,2.0,OpenMM-CUDA,0,70757,/home/jnz/AIGT_esmc/Gromacs/neg_fix_v1_top200/rank198_GWHPBECS019953/outputs/prod.dcd,/home/jnz/AIGT_esmc/Gromacs/neg_fix_v1_top200/rank198_GWHPBECS019953/outputs/final.pdb,/home/jnz/AIGT_esmc/Gromacs/neg_fix_v1_top200/rank198_GWHPBECS019953/outputs/prod.log
rank199_GWHPBECS002782,neg_fix_v1_top200,done,2.0,OpenMM-CUDA,0,64174,/home/jnz/AIGT_esmc/Gromacs/neg_fix_v1_top200/rank199_GWHPBECS002782/outputs/prod.dcd,/home/jnz/AIGT_esmc/Gromacs/neg_fix_v1_top200/rank199_GWHPBECS002782/outputs/final.pdb,/home/jnz/AIGT_esmc/Gromacs/neg_fix_v1_top200/rank199_GWHPBECS002782/outputs/prod.log
rank200_GWHPBECS041035,neg_fix_v1_top200,done,2.0,OpenMM-CUDA,0,78822,/home/jnz/AIGT_esmc/Gromacs/neg_fix_v1_top200/rank200_GWHPBECS041035/outputs/prod.dcd,/home/jnz/AIGT_esmc/Gromacs/neg_fix_v1_top200/rank200_GWHPBECS041035/outputs/final.pdb,/home/jnz/AIGT_esmc/Gromacs/neg_fix_v1_top200/rank200_GWHPBECS041035/outputs/prod.log
