rank,job_id,compound_id,protein_id,yaml_path,screen_score,protein_length,smiles,gt_tier
1,rank001_GWHPBECS001198,compound_1,GWHPBECS001198,/home/jnz/AIGT_esmc/Alphafold/neg_fix_v1_top200/compound_1/inputs/yaml/rank001_GWHPBECS001198.yaml,0.6950060129165649,466,CC(C)=CCC1=C(O[C@@H]2O[C@H](CO)C(O)C(O)C2O)C=C(O)C2=C1OC(C1=CC=C(O)C=C1)=C(OC1OC(C)C(O)C(=O)[C@H]1O)C2=O,A_family1_ugt_high_confidence
2,rank002_GWHPBECS032946,compound_1,GWHPBECS032946,/home/jnz/AIGT_esmc/Alphafold/neg_fix_v1_top200/compound_1/inputs/yaml/rank002_GWHPBECS032946.yaml,0.6949636936187744,502,CC(C)=CCC1=C(O[C@@H]2O[C@H](CO)C(O)C(O)C2O)C=C(O)C2=C1OC(C1=CC=C(O)C=C1)=C(OC1OC(C)C(O)C(=O)[C@H]1O)C2=O,A_family1_ugt_high_confidence
3,rank003_GWHPBECS031879,compound_1,GWHPBECS031879,/home/jnz/AIGT_esmc/Alphafold/neg_fix_v1_top200/compound_1/inputs/yaml/rank003_GWHPBECS031879.yaml,0.694856584072113,508,CC(C)=CCC1=C(O[C@@H]2O[C@H](CO)C(O)C(O)C2O)C=C(O)C2=C1OC(C1=CC=C(O)C=C1)=C(OC1OC(C)C(O)C(=O)[C@H]1O)C2=O,A_family1_ugt_high_confidence
4,rank004_GWHPBECS023846,compound_1,GWHPBECS023846,/home/jnz/AIGT_esmc/Alphafold/neg_fix_v1_top200/compound_1/inputs/yaml/rank004_GWHPBECS023846.yaml,0.6931118369102478,463,CC(C)=CCC1=C(O[C@@H]2O[C@H](CO)C(O)C(O)C2O)C=C(O)C2=C1OC(C1=CC=C(O)C=C1)=C(OC1OC(C)C(O)C(=O)[C@H]1O)C2=O,A_family1_ugt_high_confidence
5,rank005_GWHPBECS023836,compound_1,GWHPBECS023836,/home/jnz/AIGT_esmc/Alphafold/neg_fix_v1_top200/compound_1/inputs/yaml/rank005_GWHPBECS023836.yaml,0.6930609345436096,463,CC(C)=CCC1=C(O[C@@H]2O[C@H](CO)C(O)C(O)C2O)C=C(O)C2=C1OC(C1=CC=C(O)C=C1)=C(OC1OC(C)C(O)C(=O)[C@H]1O)C2=O,A_family1_ugt_high_confidence
6,rank006_GWHPBECS024446,compound_1,GWHPBECS024446,/home/jnz/AIGT_esmc/Alphafold/neg_fix_v1_top200/compound_1/inputs/yaml/rank006_GWHPBECS024446.yaml,0.6928088068962097,469,CC(C)=CCC1=C(O[C@@H]2O[C@H](CO)C(O)C(O)C2O)C=C(O)C2=C1OC(C1=CC=C(O)C=C1)=C(OC1OC(C)C(O)C(=O)[C@H]1O)C2=O,A_family1_ugt_high_confidence
7,rank007_GWHPBECS041244,compound_1,GWHPBECS041244,/home/jnz/AIGT_esmc/Alphafold/neg_fix_v1_top200/compound_1/inputs/yaml/rank007_GWHPBECS041244.yaml,0.6921917796134949,458,CC(C)=CCC1=C(O[C@@H]2O[C@H](CO)C(O)C(O)C2O)C=C(O)C2=C1OC(C1=CC=C(O)C=C1)=C(OC1OC(C)C(O)C(=O)[C@H]1O)C2=O,B_pspg_like_gt_candidate
8,rank008_GWHPBECS005891,compound_1,GWHPBECS005891,/home/jnz/AIGT_esmc/Alphafold/neg_fix_v1_top200/compound_1/inputs/yaml/rank008_GWHPBECS005891.yaml,0.6919217109680176,479,CC(C)=CCC1=C(O[C@@H]2O[C@H](CO)C(O)C(O)C2O)C=C(O)C2=C1OC(C1=CC=C(O)C=C1)=C(OC1OC(C)C(O)C(=O)[C@H]1O)C2=O,A_family1_ugt_high_confidence
9,rank009_GWHPBECS041263,compound_1,GWHPBECS041263,/home/jnz/AIGT_esmc/Alphafold/neg_fix_v1_top200/compound_1/inputs/yaml/rank009_GWHPBECS041263.yaml,0.6917704343795776,458,CC(C)=CCC1=C(O[C@@H]2O[C@H](CO)C(O)C(O)C2O)C=C(O)C2=C1OC(C1=CC=C(O)C=C1)=C(OC1OC(C)C(O)C(=O)[C@H]1O)C2=O,B_pspg_like_gt_candidate
10,rank010_GWHPBECS005377,compound_1,GWHPBECS005377,/home/jnz/AIGT_esmc/Alphafold/neg_fix_v1_top200/compound_1/inputs/yaml/rank010_GWHPBECS005377.yaml,0.6916906237602234,475,CC(C)=CCC1=C(O[C@@H]2O[C@H](CO)C(O)C(O)C2O)C=C(O)C2=C1OC(C1=CC=C(O)C=C1)=C(OC1OC(C)C(O)C(=O)[C@H]1O)C2=O,A_family1_ugt_high_confidence
11,rank011_GWHPBECS041243,compound_1,GWHPBECS041243,/home/jnz/AIGT_esmc/Alphafold/neg_fix_v1_top200/compound_1/inputs/yaml/rank011_GWHPBECS041243.yaml,0.691631019115448,458,CC(C)=CCC1=C(O[C@@H]2O[C@H](CO)C(O)C(O)C2O)C=C(O)C2=C1OC(C1=CC=C(O)C=C1)=C(OC1OC(C)C(O)C(=O)[C@H]1O)C2=O,B_pspg_like_gt_candidate
12,rank012_GWHPBECS006191,compound_1,GWHPBECS006191,/home/jnz/AIGT_esmc/Alphafold/neg_fix_v1_top200/compound_1/inputs/yaml/rank012_GWHPBECS006191.yaml,0.6916022896766663,452,CC(C)=CCC1=C(O[C@@H]2O[C@H](CO)C(O)C(O)C2O)C=C(O)C2=C1OC(C1=CC=C(O)C=C1)=C(OC1OC(C)C(O)C(=O)[C@H]1O)C2=O,A_family1_ugt_high_confidence
13,rank013_GWHPBECS041259,compound_1,GWHPBECS041259,/home/jnz/AIGT_esmc/Alphafold/neg_fix_v1_top200/compound_1/inputs/yaml/rank013_GWHPBECS041259.yaml,0.6914281249046326,458,CC(C)=CCC1=C(O[C@@H]2O[C@H](CO)C(O)C(O)C2O)C=C(O)C2=C1OC(C1=CC=C(O)C=C1)=C(OC1OC(C)C(O)C(=O)[C@H]1O)C2=O,B_pspg_like_gt_candidate
14,rank014_GWHPBECS036195,compound_1,GWHPBECS036195,/home/jnz/AIGT_esmc/Alphafold/neg_fix_v1_top200/compound_1/inputs/yaml/rank014_GWHPBECS036195.yaml,0.6913728713989258,501,CC(C)=CCC1=C(O[C@@H]2O[C@H](CO)C(O)C(O)C2O)C=C(O)C2=C1OC(C1=CC=C(O)C=C1)=C(OC1OC(C)C(O)C(=O)[C@H]1O)C2=O,A_family1_ugt_high_confidence
15,rank015_GWHPBECS041203,compound_1,GWHPBECS041203,/home/jnz/AIGT_esmc/Alphafold/neg_fix_v1_top200/compound_1/inputs/yaml/rank015_GWHPBECS041203.yaml,0.6910163164138794,458,CC(C)=CCC1=C(O[C@@H]2O[C@H](CO)C(O)C(O)C2O)C=C(O)C2=C1OC(C1=CC=C(O)C=C1)=C(OC1OC(C)C(O)C(=O)[C@H]1O)C2=O,B_pspg_like_gt_candidate
16,rank016_GWHPBECS019991,compound_1,GWHPBECS019991,/home/jnz/AIGT_esmc/Alphafold/neg_fix_v1_top200/compound_1/inputs/yaml/rank016_GWHPBECS019991.yaml,0.6909278035163879,452,CC(C)=CCC1=C(O[C@@H]2O[C@H](CO)C(O)C(O)C2O)C=C(O)C2=C1OC(C1=CC=C(O)C=C1)=C(OC1OC(C)C(O)C(=O)[C@H]1O)C2=O,A_family1_ugt_high_confidence
17,rank017_GWHPBECS039819,compound_1,GWHPBECS039819,/home/jnz/AIGT_esmc/Alphafold/neg_fix_v1_top200/compound_1/inputs/yaml/rank017_GWHPBECS039819.yaml,0.6906338930130005,490,CC(C)=CCC1=C(O[C@@H]2O[C@H](CO)C(O)C(O)C2O)C=C(O)C2=C1OC(C1=CC=C(O)C=C1)=C(OC1OC(C)C(O)C(=O)[C@H]1O)C2=O,A_family1_ugt_high_confidence
18,rank018_GWHPBECS034039,compound_1,GWHPBECS034039,/home/jnz/AIGT_esmc/Alphafold/neg_fix_v1_top200/compound_1/inputs/yaml/rank018_GWHPBECS034039.yaml,0.6905893087387085,462,CC(C)=CCC1=C(O[C@@H]2O[C@H](CO)C(O)C(O)C2O)C=C(O)C2=C1OC(C1=CC=C(O)C=C1)=C(OC1OC(C)C(O)C(=O)[C@H]1O)C2=O,A_family1_ugt_high_confidence
19,rank019_GWHPBECS041202,compound_1,GWHPBECS041202,/home/jnz/AIGT_esmc/Alphafold/neg_fix_v1_top200/compound_1/inputs/yaml/rank019_GWHPBECS041202.yaml,0.690589189529419,388,CC(C)=CCC1=C(O[C@@H]2O[C@H](CO)C(O)C(O)C2O)C=C(O)C2=C1OC(C1=CC=C(O)C=C1)=C(OC1OC(C)C(O)C(=O)[C@H]1O)C2=O,B_pspg_like_gt_candidate
20,rank020_GWHPBECS023843,compound_1,GWHPBECS023843,/home/jnz/AIGT_esmc/Alphafold/neg_fix_v1_top200/compound_1/inputs/yaml/rank020_GWHPBECS023843.yaml,0.6902116537094116,478,CC(C)=CCC1=C(O[C@@H]2O[C@H](CO)C(O)C(O)C2O)C=C(O)C2=C1OC(C1=CC=C(O)C=C1)=C(OC1OC(C)C(O)C(=O)[C@H]1O)C2=O,A_family1_ugt_high_confidence
21,rank021_GWHPBECS039810,compound_1,GWHPBECS039810,/home/jnz/AIGT_esmc/Alphafold/neg_fix_v1_top200/compound_1/inputs/yaml/rank021_GWHPBECS039810.yaml,0.689536988735199,467,CC(C)=CCC1=C(O[C@@H]2O[C@H](CO)C(O)C(O)C2O)C=C(O)C2=C1OC(C1=CC=C(O)C=C1)=C(OC1OC(C)C(O)C(=O)[C@H]1O)C2=O,A_family1_ugt_high_confidence
22,rank022_GWHPBECS041249,compound_1,GWHPBECS041249,/home/jnz/AIGT_esmc/Alphafold/neg_fix_v1_top200/compound_1/inputs/yaml/rank022_GWHPBECS041249.yaml,0.6894089579582214,459,CC(C)=CCC1=C(O[C@@H]2O[C@H](CO)C(O)C(O)C2O)C=C(O)C2=C1OC(C1=CC=C(O)C=C1)=C(OC1OC(C)C(O)C(=O)[C@H]1O)C2=O,B_pspg_like_gt_candidate
23,rank023_GWHPBECS023832,compound_1,GWHPBECS023832,/home/jnz/AIGT_esmc/Alphafold/neg_fix_v1_top200/compound_1/inputs/yaml/rank023_GWHPBECS023832.yaml,0.6893861293792725,476,CC(C)=CCC1=C(O[C@@H]2O[C@H](CO)C(O)C(O)C2O)C=C(O)C2=C1OC(C1=CC=C(O)C=C1)=C(OC1OC(C)C(O)C(=O)[C@H]1O)C2=O,A_family1_ugt_high_confidence
24,rank024_GWHPBECS013086,compound_1,GWHPBECS013086,/home/jnz/AIGT_esmc/Alphafold/neg_fix_v1_top200/compound_1/inputs/yaml/rank024_GWHPBECS013086.yaml,0.6892966032028198,455,CC(C)=CCC1=C(O[C@@H]2O[C@H](CO)C(O)C(O)C2O)C=C(O)C2=C1OC(C1=CC=C(O)C=C1)=C(OC1OC(C)C(O)C(=O)[C@H]1O)C2=O,A_family1_ugt_high_confidence
25,rank025_GWHPBECS039805,compound_1,GWHPBECS039805,/home/jnz/AIGT_esmc/Alphafold/neg_fix_v1_top200/compound_1/inputs/yaml/rank025_GWHPBECS039805.yaml,0.6892862319946289,467,CC(C)=CCC1=C(O[C@@H]2O[C@H](CO)C(O)C(O)C2O)C=C(O)C2=C1OC(C1=CC=C(O)C=C1)=C(OC1OC(C)C(O)C(=O)[C@H]1O)C2=O,A_family1_ugt_high_confidence
26,rank026_GWHPBECS005381,compound_1,GWHPBECS005381,/home/jnz/AIGT_esmc/Alphafold/neg_fix_v1_top200/compound_1/inputs/yaml/rank026_GWHPBECS005381.yaml,0.689283013343811,475,CC(C)=CCC1=C(O[C@@H]2O[C@H](CO)C(O)C(O)C2O)C=C(O)C2=C1OC(C1=CC=C(O)C=C1)=C(OC1OC(C)C(O)C(=O)[C@H]1O)C2=O,A_family1_ugt_high_confidence
27,rank027_GWHPBECS005593,compound_1,GWHPBECS005593,/home/jnz/AIGT_esmc/Alphafold/neg_fix_v1_top200/compound_1/inputs/yaml/rank027_GWHPBECS005593.yaml,0.6892566680908203,540,CC(C)=CCC1=C(O[C@@H]2O[C@H](CO)C(O)C(O)C2O)C=C(O)C2=C1OC(C1=CC=C(O)C=C1)=C(OC1OC(C)C(O)C(=O)[C@H]1O)C2=O,C_reviewed_gt_high_similarity
28,rank028_GWHPBECS041157,compound_1,GWHPBECS041157,/home/jnz/AIGT_esmc/Alphafold/neg_fix_v1_top200/compound_1/inputs/yaml/rank028_GWHPBECS041157.yaml,0.6892217993736267,399,CC(C)=CCC1=C(O[C@@H]2O[C@H](CO)C(O)C(O)C2O)C=C(O)C2=C1OC(C1=CC=C(O)C=C1)=C(OC1OC(C)C(O)C(=O)[C@H]1O)C2=O,B_pspg_like_gt_candidate
29,rank029_GWHPBECS026431,compound_1,GWHPBECS026431,/home/jnz/AIGT_esmc/Alphafold/neg_fix_v1_top200/compound_1/inputs/yaml/rank029_GWHPBECS026431.yaml,0.6892017722129822,435,CC(C)=CCC1=C(O[C@@H]2O[C@H](CO)C(O)C(O)C2O)C=C(O)C2=C1OC(C1=CC=C(O)C=C1)=C(OC1OC(C)C(O)C(=O)[C@H]1O)C2=O,A_family1_ugt_high_confidence
30,rank030_GWHPBECS023845,compound_1,GWHPBECS023845,/home/jnz/AIGT_esmc/Alphafold/neg_fix_v1_top200/compound_1/inputs/yaml/rank030_GWHPBECS023845.yaml,0.6891602277755737,462,CC(C)=CCC1=C(O[C@@H]2O[C@H](CO)C(O)C(O)C2O)C=C(O)C2=C1OC(C1=CC=C(O)C=C1)=C(OC1OC(C)C(O)C(=O)[C@H]1O)C2=O,A_family1_ugt_high_confidence
31,rank031_GWHPBECS019368,compound_1,GWHPBECS019368,/home/jnz/AIGT_esmc/Alphafold/neg_fix_v1_top200/compound_1/inputs/yaml/rank031_GWHPBECS019368.yaml,0.689069926738739,454,CC(C)=CCC1=C(O[C@@H]2O[C@H](CO)C(O)C(O)C2O)C=C(O)C2=C1OC(C1=CC=C(O)C=C1)=C(OC1OC(C)C(O)C(=O)[C@H]1O)C2=O,A_family1_ugt_high_confidence
32,rank032_GWHPBECS041248,compound_1,GWHPBECS041248,/home/jnz/AIGT_esmc/Alphafold/neg_fix_v1_top200/compound_1/inputs/yaml/rank032_GWHPBECS041248.yaml,0.6890310049057007,389,CC(C)=CCC1=C(O[C@@H]2O[C@H](CO)C(O)C(O)C2O)C=C(O)C2=C1OC(C1=CC=C(O)C=C1)=C(OC1OC(C)C(O)C(=O)[C@H]1O)C2=O,B_pspg_like_gt_candidate
33,rank033_GWHPBECS023844,compound_1,GWHPBECS023844,/home/jnz/AIGT_esmc/Alphafold/neg_fix_v1_top200/compound_1/inputs/yaml/rank033_GWHPBECS023844.yaml,0.6888396739959717,476,CC(C)=CCC1=C(O[C@@H]2O[C@H](CO)C(O)C(O)C2O)C=C(O)C2=C1OC(C1=CC=C(O)C=C1)=C(OC1OC(C)C(O)C(=O)[C@H]1O)C2=O,A_family1_ugt_high_confidence
34,rank034_GWHPBECS019467,compound_1,GWHPBECS019467,/home/jnz/AIGT_esmc/Alphafold/neg_fix_v1_top200/compound_1/inputs/yaml/rank034_GWHPBECS019467.yaml,0.6888019442558289,455,CC(C)=CCC1=C(O[C@@H]2O[C@H](CO)C(O)C(O)C2O)C=C(O)C2=C1OC(C1=CC=C(O)C=C1)=C(OC1OC(C)C(O)C(=O)[C@H]1O)C2=O,A_family1_ugt_high_confidence
35,rank035_GWHPBECS039808,compound_1,GWHPBECS039808,/home/jnz/AIGT_esmc/Alphafold/neg_fix_v1_top200/compound_1/inputs/yaml/rank035_GWHPBECS039808.yaml,0.6887919902801514,467,CC(C)=CCC1=C(O[C@@H]2O[C@H](CO)C(O)C(O)C2O)C=C(O)C2=C1OC(C1=CC=C(O)C=C1)=C(OC1OC(C)C(O)C(=O)[C@H]1O)C2=O,A_family1_ugt_high_confidence
36,rank036_GWHPBECS011414,compound_1,GWHPBECS011414,/home/jnz/AIGT_esmc/Alphafold/neg_fix_v1_top200/compound_1/inputs/yaml/rank036_GWHPBECS011414.yaml,0.6885226964950562,462,CC(C)=CCC1=C(O[C@@H]2O[C@H](CO)C(O)C(O)C2O)C=C(O)C2=C1OC(C1=CC=C(O)C=C1)=C(OC1OC(C)C(O)C(=O)[C@H]1O)C2=O,A_family1_ugt_high_confidence
37,rank037_GWHPBECS041210,compound_1,GWHPBECS041210,/home/jnz/AIGT_esmc/Alphafold/neg_fix_v1_top200/compound_1/inputs/yaml/rank037_GWHPBECS041210.yaml,0.688386082649231,461,CC(C)=CCC1=C(O[C@@H]2O[C@H](CO)C(O)C(O)C2O)C=C(O)C2=C1OC(C1=CC=C(O)C=C1)=C(OC1OC(C)C(O)C(=O)[C@H]1O)C2=O,B_pspg_like_gt_candidate
38,rank038_GWHPBECS039781,compound_1,GWHPBECS039781,/home/jnz/AIGT_esmc/Alphafold/neg_fix_v1_top200/compound_1/inputs/yaml/rank038_GWHPBECS039781.yaml,0.6883788704872131,467,CC(C)=CCC1=C(O[C@@H]2O[C@H](CO)C(O)C(O)C2O)C=C(O)C2=C1OC(C1=CC=C(O)C=C1)=C(OC1OC(C)C(O)C(=O)[C@H]1O)C2=O,A_family1_ugt_high_confidence
39,rank039_GWHPBECS041253,compound_1,GWHPBECS041253,/home/jnz/AIGT_esmc/Alphafold/neg_fix_v1_top200/compound_1/inputs/yaml/rank039_GWHPBECS041253.yaml,0.6880669593811035,448,CC(C)=CCC1=C(O[C@@H]2O[C@H](CO)C(O)C(O)C2O)C=C(O)C2=C1OC(C1=CC=C(O)C=C1)=C(OC1OC(C)C(O)C(=O)[C@H]1O)C2=O,B_pspg_like_gt_candidate
40,rank040_GWHPBECS026448,compound_1,GWHPBECS026448,/home/jnz/AIGT_esmc/Alphafold/neg_fix_v1_top200/compound_1/inputs/yaml/rank040_GWHPBECS026448.yaml,0.6879774928092957,475,CC(C)=CCC1=C(O[C@@H]2O[C@H](CO)C(O)C(O)C2O)C=C(O)C2=C1OC(C1=CC=C(O)C=C1)=C(OC1OC(C)C(O)C(=O)[C@H]1O)C2=O,A_family1_ugt_high_confidence
41,rank041_GWHPBECS041245,compound_1,GWHPBECS041245,/home/jnz/AIGT_esmc/Alphafold/neg_fix_v1_top200/compound_1/inputs/yaml/rank041_GWHPBECS041245.yaml,0.6877769827842712,460,CC(C)=CCC1=C(O[C@@H]2O[C@H](CO)C(O)C(O)C2O)C=C(O)C2=C1OC(C1=CC=C(O)C=C1)=C(OC1OC(C)C(O)C(=O)[C@H]1O)C2=O,B_pspg_like_gt_candidate
42,rank042_GWHPBECS041247,compound_1,GWHPBECS041247,/home/jnz/AIGT_esmc/Alphafold/neg_fix_v1_top200/compound_1/inputs/yaml/rank042_GWHPBECS041247.yaml,0.6877769827842712,460,CC(C)=CCC1=C(O[C@@H]2O[C@H](CO)C(O)C(O)C2O)C=C(O)C2=C1OC(C1=CC=C(O)C=C1)=C(OC1OC(C)C(O)C(=O)[C@H]1O)C2=O,B_pspg_like_gt_candidate
43,rank043_GWHPBECS041246,compound_1,GWHPBECS041246,/home/jnz/AIGT_esmc/Alphafold/neg_fix_v1_top200/compound_1/inputs/yaml/rank043_GWHPBECS041246.yaml,0.6877769827842712,460,CC(C)=CCC1=C(O[C@@H]2O[C@H](CO)C(O)C(O)C2O)C=C(O)C2=C1OC(C1=CC=C(O)C=C1)=C(OC1OC(C)C(O)C(=O)[C@H]1O)C2=O,B_pspg_like_gt_candidate
44,rank044_GWHPBECS014754,compound_1,GWHPBECS014754,/home/jnz/AIGT_esmc/Alphafold/neg_fix_v1_top200/compound_1/inputs/yaml/rank044_GWHPBECS014754.yaml,0.6877720355987549,386,CC(C)=CCC1=C(O[C@@H]2O[C@H](CO)C(O)C(O)C2O)C=C(O)C2=C1OC(C1=CC=C(O)C=C1)=C(OC1OC(C)C(O)C(=O)[C@H]1O)C2=O,A_family1_ugt_high_confidence
45,rank045_GWHPBECS026466,compound_1,GWHPBECS026466,/home/jnz/AIGT_esmc/Alphafold/neg_fix_v1_top200/compound_1/inputs/yaml/rank045_GWHPBECS026466.yaml,0.6877575516700745,476,CC(C)=CCC1=C(O[C@@H]2O[C@H](CO)C(O)C(O)C2O)C=C(O)C2=C1OC(C1=CC=C(O)C=C1)=C(OC1OC(C)C(O)C(=O)[C@H]1O)C2=O,A_family1_ugt_high_confidence
46,rank046_GWHPBECS019985,compound_1,GWHPBECS019985,/home/jnz/AIGT_esmc/Alphafold/neg_fix_v1_top200/compound_1/inputs/yaml/rank046_GWHPBECS019985.yaml,0.6877186298370361,449,CC(C)=CCC1=C(O[C@@H]2O[C@H](CO)C(O)C(O)C2O)C=C(O)C2=C1OC(C1=CC=C(O)C=C1)=C(OC1OC(C)C(O)C(=O)[C@H]1O)C2=O,A_family1_ugt_high_confidence
47,rank047_GWHPBECS039807,compound_1,GWHPBECS039807,/home/jnz/AIGT_esmc/Alphafold/neg_fix_v1_top200/compound_1/inputs/yaml/rank047_GWHPBECS039807.yaml,0.6875695586204529,466,CC(C)=CCC1=C(O[C@@H]2O[C@H](CO)C(O)C(O)C2O)C=C(O)C2=C1OC(C1=CC=C(O)C=C1)=C(OC1OC(C)C(O)C(=O)[C@H]1O)C2=O,A_family1_ugt_high_confidence
48,rank048_GWHPBECS019398,compound_1,GWHPBECS019398,/home/jnz/AIGT_esmc/Alphafold/neg_fix_v1_top200/compound_1/inputs/yaml/rank048_GWHPBECS019398.yaml,0.6874615550041199,454,CC(C)=CCC1=C(O[C@@H]2O[C@H](CO)C(O)C(O)C2O)C=C(O)C2=C1OC(C1=CC=C(O)C=C1)=C(OC1OC(C)C(O)C(=O)[C@H]1O)C2=O,A_family1_ugt_high_confidence
49,rank049_GWHPBECS039312,compound_1,GWHPBECS039312,/home/jnz/AIGT_esmc/Alphafold/neg_fix_v1_top200/compound_1/inputs/yaml/rank049_GWHPBECS039312.yaml,0.68734210729599,422,CC(C)=CCC1=C(O[C@@H]2O[C@H](CO)C(O)C(O)C2O)C=C(O)C2=C1OC(C1=CC=C(O)C=C1)=C(OC1OC(C)C(O)C(=O)[C@H]1O)C2=O,B_pspg_like_gt_candidate
50,rank050_GWHPBECS026452,compound_1,GWHPBECS026452,/home/jnz/AIGT_esmc/Alphafold/neg_fix_v1_top200/compound_1/inputs/yaml/rank050_GWHPBECS026452.yaml,0.6873055696487427,475,CC(C)=CCC1=C(O[C@@H]2O[C@H](CO)C(O)C(O)C2O)C=C(O)C2=C1OC(C1=CC=C(O)C=C1)=C(OC1OC(C)C(O)C(=O)[C@H]1O)C2=O,A_family1_ugt_high_confidence
51,rank051_GWHPBECS039310,compound_1,GWHPBECS039310,/home/jnz/AIGT_esmc/Alphafold/neg_fix_v1_top200/compound_1/inputs/yaml/rank051_GWHPBECS039310.yaml,0.6872472763061523,422,CC(C)=CCC1=C(O[C@@H]2O[C@H](CO)C(O)C(O)C2O)C=C(O)C2=C1OC(C1=CC=C(O)C=C1)=C(OC1OC(C)C(O)C(=O)[C@H]1O)C2=O,B_pspg_like_gt_candidate
52,rank052_GWHPBECS023839,compound_1,GWHPBECS023839,/home/jnz/AIGT_esmc/Alphafold/neg_fix_v1_top200/compound_1/inputs/yaml/rank052_GWHPBECS023839.yaml,0.6871539950370789,311,CC(C)=CCC1=C(O[C@@H]2O[C@H](CO)C(O)C(O)C2O)C=C(O)C2=C1OC(C1=CC=C(O)C=C1)=C(OC1OC(C)C(O)C(=O)[C@H]1O)C2=O,C_reviewed_gt_high_similarity
53,rank053_GWHPBECS039792,compound_1,GWHPBECS039792,/home/jnz/AIGT_esmc/Alphafold/neg_fix_v1_top200/compound_1/inputs/yaml/rank053_GWHPBECS039792.yaml,0.687153160572052,467,CC(C)=CCC1=C(O[C@@H]2O[C@H](CO)C(O)C(O)C2O)C=C(O)C2=C1OC(C1=CC=C(O)C=C1)=C(OC1OC(C)C(O)C(=O)[C@H]1O)C2=O,A_family1_ugt_high_confidence
54,rank054_GWHPBECS019468,compound_1,GWHPBECS019468,/home/jnz/AIGT_esmc/Alphafold/neg_fix_v1_top200/compound_1/inputs/yaml/rank054_GWHPBECS019468.yaml,0.68714839220047,457,CC(C)=CCC1=C(O[C@@H]2O[C@H](CO)C(O)C(O)C2O)C=C(O)C2=C1OC(C1=CC=C(O)C=C1)=C(OC1OC(C)C(O)C(=O)[C@H]1O)C2=O,A_family1_ugt_high_confidence
55,rank055_GWHPBECS039787,compound_1,GWHPBECS039787,/home/jnz/AIGT_esmc/Alphafold/neg_fix_v1_top200/compound_1/inputs/yaml/rank055_GWHPBECS039787.yaml,0.6870126724243164,467,CC(C)=CCC1=C(O[C@@H]2O[C@H](CO)C(O)C(O)C2O)C=C(O)C2=C1OC(C1=CC=C(O)C=C1)=C(OC1OC(C)C(O)C(=O)[C@H]1O)C2=O,A_family1_ugt_high_confidence
56,rank056_GWHPBECS041167,compound_1,GWHPBECS041167,/home/jnz/AIGT_esmc/Alphafold/neg_fix_v1_top200/compound_1/inputs/yaml/rank056_GWHPBECS041167.yaml,0.6869205832481384,467,CC(C)=CCC1=C(O[C@@H]2O[C@H](CO)C(O)C(O)C2O)C=C(O)C2=C1OC(C1=CC=C(O)C=C1)=C(OC1OC(C)C(O)C(=O)[C@H]1O)C2=O,B_pspg_like_gt_candidate
57,rank057_GWHPBECS026435,compound_1,GWHPBECS026435,/home/jnz/AIGT_esmc/Alphafold/neg_fix_v1_top200/compound_1/inputs/yaml/rank057_GWHPBECS026435.yaml,0.686853289604187,381,CC(C)=CCC1=C(O[C@@H]2O[C@H](CO)C(O)C(O)C2O)C=C(O)C2=C1OC(C1=CC=C(O)C=C1)=C(OC1OC(C)C(O)C(=O)[C@H]1O)C2=O,A_family1_ugt_high_confidence
58,rank058_GWHPBECS042661,compound_1,GWHPBECS042661,/home/jnz/AIGT_esmc/Alphafold/neg_fix_v1_top200/compound_1/inputs/yaml/rank058_GWHPBECS042661.yaml,0.6866018176078796,483,CC(C)=CCC1=C(O[C@@H]2O[C@H](CO)C(O)C(O)C2O)C=C(O)C2=C1OC(C1=CC=C(O)C=C1)=C(OC1OC(C)C(O)C(=O)[C@H]1O)C2=O,A_family1_ugt_high_confidence
59,rank059_GWHPBECS039789,compound_1,GWHPBECS039789,/home/jnz/AIGT_esmc/Alphafold/neg_fix_v1_top200/compound_1/inputs/yaml/rank059_GWHPBECS039789.yaml,0.6865702867507935,467,CC(C)=CCC1=C(O[C@@H]2O[C@H](CO)C(O)C(O)C2O)C=C(O)C2=C1OC(C1=CC=C(O)C=C1)=C(OC1OC(C)C(O)C(=O)[C@H]1O)C2=O,A_family1_ugt_high_confidence
60,rank060_GWHPBECS041209,compound_1,GWHPBECS041209,/home/jnz/AIGT_esmc/Alphafold/neg_fix_v1_top200/compound_1/inputs/yaml/rank060_GWHPBECS041209.yaml,0.6864480972290039,443,CC(C)=CCC1=C(O[C@@H]2O[C@H](CO)C(O)C(O)C2O)C=C(O)C2=C1OC(C1=CC=C(O)C=C1)=C(OC1OC(C)C(O)C(=O)[C@H]1O)C2=O,B_pspg_like_gt_candidate
61,rank061_GWHPBECS039311,compound_1,GWHPBECS039311,/home/jnz/AIGT_esmc/Alphafold/neg_fix_v1_top200/compound_1/inputs/yaml/rank061_GWHPBECS039311.yaml,0.6863928437232971,443,CC(C)=CCC1=C(O[C@@H]2O[C@H](CO)C(O)C(O)C2O)C=C(O)C2=C1OC(C1=CC=C(O)C=C1)=C(OC1OC(C)C(O)C(=O)[C@H]1O)C2=O,B_pspg_like_gt_candidate
62,rank062_GWHPBECS023914,compound_1,GWHPBECS023914,/home/jnz/AIGT_esmc/Alphafold/neg_fix_v1_top200/compound_1/inputs/yaml/rank062_GWHPBECS023914.yaml,0.6863855719566345,458,CC(C)=CCC1=C(O[C@@H]2O[C@H](CO)C(O)C(O)C2O)C=C(O)C2=C1OC(C1=CC=C(O)C=C1)=C(OC1OC(C)C(O)C(=O)[C@H]1O)C2=O,A_family1_ugt_high_confidence
63,rank063_GWHPBECS010871,compound_1,GWHPBECS010871,/home/jnz/AIGT_esmc/Alphafold/neg_fix_v1_top200/compound_1/inputs/yaml/rank063_GWHPBECS010871.yaml,0.6863492131233215,479,CC(C)=CCC1=C(O[C@@H]2O[C@H](CO)C(O)C(O)C2O)C=C(O)C2=C1OC(C1=CC=C(O)C=C1)=C(OC1OC(C)C(O)C(=O)[C@H]1O)C2=O,A_family1_ugt_high_confidence
64,rank064_GWHPBECS026429,compound_1,GWHPBECS026429,/home/jnz/AIGT_esmc/Alphafold/neg_fix_v1_top200/compound_1/inputs/yaml/rank064_GWHPBECS026429.yaml,0.6862508058547974,471,CC(C)=CCC1=C(O[C@@H]2O[C@H](CO)C(O)C(O)C2O)C=C(O)C2=C1OC(C1=CC=C(O)C=C1)=C(OC1OC(C)C(O)C(=O)[C@H]1O)C2=O,A_family1_ugt_high_confidence
65,rank065_GWHPBECS011179,compound_1,GWHPBECS011179,/home/jnz/AIGT_esmc/Alphafold/neg_fix_v1_top200/compound_1/inputs/yaml/rank065_GWHPBECS011179.yaml,0.6861741542816162,441,CC(C)=CCC1=C(O[C@@H]2O[C@H](CO)C(O)C(O)C2O)C=C(O)C2=C1OC(C1=CC=C(O)C=C1)=C(OC1OC(C)C(O)C(=O)[C@H]1O)C2=O,A_family1_ugt_high_confidence
66,rank066_GWHPBECS010870,compound_1,GWHPBECS010870,/home/jnz/AIGT_esmc/Alphafold/neg_fix_v1_top200/compound_1/inputs/yaml/rank066_GWHPBECS010870.yaml,0.6861678957939148,479,CC(C)=CCC1=C(O[C@@H]2O[C@H](CO)C(O)C(O)C2O)C=C(O)C2=C1OC(C1=CC=C(O)C=C1)=C(OC1OC(C)C(O)C(=O)[C@H]1O)C2=O,A_family1_ugt_high_confidence
67,rank067_GWHPBECS041207,compound_1,GWHPBECS041207,/home/jnz/AIGT_esmc/Alphafold/neg_fix_v1_top200/compound_1/inputs/yaml/rank067_GWHPBECS041207.yaml,0.6860653758049011,459,CC(C)=CCC1=C(O[C@@H]2O[C@H](CO)C(O)C(O)C2O)C=C(O)C2=C1OC(C1=CC=C(O)C=C1)=C(OC1OC(C)C(O)C(=O)[C@H]1O)C2=O,B_pspg_like_gt_candidate
68,rank068_GWHPBECS026436,compound_1,GWHPBECS026436,/home/jnz/AIGT_esmc/Alphafold/neg_fix_v1_top200/compound_1/inputs/yaml/rank068_GWHPBECS026436.yaml,0.6860284805297852,476,CC(C)=CCC1=C(O[C@@H]2O[C@H](CO)C(O)C(O)C2O)C=C(O)C2=C1OC(C1=CC=C(O)C=C1)=C(OC1OC(C)C(O)C(=O)[C@H]1O)C2=O,A_family1_ugt_high_confidence
69,rank069_GWHPBECS010789,compound_1,GWHPBECS010789,/home/jnz/AIGT_esmc/Alphafold/neg_fix_v1_top200/compound_1/inputs/yaml/rank069_GWHPBECS010789.yaml,0.6859192848205566,453,CC(C)=CCC1=C(O[C@@H]2O[C@H](CO)C(O)C(O)C2O)C=C(O)C2=C1OC(C1=CC=C(O)C=C1)=C(OC1OC(C)C(O)C(=O)[C@H]1O)C2=O,A_family1_ugt_high_confidence
70,rank070_GWHPBECS006410,compound_1,GWHPBECS006410,/home/jnz/AIGT_esmc/Alphafold/neg_fix_v1_top200/compound_1/inputs/yaml/rank070_GWHPBECS006410.yaml,0.6859130263328552,456,CC(C)=CCC1=C(O[C@@H]2O[C@H](CO)C(O)C(O)C2O)C=C(O)C2=C1OC(C1=CC=C(O)C=C1)=C(OC1OC(C)C(O)C(=O)[C@H]1O)C2=O,A_family1_ugt_high_confidence
71,rank071_GWHPBECS039799,compound_1,GWHPBECS039799,/home/jnz/AIGT_esmc/Alphafold/neg_fix_v1_top200/compound_1/inputs/yaml/rank071_GWHPBECS039799.yaml,0.6857035756111145,467,CC(C)=CCC1=C(O[C@@H]2O[C@H](CO)C(O)C(O)C2O)C=C(O)C2=C1OC(C1=CC=C(O)C=C1)=C(OC1OC(C)C(O)C(=O)[C@H]1O)C2=O,A_family1_ugt_high_confidence
72,rank072_GWHPBECS019993,compound_1,GWHPBECS019993,/home/jnz/AIGT_esmc/Alphafold/neg_fix_v1_top200/compound_1/inputs/yaml/rank072_GWHPBECS019993.yaml,0.6855567097663879,438,CC(C)=CCC1=C(O[C@@H]2O[C@H](CO)C(O)C(O)C2O)C=C(O)C2=C1OC(C1=CC=C(O)C=C1)=C(OC1OC(C)C(O)C(=O)[C@H]1O)C2=O,A_family1_ugt_high_confidence
73,rank073_GWHPBECS005716,compound_1,GWHPBECS005716,/home/jnz/AIGT_esmc/Alphafold/neg_fix_v1_top200/compound_1/inputs/yaml/rank073_GWHPBECS005716.yaml,0.6855010390281677,494,CC(C)=CCC1=C(O[C@@H]2O[C@H](CO)C(O)C(O)C2O)C=C(O)C2=C1OC(C1=CC=C(O)C=C1)=C(OC1OC(C)C(O)C(=O)[C@H]1O)C2=O,A_family1_ugt_high_confidence
74,rank074_GWHPBECS039786,compound_1,GWHPBECS039786,/home/jnz/AIGT_esmc/Alphafold/neg_fix_v1_top200/compound_1/inputs/yaml/rank074_GWHPBECS039786.yaml,0.6850647330284119,467,CC(C)=CCC1=C(O[C@@H]2O[C@H](CO)C(O)C(O)C2O)C=C(O)C2=C1OC(C1=CC=C(O)C=C1)=C(OC1OC(C)C(O)C(=O)[C@H]1O)C2=O,A_family1_ugt_high_confidence
75,rank075_GWHPBECS026013,compound_1,GWHPBECS026013,/home/jnz/AIGT_esmc/Alphafold/neg_fix_v1_top200/compound_1/inputs/yaml/rank075_GWHPBECS026013.yaml,0.6848659515380859,464,CC(C)=CCC1=C(O[C@@H]2O[C@H](CO)C(O)C(O)C2O)C=C(O)C2=C1OC(C1=CC=C(O)C=C1)=C(OC1OC(C)C(O)C(=O)[C@H]1O)C2=O,A_family1_ugt_high_confidence
76,rank076_GWHPBECS019981,compound_1,GWHPBECS019981,/home/jnz/AIGT_esmc/Alphafold/neg_fix_v1_top200/compound_1/inputs/yaml/rank076_GWHPBECS019981.yaml,0.6848592758178711,449,CC(C)=CCC1=C(O[C@@H]2O[C@H](CO)C(O)C(O)C2O)C=C(O)C2=C1OC(C1=CC=C(O)C=C1)=C(OC1OC(C)C(O)C(=O)[C@H]1O)C2=O,A_family1_ugt_high_confidence
77,rank077_GWHPBECS023837,compound_1,GWHPBECS023837,/home/jnz/AIGT_esmc/Alphafold/neg_fix_v1_top200/compound_1/inputs/yaml/rank077_GWHPBECS023837.yaml,0.6848539710044861,456,CC(C)=CCC1=C(O[C@@H]2O[C@H](CO)C(O)C(O)C2O)C=C(O)C2=C1OC(C1=CC=C(O)C=C1)=C(OC1OC(C)C(O)C(=O)[C@H]1O)C2=O,A_family1_ugt_high_confidence
78,rank078_GWHPBECS039811,compound_1,GWHPBECS039811,/home/jnz/AIGT_esmc/Alphafold/neg_fix_v1_top200/compound_1/inputs/yaml/rank078_GWHPBECS039811.yaml,0.6848533749580383,464,CC(C)=CCC1=C(O[C@@H]2O[C@H](CO)C(O)C(O)C2O)C=C(O)C2=C1OC(C1=CC=C(O)C=C1)=C(OC1OC(C)C(O)C(=O)[C@H]1O)C2=O,A_family1_ugt_high_confidence
79,rank079_GWHPBECS023850,compound_1,GWHPBECS023850,/home/jnz/AIGT_esmc/Alphafold/neg_fix_v1_top200/compound_1/inputs/yaml/rank079_GWHPBECS023850.yaml,0.6846379637718201,498,CC(C)=CCC1=C(O[C@@H]2O[C@H](CO)C(O)C(O)C2O)C=C(O)C2=C1OC(C1=CC=C(O)C=C1)=C(OC1OC(C)C(O)C(=O)[C@H]1O)C2=O,A_family1_ugt_high_confidence
80,rank080_GWHPBECS013157,compound_1,GWHPBECS013157,/home/jnz/AIGT_esmc/Alphafold/neg_fix_v1_top200/compound_1/inputs/yaml/rank080_GWHPBECS013157.yaml,0.6845898628234863,386,CC(C)=CCC1=C(O[C@@H]2O[C@H](CO)C(O)C(O)C2O)C=C(O)C2=C1OC(C1=CC=C(O)C=C1)=C(OC1OC(C)C(O)C(=O)[C@H]1O)C2=O,A_family1_ugt_high_confidence
81,rank081_GWHPBECS034414,compound_1,GWHPBECS034414,/home/jnz/AIGT_esmc/Alphafold/neg_fix_v1_top200/compound_1/inputs/yaml/rank081_GWHPBECS034414.yaml,0.6845194101333618,440,CC(C)=CCC1=C(O[C@@H]2O[C@H](CO)C(O)C(O)C2O)C=C(O)C2=C1OC(C1=CC=C(O)C=C1)=C(OC1OC(C)C(O)C(=O)[C@H]1O)C2=O,A_family1_ugt_high_confidence
82,rank082_GWHPBECS005886,compound_1,GWHPBECS005886,/home/jnz/AIGT_esmc/Alphafold/neg_fix_v1_top200/compound_1/inputs/yaml/rank082_GWHPBECS005886.yaml,0.6844793558120728,474,CC(C)=CCC1=C(O[C@@H]2O[C@H](CO)C(O)C(O)C2O)C=C(O)C2=C1OC(C1=CC=C(O)C=C1)=C(OC1OC(C)C(O)C(=O)[C@H]1O)C2=O,A_family1_ugt_high_confidence
83,rank083_GWHPBECS005717,compound_1,GWHPBECS005717,/home/jnz/AIGT_esmc/Alphafold/neg_fix_v1_top200/compound_1/inputs/yaml/rank083_GWHPBECS005717.yaml,0.6843997240066528,484,CC(C)=CCC1=C(O[C@@H]2O[C@H](CO)C(O)C(O)C2O)C=C(O)C2=C1OC(C1=CC=C(O)C=C1)=C(OC1OC(C)C(O)C(=O)[C@H]1O)C2=O,A_family1_ugt_high_confidence
84,rank084_GWHPBECS039817,compound_1,GWHPBECS039817,/home/jnz/AIGT_esmc/Alphafold/neg_fix_v1_top200/compound_1/inputs/yaml/rank084_GWHPBECS039817.yaml,0.6842883825302124,447,CC(C)=CCC1=C(O[C@@H]2O[C@H](CO)C(O)C(O)C2O)C=C(O)C2=C1OC(C1=CC=C(O)C=C1)=C(OC1OC(C)C(O)C(=O)[C@H]1O)C2=O,A_family1_ugt_high_confidence
85,rank085_GWHPBECS010867,compound_1,GWHPBECS010867,/home/jnz/AIGT_esmc/Alphafold/neg_fix_v1_top200/compound_1/inputs/yaml/rank085_GWHPBECS010867.yaml,0.6841776371002197,465,CC(C)=CCC1=C(O[C@@H]2O[C@H](CO)C(O)C(O)C2O)C=C(O)C2=C1OC(C1=CC=C(O)C=C1)=C(OC1OC(C)C(O)C(=O)[C@H]1O)C2=O,A_family1_ugt_high_confidence
86,rank086_GWHPBECS012285,compound_1,GWHPBECS012285,/home/jnz/AIGT_esmc/Alphafold/neg_fix_v1_top200/compound_1/inputs/yaml/rank086_GWHPBECS012285.yaml,0.68412184715271,450,CC(C)=CCC1=C(O[C@@H]2O[C@H](CO)C(O)C(O)C2O)C=C(O)C2=C1OC(C1=CC=C(O)C=C1)=C(OC1OC(C)C(O)C(=O)[C@H]1O)C2=O,A_family1_ugt_high_confidence
87,rank087_GWHPBECS012286,compound_1,GWHPBECS012286,/home/jnz/AIGT_esmc/Alphafold/neg_fix_v1_top200/compound_1/inputs/yaml/rank087_GWHPBECS012286.yaml,0.6840550303459167,448,CC(C)=CCC1=C(O[C@@H]2O[C@H](CO)C(O)C(O)C2O)C=C(O)C2=C1OC(C1=CC=C(O)C=C1)=C(OC1OC(C)C(O)C(=O)[C@H]1O)C2=O,A_family1_ugt_high_confidence
88,rank088_GWHPBECS023852,compound_1,GWHPBECS023852,/home/jnz/AIGT_esmc/Alphafold/neg_fix_v1_top200/compound_1/inputs/yaml/rank088_GWHPBECS023852.yaml,0.6838975548744202,483,CC(C)=CCC1=C(O[C@@H]2O[C@H](CO)C(O)C(O)C2O)C=C(O)C2=C1OC(C1=CC=C(O)C=C1)=C(OC1OC(C)C(O)C(=O)[C@H]1O)C2=O,A_family1_ugt_high_confidence
89,rank089_GWHPBECS013743,compound_1,GWHPBECS013743,/home/jnz/AIGT_esmc/Alphafold/neg_fix_v1_top200/compound_1/inputs/yaml/rank089_GWHPBECS013743.yaml,0.683586835861206,400,CC(C)=CCC1=C(O[C@@H]2O[C@H](CO)C(O)C(O)C2O)C=C(O)C2=C1OC(C1=CC=C(O)C=C1)=C(OC1OC(C)C(O)C(=O)[C@H]1O)C2=O,C_reviewed_gt_high_similarity
90,rank090_GWHPBECS005108,compound_1,GWHPBECS005108,/home/jnz/AIGT_esmc/Alphafold/neg_fix_v1_top200/compound_1/inputs/yaml/rank090_GWHPBECS005108.yaml,0.683428943157196,446,CC(C)=CCC1=C(O[C@@H]2O[C@H](CO)C(O)C(O)C2O)C=C(O)C2=C1OC(C1=CC=C(O)C=C1)=C(OC1OC(C)C(O)C(=O)[C@H]1O)C2=O,A_family1_ugt_high_confidence
91,rank091_GWHPBECS012315,compound_1,GWHPBECS012315,/home/jnz/AIGT_esmc/Alphafold/neg_fix_v1_top200/compound_1/inputs/yaml/rank091_GWHPBECS012315.yaml,0.6834278702735901,461,CC(C)=CCC1=C(O[C@@H]2O[C@H](CO)C(O)C(O)C2O)C=C(O)C2=C1OC(C1=CC=C(O)C=C1)=C(OC1OC(C)C(O)C(=O)[C@H]1O)C2=O,A_family1_ugt_high_confidence
92,rank092_GWHPBECS026493,compound_1,GWHPBECS026493,/home/jnz/AIGT_esmc/Alphafold/neg_fix_v1_top200/compound_1/inputs/yaml/rank092_GWHPBECS026493.yaml,0.683382511138916,483,CC(C)=CCC1=C(O[C@@H]2O[C@H](CO)C(O)C(O)C2O)C=C(O)C2=C1OC(C1=CC=C(O)C=C1)=C(OC1OC(C)C(O)C(=O)[C@H]1O)C2=O,A_family1_ugt_high_confidence
93,rank093_GWHPBECS005718,compound_1,GWHPBECS005718,/home/jnz/AIGT_esmc/Alphafold/neg_fix_v1_top200/compound_1/inputs/yaml/rank093_GWHPBECS005718.yaml,0.6832551956176758,520,CC(C)=CCC1=C(O[C@@H]2O[C@H](CO)C(O)C(O)C2O)C=C(O)C2=C1OC(C1=CC=C(O)C=C1)=C(OC1OC(C)C(O)C(=O)[C@H]1O)C2=O,A_family1_ugt_high_confidence
94,rank094_GWHPBECS025961,compound_1,GWHPBECS025961,/home/jnz/AIGT_esmc/Alphafold/neg_fix_v1_top200/compound_1/inputs/yaml/rank094_GWHPBECS025961.yaml,0.6832036972045898,473,CC(C)=CCC1=C(O[C@@H]2O[C@H](CO)C(O)C(O)C2O)C=C(O)C2=C1OC(C1=CC=C(O)C=C1)=C(OC1OC(C)C(O)C(=O)[C@H]1O)C2=O,A_family1_ugt_high_confidence
95,rank095_GWHPBECS041382,compound_1,GWHPBECS041382,/home/jnz/AIGT_esmc/Alphafold/neg_fix_v1_top200/compound_1/inputs/yaml/rank095_GWHPBECS041382.yaml,0.6831985712051392,456,CC(C)=CCC1=C(O[C@@H]2O[C@H](CO)C(O)C(O)C2O)C=C(O)C2=C1OC(C1=CC=C(O)C=C1)=C(OC1OC(C)C(O)C(=O)[C@H]1O)C2=O,B_pspg_like_gt_candidate
96,rank096_GWHPBECS025373,compound_1,GWHPBECS025373,/home/jnz/AIGT_esmc/Alphafold/neg_fix_v1_top200/compound_1/inputs/yaml/rank096_GWHPBECS025373.yaml,0.6830994486808777,479,CC(C)=CCC1=C(O[C@@H]2O[C@H](CO)C(O)C(O)C2O)C=C(O)C2=C1OC(C1=CC=C(O)C=C1)=C(OC1OC(C)C(O)C(=O)[C@H]1O)C2=O,A_family1_ugt_high_confidence
97,rank097_GWHPBECS013088,compound_1,GWHPBECS013088,/home/jnz/AIGT_esmc/Alphafold/neg_fix_v1_top200/compound_1/inputs/yaml/rank097_GWHPBECS013088.yaml,0.6830975413322449,454,CC(C)=CCC1=C(O[C@@H]2O[C@H](CO)C(O)C(O)C2O)C=C(O)C2=C1OC(C1=CC=C(O)C=C1)=C(OC1OC(C)C(O)C(=O)[C@H]1O)C2=O,A_family1_ugt_high_confidence
98,rank098_GWHPBECS028344,compound_1,GWHPBECS028344,/home/jnz/AIGT_esmc/Alphafold/neg_fix_v1_top200/compound_1/inputs/yaml/rank098_GWHPBECS028344.yaml,0.6830828189849854,459,CC(C)=CCC1=C(O[C@@H]2O[C@H](CO)C(O)C(O)C2O)C=C(O)C2=C1OC(C1=CC=C(O)C=C1)=C(OC1OC(C)C(O)C(=O)[C@H]1O)C2=O,A_family1_ugt_high_confidence
99,rank099_GWHPBECS019951,compound_1,GWHPBECS019951,/home/jnz/AIGT_esmc/Alphafold/neg_fix_v1_top200/compound_1/inputs/yaml/rank099_GWHPBECS019951.yaml,0.6830204129219055,453,CC(C)=CCC1=C(O[C@@H]2O[C@H](CO)C(O)C(O)C2O)C=C(O)C2=C1OC(C1=CC=C(O)C=C1)=C(OC1OC(C)C(O)C(=O)[C@H]1O)C2=O,A_family1_ugt_high_confidence
100,rank100_GWHPBECS025958,compound_1,GWHPBECS025958,/home/jnz/AIGT_esmc/Alphafold/neg_fix_v1_top200/compound_1/inputs/yaml/rank100_GWHPBECS025958.yaml,0.6829878091812134,473,CC(C)=CCC1=C(O[C@@H]2O[C@H](CO)C(O)C(O)C2O)C=C(O)C2=C1OC(C1=CC=C(O)C=C1)=C(OC1OC(C)C(O)C(=O)[C@H]1O)C2=O,C_reviewed_gt_high_similarity
101,rank101_GWHPBECS012442,compound_1,GWHPBECS012442,/home/jnz/AIGT_esmc/Alphafold/neg_fix_v1_top200/compound_1/inputs/yaml/rank101_GWHPBECS012442.yaml,0.6828497052192688,459,CC(C)=CCC1=C(O[C@@H]2O[C@H](CO)C(O)C(O)C2O)C=C(O)C2=C1OC(C1=CC=C(O)C=C1)=C(OC1OC(C)C(O)C(=O)[C@H]1O)C2=O,A_family1_ugt_high_confidence
102,rank102_GWHPBECS005721,compound_1,GWHPBECS005721,/home/jnz/AIGT_esmc/Alphafold/neg_fix_v1_top200/compound_1/inputs/yaml/rank102_GWHPBECS005721.yaml,0.6825715899467468,489,CC(C)=CCC1=C(O[C@@H]2O[C@H](CO)C(O)C(O)C2O)C=C(O)C2=C1OC(C1=CC=C(O)C=C1)=C(OC1OC(C)C(O)C(=O)[C@H]1O)C2=O,A_family1_ugt_high_confidence
103,rank103_GWHPBECS041304,compound_1,GWHPBECS041304,/home/jnz/AIGT_esmc/Alphafold/neg_fix_v1_top200/compound_1/inputs/yaml/rank103_GWHPBECS041304.yaml,0.6825501322746277,456,CC(C)=CCC1=C(O[C@@H]2O[C@H](CO)C(O)C(O)C2O)C=C(O)C2=C1OC(C1=CC=C(O)C=C1)=C(OC1OC(C)C(O)C(=O)[C@H]1O)C2=O,B_pspg_like_gt_candidate
104,rank104_GWHPBECS012324,compound_1,GWHPBECS012324,/home/jnz/AIGT_esmc/Alphafold/neg_fix_v1_top200/compound_1/inputs/yaml/rank104_GWHPBECS012324.yaml,0.6824563145637512,448,CC(C)=CCC1=C(O[C@@H]2O[C@H](CO)C(O)C(O)C2O)C=C(O)C2=C1OC(C1=CC=C(O)C=C1)=C(OC1OC(C)C(O)C(=O)[C@H]1O)C2=O,A_family1_ugt_high_confidence
105,rank105_GWHPBECS013089,compound_1,GWHPBECS013089,/home/jnz/AIGT_esmc/Alphafold/neg_fix_v1_top200/compound_1/inputs/yaml/rank105_GWHPBECS013089.yaml,0.6823971271514893,453,CC(C)=CCC1=C(O[C@@H]2O[C@H](CO)C(O)C(O)C2O)C=C(O)C2=C1OC(C1=CC=C(O)C=C1)=C(OC1OC(C)C(O)C(=O)[C@H]1O)C2=O,A_family1_ugt_high_confidence
106,rank106_GWHPBECS025966,compound_1,GWHPBECS025966,/home/jnz/AIGT_esmc/Alphafold/neg_fix_v1_top200/compound_1/inputs/yaml/rank106_GWHPBECS025966.yaml,0.6822638511657715,474,CC(C)=CCC1=C(O[C@@H]2O[C@H](CO)C(O)C(O)C2O)C=C(O)C2=C1OC(C1=CC=C(O)C=C1)=C(OC1OC(C)C(O)C(=O)[C@H]1O)C2=O,A_family1_ugt_high_confidence
107,rank107_GWHPBECS010868,compound_1,GWHPBECS010868,/home/jnz/AIGT_esmc/Alphafold/neg_fix_v1_top200/compound_1/inputs/yaml/rank107_GWHPBECS010868.yaml,0.6822231411933899,469,CC(C)=CCC1=C(O[C@@H]2O[C@H](CO)C(O)C(O)C2O)C=C(O)C2=C1OC(C1=CC=C(O)C=C1)=C(OC1OC(C)C(O)C(=O)[C@H]1O)C2=O,A_family1_ugt_high_confidence
108,rank108_GWHPBECS014891,compound_1,GWHPBECS014891,/home/jnz/AIGT_esmc/Alphafold/neg_fix_v1_top200/compound_1/inputs/yaml/rank108_GWHPBECS014891.yaml,0.6819929480552673,439,CC(C)=CCC1=C(O[C@@H]2O[C@H](CO)C(O)C(O)C2O)C=C(O)C2=C1OC(C1=CC=C(O)C=C1)=C(OC1OC(C)C(O)C(=O)[C@H]1O)C2=O,C_reviewed_gt_high_similarity
109,rank109_GWHPBECS026007,compound_1,GWHPBECS026007,/home/jnz/AIGT_esmc/Alphafold/neg_fix_v1_top200/compound_1/inputs/yaml/rank109_GWHPBECS026007.yaml,0.6819350123405457,473,CC(C)=CCC1=C(O[C@@H]2O[C@H](CO)C(O)C(O)C2O)C=C(O)C2=C1OC(C1=CC=C(O)C=C1)=C(OC1OC(C)C(O)C(=O)[C@H]1O)C2=O,A_family1_ugt_high_confidence
110,rank110_GWHPBECS026010,compound_1,GWHPBECS026010,/home/jnz/AIGT_esmc/Alphafold/neg_fix_v1_top200/compound_1/inputs/yaml/rank110_GWHPBECS026010.yaml,0.6819296479225159,476,CC(C)=CCC1=C(O[C@@H]2O[C@H](CO)C(O)C(O)C2O)C=C(O)C2=C1OC(C1=CC=C(O)C=C1)=C(OC1OC(C)C(O)C(=O)[C@H]1O)C2=O,A_family1_ugt_high_confidence
111,rank111_GWHPBECS007006,compound_1,GWHPBECS007006,/home/jnz/AIGT_esmc/Alphafold/neg_fix_v1_top200/compound_1/inputs/yaml/rank111_GWHPBECS007006.yaml,0.6819025278091431,457,CC(C)=CCC1=C(O[C@@H]2O[C@H](CO)C(O)C(O)C2O)C=C(O)C2=C1OC(C1=CC=C(O)C=C1)=C(OC1OC(C)C(O)C(=O)[C@H]1O)C2=O,A_family1_ugt_high_confidence
112,rank112_GWHPBECS025037,compound_1,GWHPBECS025037,/home/jnz/AIGT_esmc/Alphafold/neg_fix_v1_top200/compound_1/inputs/yaml/rank112_GWHPBECS025037.yaml,0.6818783283233643,738,CC(C)=CCC1=C(O[C@@H]2O[C@H](CO)C(O)C(O)C2O)C=C(O)C2=C1OC(C1=CC=C(O)C=C1)=C(OC1OC(C)C(O)C(=O)[C@H]1O)C2=O,C_reviewed_gt_high_similarity
113,rank113_GWHPBECS007575,compound_1,GWHPBECS007575,/home/jnz/AIGT_esmc/Alphafold/neg_fix_v1_top200/compound_1/inputs/yaml/rank113_GWHPBECS007575.yaml,0.6818548440933228,451,CC(C)=CCC1=C(O[C@@H]2O[C@H](CO)C(O)C(O)C2O)C=C(O)C2=C1OC(C1=CC=C(O)C=C1)=C(OC1OC(C)C(O)C(=O)[C@H]1O)C2=O,C_reviewed_gt_high_similarity
114,rank114_GWHPBECS026009,compound_1,GWHPBECS026009,/home/jnz/AIGT_esmc/Alphafold/neg_fix_v1_top200/compound_1/inputs/yaml/rank114_GWHPBECS026009.yaml,0.6817930936813354,476,CC(C)=CCC1=C(O[C@@H]2O[C@H](CO)C(O)C(O)C2O)C=C(O)C2=C1OC(C1=CC=C(O)C=C1)=C(OC1OC(C)C(O)C(=O)[C@H]1O)C2=O,A_family1_ugt_high_confidence
115,rank115_GWHPBECS012284,compound_1,GWHPBECS012284,/home/jnz/AIGT_esmc/Alphafold/neg_fix_v1_top200/compound_1/inputs/yaml/rank115_GWHPBECS012284.yaml,0.6817563772201538,461,CC(C)=CCC1=C(O[C@@H]2O[C@H](CO)C(O)C(O)C2O)C=C(O)C2=C1OC(C1=CC=C(O)C=C1)=C(OC1OC(C)C(O)C(=O)[C@H]1O)C2=O,A_family1_ugt_high_confidence
116,rank116_GWHPBECS006520,compound_1,GWHPBECS006520,/home/jnz/AIGT_esmc/Alphafold/neg_fix_v1_top200/compound_1/inputs/yaml/rank116_GWHPBECS006520.yaml,0.6817343235015869,473,CC(C)=CCC1=C(O[C@@H]2O[C@H](CO)C(O)C(O)C2O)C=C(O)C2=C1OC(C1=CC=C(O)C=C1)=C(OC1OC(C)C(O)C(=O)[C@H]1O)C2=O,A_family1_ugt_high_confidence
117,rank117_GWHPBECS041305,compound_1,GWHPBECS041305,/home/jnz/AIGT_esmc/Alphafold/neg_fix_v1_top200/compound_1/inputs/yaml/rank117_GWHPBECS041305.yaml,0.6816221475601196,456,CC(C)=CCC1=C(O[C@@H]2O[C@H](CO)C(O)C(O)C2O)C=C(O)C2=C1OC(C1=CC=C(O)C=C1)=C(OC1OC(C)C(O)C(=O)[C@H]1O)C2=O,B_pspg_like_gt_candidate
118,rank118_GWHPBECS026005,compound_1,GWHPBECS026005,/home/jnz/AIGT_esmc/Alphafold/neg_fix_v1_top200/compound_1/inputs/yaml/rank118_GWHPBECS026005.yaml,0.6815983653068542,473,CC(C)=CCC1=C(O[C@@H]2O[C@H](CO)C(O)C(O)C2O)C=C(O)C2=C1OC(C1=CC=C(O)C=C1)=C(OC1OC(C)C(O)C(=O)[C@H]1O)C2=O,A_family1_ugt_high_confidence
119,rank119_GWHPBECS026453,compound_1,GWHPBECS026453,/home/jnz/AIGT_esmc/Alphafold/neg_fix_v1_top200/compound_1/inputs/yaml/rank119_GWHPBECS026453.yaml,0.6814202070236206,475,CC(C)=CCC1=C(O[C@@H]2O[C@H](CO)C(O)C(O)C2O)C=C(O)C2=C1OC(C1=CC=C(O)C=C1)=C(OC1OC(C)C(O)C(=O)[C@H]1O)C2=O,A_family1_ugt_high_confidence
120,rank120_GWHPBECS010761,compound_1,GWHPBECS010761,/home/jnz/AIGT_esmc/Alphafold/neg_fix_v1_top200/compound_1/inputs/yaml/rank120_GWHPBECS010761.yaml,0.6813399791717529,439,CC(C)=CCC1=C(O[C@@H]2O[C@H](CO)C(O)C(O)C2O)C=C(O)C2=C1OC(C1=CC=C(O)C=C1)=C(OC1OC(C)C(O)C(=O)[C@H]1O)C2=O,C_reviewed_gt_high_similarity
121,rank121_GWHPBECS012437,compound_1,GWHPBECS012437,/home/jnz/AIGT_esmc/Alphafold/neg_fix_v1_top200/compound_1/inputs/yaml/rank121_GWHPBECS012437.yaml,0.6812729835510254,459,CC(C)=CCC1=C(O[C@@H]2O[C@H](CO)C(O)C(O)C2O)C=C(O)C2=C1OC(C1=CC=C(O)C=C1)=C(OC1OC(C)C(O)C(=O)[C@H]1O)C2=O,A_family1_ugt_high_confidence
122,rank122_GWHPBECS012322,compound_1,GWHPBECS012322,/home/jnz/AIGT_esmc/Alphafold/neg_fix_v1_top200/compound_1/inputs/yaml/rank122_GWHPBECS012322.yaml,0.6811941862106323,461,CC(C)=CCC1=C(O[C@@H]2O[C@H](CO)C(O)C(O)C2O)C=C(O)C2=C1OC(C1=CC=C(O)C=C1)=C(OC1OC(C)C(O)C(=O)[C@H]1O)C2=O,A_family1_ugt_high_confidence
123,rank123_GWHPBECS010760,compound_1,GWHPBECS010760,/home/jnz/AIGT_esmc/Alphafold/neg_fix_v1_top200/compound_1/inputs/yaml/rank123_GWHPBECS010760.yaml,0.6811903715133667,447,CC(C)=CCC1=C(O[C@@H]2O[C@H](CO)C(O)C(O)C2O)C=C(O)C2=C1OC(C1=CC=C(O)C=C1)=C(OC1OC(C)C(O)C(=O)[C@H]1O)C2=O,C_reviewed_gt_high_similarity
124,rank124_GWHPBECS004330,compound_1,GWHPBECS004330,/home/jnz/AIGT_esmc/Alphafold/neg_fix_v1_top200/compound_1/inputs/yaml/rank124_GWHPBECS004330.yaml,0.6809070706367493,255,CC(C)=CCC1=C(O[C@@H]2O[C@H](CO)C(O)C(O)C2O)C=C(O)C2=C1OC(C1=CC=C(O)C=C1)=C(OC1OC(C)C(O)C(=O)[C@H]1O)C2=O,C_reviewed_gt_high_similarity
125,rank125_GWHPBECS034731,compound_1,GWHPBECS034731,/home/jnz/AIGT_esmc/Alphafold/neg_fix_v1_top200/compound_1/inputs/yaml/rank125_GWHPBECS034731.yaml,0.6809048056602478,456,CC(C)=CCC1=C(O[C@@H]2O[C@H](CO)C(O)C(O)C2O)C=C(O)C2=C1OC(C1=CC=C(O)C=C1)=C(OC1OC(C)C(O)C(=O)[C@H]1O)C2=O,B_pspg_like_gt_candidate
126,rank126_GWHPBECS009693,compound_1,GWHPBECS009693,/home/jnz/AIGT_esmc/Alphafold/neg_fix_v1_top200/compound_1/inputs/yaml/rank126_GWHPBECS009693.yaml,0.680675208568573,617,CC(C)=CCC1=C(O[C@@H]2O[C@H](CO)C(O)C(O)C2O)C=C(O)C2=C1OC(C1=CC=C(O)C=C1)=C(OC1OC(C)C(O)C(=O)[C@H]1O)C2=O,C_reviewed_gt_high_similarity
127,rank127_GWHPBECS002895,compound_1,GWHPBECS002895,/home/jnz/AIGT_esmc/Alphafold/neg_fix_v1_top200/compound_1/inputs/yaml/rank127_GWHPBECS002895.yaml,0.6805236339569092,486,CC(C)=CCC1=C(O[C@@H]2O[C@H](CO)C(O)C(O)C2O)C=C(O)C2=C1OC(C1=CC=C(O)C=C1)=C(OC1OC(C)C(O)C(=O)[C@H]1O)C2=O,C_reviewed_gt_high_similarity
128,rank128_GWHPBECS015470,compound_1,GWHPBECS015470,/home/jnz/AIGT_esmc/Alphafold/neg_fix_v1_top200/compound_1/inputs/yaml/rank128_GWHPBECS015470.yaml,0.6803889274597168,316,CC(C)=CCC1=C(O[C@@H]2O[C@H](CO)C(O)C(O)C2O)C=C(O)C2=C1OC(C1=CC=C(O)C=C1)=C(OC1OC(C)C(O)C(=O)[C@H]1O)C2=O,C_reviewed_gt_high_similarity
129,rank129_GWHPBECS024319,compound_1,GWHPBECS024319,/home/jnz/AIGT_esmc/Alphafold/neg_fix_v1_top200/compound_1/inputs/yaml/rank129_GWHPBECS024319.yaml,0.6803470849990845,479,CC(C)=CCC1=C(O[C@@H]2O[C@H](CO)C(O)C(O)C2O)C=C(O)C2=C1OC(C1=CC=C(O)C=C1)=C(OC1OC(C)C(O)C(=O)[C@H]1O)C2=O,A_family1_ugt_high_confidence
130,rank130_GWHPBECS026447,compound_1,GWHPBECS026447,/home/jnz/AIGT_esmc/Alphafold/neg_fix_v1_top200/compound_1/inputs/yaml/rank130_GWHPBECS026447.yaml,0.6803215146064758,475,CC(C)=CCC1=C(O[C@@H]2O[C@H](CO)C(O)C(O)C2O)C=C(O)C2=C1OC(C1=CC=C(O)C=C1)=C(OC1OC(C)C(O)C(=O)[C@H]1O)C2=O,A_family1_ugt_high_confidence
131,rank131_GWHPBECS007574,compound_1,GWHPBECS007574,/home/jnz/AIGT_esmc/Alphafold/neg_fix_v1_top200/compound_1/inputs/yaml/rank131_GWHPBECS007574.yaml,0.6803122162818909,446,CC(C)=CCC1=C(O[C@@H]2O[C@H](CO)C(O)C(O)C2O)C=C(O)C2=C1OC(C1=CC=C(O)C=C1)=C(OC1OC(C)C(O)C(=O)[C@H]1O)C2=O,C_reviewed_gt_high_similarity
132,rank132_GWHPBECS030111,compound_1,GWHPBECS030111,/home/jnz/AIGT_esmc/Alphafold/neg_fix_v1_top200/compound_1/inputs/yaml/rank132_GWHPBECS030111.yaml,0.6802926063537598,479,CC(C)=CCC1=C(O[C@@H]2O[C@H](CO)C(O)C(O)C2O)C=C(O)C2=C1OC(C1=CC=C(O)C=C1)=C(OC1OC(C)C(O)C(=O)[C@H]1O)C2=O,C_reviewed_gt_high_similarity
133,rank133_GWHPBECS026441,compound_1,GWHPBECS026441,/home/jnz/AIGT_esmc/Alphafold/neg_fix_v1_top200/compound_1/inputs/yaml/rank133_GWHPBECS026441.yaml,0.6802822351455688,470,CC(C)=CCC1=C(O[C@@H]2O[C@H](CO)C(O)C(O)C2O)C=C(O)C2=C1OC(C1=CC=C(O)C=C1)=C(OC1OC(C)C(O)C(=O)[C@H]1O)C2=O,A_family1_ugt_high_confidence
134,rank134_GWHPBECS005379,compound_1,GWHPBECS005379,/home/jnz/AIGT_esmc/Alphafold/neg_fix_v1_top200/compound_1/inputs/yaml/rank134_GWHPBECS005379.yaml,0.6800990104675293,460,CC(C)=CCC1=C(O[C@@H]2O[C@H](CO)C(O)C(O)C2O)C=C(O)C2=C1OC(C1=CC=C(O)C=C1)=C(OC1OC(C)C(O)C(=O)[C@H]1O)C2=O,A_family1_ugt_high_confidence
135,rank135_GWHPBECS026438,compound_1,GWHPBECS026438,/home/jnz/AIGT_esmc/Alphafold/neg_fix_v1_top200/compound_1/inputs/yaml/rank135_GWHPBECS026438.yaml,0.6799227595329285,470,CC(C)=CCC1=C(O[C@@H]2O[C@H](CO)C(O)C(O)C2O)C=C(O)C2=C1OC(C1=CC=C(O)C=C1)=C(OC1OC(C)C(O)C(=O)[C@H]1O)C2=O,A_family1_ugt_high_confidence
136,rank136_GWHPBECS012488,compound_1,GWHPBECS012488,/home/jnz/AIGT_esmc/Alphafold/neg_fix_v1_top200/compound_1/inputs/yaml/rank136_GWHPBECS012488.yaml,0.6798509359359741,417,CC(C)=CCC1=C(O[C@@H]2O[C@H](CO)C(O)C(O)C2O)C=C(O)C2=C1OC(C1=CC=C(O)C=C1)=C(OC1OC(C)C(O)C(=O)[C@H]1O)C2=O,C_reviewed_gt_high_similarity
137,rank137_GWHPBECS040946,compound_1,GWHPBECS040946,/home/jnz/AIGT_esmc/Alphafold/neg_fix_v1_top200/compound_1/inputs/yaml/rank137_GWHPBECS040946.yaml,0.679827094078064,436,CC(C)=CCC1=C(O[C@@H]2O[C@H](CO)C(O)C(O)C2O)C=C(O)C2=C1OC(C1=CC=C(O)C=C1)=C(OC1OC(C)C(O)C(=O)[C@H]1O)C2=O,B_pspg_like_gt_candidate
138,rank138_GWHPBECS012298,compound_1,GWHPBECS012298,/home/jnz/AIGT_esmc/Alphafold/neg_fix_v1_top200/compound_1/inputs/yaml/rank138_GWHPBECS012298.yaml,0.6797645092010498,463,CC(C)=CCC1=C(O[C@@H]2O[C@H](CO)C(O)C(O)C2O)C=C(O)C2=C1OC(C1=CC=C(O)C=C1)=C(OC1OC(C)C(O)C(=O)[C@H]1O)C2=O,A_family1_ugt_high_confidence
139,rank139_GWHPBECS010875,compound_1,GWHPBECS010875,/home/jnz/AIGT_esmc/Alphafold/neg_fix_v1_top200/compound_1/inputs/yaml/rank139_GWHPBECS010875.yaml,0.6796867251396179,471,CC(C)=CCC1=C(O[C@@H]2O[C@H](CO)C(O)C(O)C2O)C=C(O)C2=C1OC(C1=CC=C(O)C=C1)=C(OC1OC(C)C(O)C(=O)[C@H]1O)C2=O,A_family1_ugt_high_confidence
140,rank140_GWHPBECS011561,compound_1,GWHPBECS011561,/home/jnz/AIGT_esmc/Alphafold/neg_fix_v1_top200/compound_1/inputs/yaml/rank140_GWHPBECS011561.yaml,0.6794608235359192,459,CC(C)=CCC1=C(O[C@@H]2O[C@H](CO)C(O)C(O)C2O)C=C(O)C2=C1OC(C1=CC=C(O)C=C1)=C(OC1OC(C)C(O)C(=O)[C@H]1O)C2=O,A_family1_ugt_high_confidence
141,rank141_GWHPBECS041598,compound_1,GWHPBECS041598,/home/jnz/AIGT_esmc/Alphafold/neg_fix_v1_top200/compound_1/inputs/yaml/rank141_GWHPBECS041598.yaml,0.6794330477714539,470,CC(C)=CCC1=C(O[C@@H]2O[C@H](CO)C(O)C(O)C2O)C=C(O)C2=C1OC(C1=CC=C(O)C=C1)=C(OC1OC(C)C(O)C(=O)[C@H]1O)C2=O,A_family1_ugt_high_confidence
142,rank142_GWHPBECS010874,compound_1,GWHPBECS010874,/home/jnz/AIGT_esmc/Alphafold/neg_fix_v1_top200/compound_1/inputs/yaml/rank142_GWHPBECS010874.yaml,0.6794188022613525,471,CC(C)=CCC1=C(O[C@@H]2O[C@H](CO)C(O)C(O)C2O)C=C(O)C2=C1OC(C1=CC=C(O)C=C1)=C(OC1OC(C)C(O)C(=O)[C@H]1O)C2=O,A_family1_ugt_high_confidence
143,rank143_GWHPBECS012282,compound_1,GWHPBECS012282,/home/jnz/AIGT_esmc/Alphafold/neg_fix_v1_top200/compound_1/inputs/yaml/rank143_GWHPBECS012282.yaml,0.6793195605278015,421,CC(C)=CCC1=C(O[C@@H]2O[C@H](CO)C(O)C(O)C2O)C=C(O)C2=C1OC(C1=CC=C(O)C=C1)=C(OC1OC(C)C(O)C(=O)[C@H]1O)C2=O,A_family1_ugt_high_confidence
144,rank144_GWHPBECS013075,compound_1,GWHPBECS013075,/home/jnz/AIGT_esmc/Alphafold/neg_fix_v1_top200/compound_1/inputs/yaml/rank144_GWHPBECS013075.yaml,0.6792608499526978,446,CC(C)=CCC1=C(O[C@@H]2O[C@H](CO)C(O)C(O)C2O)C=C(O)C2=C1OC(C1=CC=C(O)C=C1)=C(OC1OC(C)C(O)C(=O)[C@H]1O)C2=O,A_family1_ugt_high_confidence
145,rank145_GWHPBECS040957,compound_1,GWHPBECS040957,/home/jnz/AIGT_esmc/Alphafold/neg_fix_v1_top200/compound_1/inputs/yaml/rank145_GWHPBECS040957.yaml,0.6792256236076355,436,CC(C)=CCC1=C(O[C@@H]2O[C@H](CO)C(O)C(O)C2O)C=C(O)C2=C1OC(C1=CC=C(O)C=C1)=C(OC1OC(C)C(O)C(=O)[C@H]1O)C2=O,B_pspg_like_gt_candidate
146,rank146_GWHPBECS004648,compound_1,GWHPBECS004648,/home/jnz/AIGT_esmc/Alphafold/neg_fix_v1_top200/compound_1/inputs/yaml/rank146_GWHPBECS004648.yaml,0.6790837645530701,487,CC(C)=CCC1=C(O[C@@H]2O[C@H](CO)C(O)C(O)C2O)C=C(O)C2=C1OC(C1=CC=C(O)C=C1)=C(OC1OC(C)C(O)C(=O)[C@H]1O)C2=O,C_reviewed_gt_high_similarity
147,rank147_GWHPBECS013084,compound_1,GWHPBECS013084,/home/jnz/AIGT_esmc/Alphafold/neg_fix_v1_top200/compound_1/inputs/yaml/rank147_GWHPBECS013084.yaml,0.6790828704833984,446,CC(C)=CCC1=C(O[C@@H]2O[C@H](CO)C(O)C(O)C2O)C=C(O)C2=C1OC(C1=CC=C(O)C=C1)=C(OC1OC(C)C(O)C(=O)[C@H]1O)C2=O,A_family1_ugt_high_confidence
148,rank148_GWHPBECS036196,compound_1,GWHPBECS036196,/home/jnz/AIGT_esmc/Alphafold/neg_fix_v1_top200/compound_1/inputs/yaml/rank148_GWHPBECS036196.yaml,0.6789891123771667,528,CC(C)=CCC1=C(O[C@@H]2O[C@H](CO)C(O)C(O)C2O)C=C(O)C2=C1OC(C1=CC=C(O)C=C1)=C(OC1OC(C)C(O)C(=O)[C@H]1O)C2=O,A_family1_ugt_high_confidence
149,rank149_GWHPBECS013085,compound_1,GWHPBECS013085,/home/jnz/AIGT_esmc/Alphafold/neg_fix_v1_top200/compound_1/inputs/yaml/rank149_GWHPBECS013085.yaml,0.678631067276001,456,CC(C)=CCC1=C(O[C@@H]2O[C@H](CO)C(O)C(O)C2O)C=C(O)C2=C1OC(C1=CC=C(O)C=C1)=C(OC1OC(C)C(O)C(=O)[C@H]1O)C2=O,A_family1_ugt_high_confidence
150,rank150_GWHPBECS026461,compound_1,GWHPBECS026461,/home/jnz/AIGT_esmc/Alphafold/neg_fix_v1_top200/compound_1/inputs/yaml/rank150_GWHPBECS026461.yaml,0.6786271929740906,460,CC(C)=CCC1=C(O[C@@H]2O[C@H](CO)C(O)C(O)C2O)C=C(O)C2=C1OC(C1=CC=C(O)C=C1)=C(OC1OC(C)C(O)C(=O)[C@H]1O)C2=O,A_family1_ugt_high_confidence
151,rank151_GWHPBECS026006,compound_1,GWHPBECS026006,/home/jnz/AIGT_esmc/Alphafold/neg_fix_v1_top200/compound_1/inputs/yaml/rank151_GWHPBECS026006.yaml,0.678576648235321,373,CC(C)=CCC1=C(O[C@@H]2O[C@H](CO)C(O)C(O)C2O)C=C(O)C2=C1OC(C1=CC=C(O)C=C1)=C(OC1OC(C)C(O)C(=O)[C@H]1O)C2=O,C_reviewed_gt_high_similarity
152,rank152_GWHPBECS013156,compound_1,GWHPBECS013156,/home/jnz/AIGT_esmc/Alphafold/neg_fix_v1_top200/compound_1/inputs/yaml/rank152_GWHPBECS013156.yaml,0.6785194277763367,460,CC(C)=CCC1=C(O[C@@H]2O[C@H](CO)C(O)C(O)C2O)C=C(O)C2=C1OC(C1=CC=C(O)C=C1)=C(OC1OC(C)C(O)C(=O)[C@H]1O)C2=O,A_family1_ugt_high_confidence
153,rank153_GWHPBECS010872,compound_1,GWHPBECS010872,/home/jnz/AIGT_esmc/Alphafold/neg_fix_v1_top200/compound_1/inputs/yaml/rank153_GWHPBECS010872.yaml,0.6784711480140686,467,CC(C)=CCC1=C(O[C@@H]2O[C@H](CO)C(O)C(O)C2O)C=C(O)C2=C1OC(C1=CC=C(O)C=C1)=C(OC1OC(C)C(O)C(=O)[C@H]1O)C2=O,A_family1_ugt_high_confidence
154,rank154_GWHPBECS012121,compound_1,GWHPBECS012121,/home/jnz/AIGT_esmc/Alphafold/neg_fix_v1_top200/compound_1/inputs/yaml/rank154_GWHPBECS012121.yaml,0.6783556342124939,459,CC(C)=CCC1=C(O[C@@H]2O[C@H](CO)C(O)C(O)C2O)C=C(O)C2=C1OC(C1=CC=C(O)C=C1)=C(OC1OC(C)C(O)C(=O)[C@H]1O)C2=O,A_family1_ugt_high_confidence
155,rank155_GWHPBECS019983,compound_1,GWHPBECS019983,/home/jnz/AIGT_esmc/Alphafold/neg_fix_v1_top200/compound_1/inputs/yaml/rank155_GWHPBECS019983.yaml,0.6783040165901184,410,CC(C)=CCC1=C(O[C@@H]2O[C@H](CO)C(O)C(O)C2O)C=C(O)C2=C1OC(C1=CC=C(O)C=C1)=C(OC1OC(C)C(O)C(=O)[C@H]1O)C2=O,A_family1_ugt_high_confidence
156,rank156_GWHPBECS018535,compound_1,GWHPBECS018535,/home/jnz/AIGT_esmc/Alphafold/neg_fix_v1_top200/compound_1/inputs/yaml/rank156_GWHPBECS018535.yaml,0.6782362461090088,370,CC(C)=CCC1=C(O[C@@H]2O[C@H](CO)C(O)C(O)C2O)C=C(O)C2=C1OC(C1=CC=C(O)C=C1)=C(OC1OC(C)C(O)C(=O)[C@H]1O)C2=O,C_reviewed_gt_high_similarity
157,rank157_GWHPBECS013082,compound_1,GWHPBECS013082,/home/jnz/AIGT_esmc/Alphafold/neg_fix_v1_top200/compound_1/inputs/yaml/rank157_GWHPBECS013082.yaml,0.6781488656997681,446,CC(C)=CCC1=C(O[C@@H]2O[C@H](CO)C(O)C(O)C2O)C=C(O)C2=C1OC(C1=CC=C(O)C=C1)=C(OC1OC(C)C(O)C(=O)[C@H]1O)C2=O,A_family1_ugt_high_confidence
158,rank158_GWHPBECS013070,compound_1,GWHPBECS013070,/home/jnz/AIGT_esmc/Alphafold/neg_fix_v1_top200/compound_1/inputs/yaml/rank158_GWHPBECS013070.yaml,0.6778943538665771,432,CC(C)=CCC1=C(O[C@@H]2O[C@H](CO)C(O)C(O)C2O)C=C(O)C2=C1OC(C1=CC=C(O)C=C1)=C(OC1OC(C)C(O)C(=O)[C@H]1O)C2=O,A_family1_ugt_high_confidence
159,rank159_GWHPBECS036889,compound_1,GWHPBECS036889,/home/jnz/AIGT_esmc/Alphafold/neg_fix_v1_top200/compound_1/inputs/yaml/rank159_GWHPBECS036889.yaml,0.6778836250305176,294,CC(C)=CCC1=C(O[C@@H]2O[C@H](CO)C(O)C(O)C2O)C=C(O)C2=C1OC(C1=CC=C(O)C=C1)=C(OC1OC(C)C(O)C(=O)[C@H]1O)C2=O,C_reviewed_gt_high_similarity
160,rank160_GWHPBECS011560,compound_1,GWHPBECS011560,/home/jnz/AIGT_esmc/Alphafold/neg_fix_v1_top200/compound_1/inputs/yaml/rank160_GWHPBECS011560.yaml,0.6777547001838684,459,CC(C)=CCC1=C(O[C@@H]2O[C@H](CO)C(O)C(O)C2O)C=C(O)C2=C1OC(C1=CC=C(O)C=C1)=C(OC1OC(C)C(O)C(=O)[C@H]1O)C2=O,A_family1_ugt_high_confidence
161,rank161_GWHPBECS013067,compound_1,GWHPBECS013067,/home/jnz/AIGT_esmc/Alphafold/neg_fix_v1_top200/compound_1/inputs/yaml/rank161_GWHPBECS013067.yaml,0.6776649951934814,446,CC(C)=CCC1=C(O[C@@H]2O[C@H](CO)C(O)C(O)C2O)C=C(O)C2=C1OC(C1=CC=C(O)C=C1)=C(OC1OC(C)C(O)C(=O)[C@H]1O)C2=O,A_family1_ugt_high_confidence
162,rank162_GWHPBECS034593,compound_1,GWHPBECS034593,/home/jnz/AIGT_esmc/Alphafold/neg_fix_v1_top200/compound_1/inputs/yaml/rank162_GWHPBECS034593.yaml,0.6774665117263794,487,CC(C)=CCC1=C(O[C@@H]2O[C@H](CO)C(O)C(O)C2O)C=C(O)C2=C1OC(C1=CC=C(O)C=C1)=C(OC1OC(C)C(O)C(=O)[C@H]1O)C2=O,C_reviewed_gt_high_similarity
163,rank163_GWHPBECS026464,compound_1,GWHPBECS026464,/home/jnz/AIGT_esmc/Alphafold/neg_fix_v1_top200/compound_1/inputs/yaml/rank163_GWHPBECS026464.yaml,0.677454948425293,470,CC(C)=CCC1=C(O[C@@H]2O[C@H](CO)C(O)C(O)C2O)C=C(O)C2=C1OC(C1=CC=C(O)C=C1)=C(OC1OC(C)C(O)C(=O)[C@H]1O)C2=O,A_family1_ugt_high_confidence
164,rank164_GWHPBECS013074,compound_1,GWHPBECS013074,/home/jnz/AIGT_esmc/Alphafold/neg_fix_v1_top200/compound_1/inputs/yaml/rank164_GWHPBECS013074.yaml,0.6773977875709534,446,CC(C)=CCC1=C(O[C@@H]2O[C@H](CO)C(O)C(O)C2O)C=C(O)C2=C1OC(C1=CC=C(O)C=C1)=C(OC1OC(C)C(O)C(=O)[C@H]1O)C2=O,A_family1_ugt_high_confidence
165,rank165_GWHPBECS013087,compound_1,GWHPBECS013087,/home/jnz/AIGT_esmc/Alphafold/neg_fix_v1_top200/compound_1/inputs/yaml/rank165_GWHPBECS013087.yaml,0.6772840619087219,479,CC(C)=CCC1=C(O[C@@H]2O[C@H](CO)C(O)C(O)C2O)C=C(O)C2=C1OC(C1=CC=C(O)C=C1)=C(OC1OC(C)C(O)C(=O)[C@H]1O)C2=O,A_family1_ugt_high_confidence
166,rank166_GWHPBECS026810,compound_1,GWHPBECS026810,/home/jnz/AIGT_esmc/Alphafold/neg_fix_v1_top200/compound_1/inputs/yaml/rank166_GWHPBECS026810.yaml,0.6772432923316956,471,CC(C)=CCC1=C(O[C@@H]2O[C@H](CO)C(O)C(O)C2O)C=C(O)C2=C1OC(C1=CC=C(O)C=C1)=C(OC1OC(C)C(O)C(=O)[C@H]1O)C2=O,A_family1_ugt_high_confidence
167,rank167_GWHPBECS005719,compound_1,GWHPBECS005719,/home/jnz/AIGT_esmc/Alphafold/neg_fix_v1_top200/compound_1/inputs/yaml/rank167_GWHPBECS005719.yaml,0.6770455837249756,501,CC(C)=CCC1=C(O[C@@H]2O[C@H](CO)C(O)C(O)C2O)C=C(O)C2=C1OC(C1=CC=C(O)C=C1)=C(OC1OC(C)C(O)C(=O)[C@H]1O)C2=O,A_family1_ugt_high_confidence
168,rank168_GWHPBECS016597,compound_1,GWHPBECS016597,/home/jnz/AIGT_esmc/Alphafold/neg_fix_v1_top200/compound_1/inputs/yaml/rank168_GWHPBECS016597.yaml,0.6769586801528931,331,CC(C)=CCC1=C(O[C@@H]2O[C@H](CO)C(O)C(O)C2O)C=C(O)C2=C1OC(C1=CC=C(O)C=C1)=C(OC1OC(C)C(O)C(=O)[C@H]1O)C2=O,C_reviewed_gt_high_similarity
169,rank169_GWHPBECS039806,compound_1,GWHPBECS039806,/home/jnz/AIGT_esmc/Alphafold/neg_fix_v1_top200/compound_1/inputs/yaml/rank169_GWHPBECS039806.yaml,0.6769503951072693,403,CC(C)=CCC1=C(O[C@@H]2O[C@H](CO)C(O)C(O)C2O)C=C(O)C2=C1OC(C1=CC=C(O)C=C1)=C(OC1OC(C)C(O)C(=O)[C@H]1O)C2=O,A_family1_ugt_high_confidence
170,rank170_GWHPBECS013069,compound_1,GWHPBECS013069,/home/jnz/AIGT_esmc/Alphafold/neg_fix_v1_top200/compound_1/inputs/yaml/rank170_GWHPBECS013069.yaml,0.6769378781318665,357,CC(C)=CCC1=C(O[C@@H]2O[C@H](CO)C(O)C(O)C2O)C=C(O)C2=C1OC(C1=CC=C(O)C=C1)=C(OC1OC(C)C(O)C(=O)[C@H]1O)C2=O,A_family1_ugt_high_confidence
171,rank171_GWHPBECS015068,compound_1,GWHPBECS015068,/home/jnz/AIGT_esmc/Alphafold/neg_fix_v1_top200/compound_1/inputs/yaml/rank171_GWHPBECS015068.yaml,0.6767820119857788,451,CC(C)=CCC1=C(O[C@@H]2O[C@H](CO)C(O)C(O)C2O)C=C(O)C2=C1OC(C1=CC=C(O)C=C1)=C(OC1OC(C)C(O)C(=O)[C@H]1O)C2=O,A_family1_ugt_high_confidence
172,rank172_GWHPBECS012288,compound_1,GWHPBECS012288,/home/jnz/AIGT_esmc/Alphafold/neg_fix_v1_top200/compound_1/inputs/yaml/rank172_GWHPBECS012288.yaml,0.6766728758811951,453,CC(C)=CCC1=C(O[C@@H]2O[C@H](CO)C(O)C(O)C2O)C=C(O)C2=C1OC(C1=CC=C(O)C=C1)=C(OC1OC(C)C(O)C(=O)[C@H]1O)C2=O,A_family1_ugt_high_confidence
173,rank173_GWHPBECS041038,compound_1,GWHPBECS041038,/home/jnz/AIGT_esmc/Alphafold/neg_fix_v1_top200/compound_1/inputs/yaml/rank173_GWHPBECS041038.yaml,0.6766363382339478,482,CC(C)=CCC1=C(O[C@@H]2O[C@H](CO)C(O)C(O)C2O)C=C(O)C2=C1OC(C1=CC=C(O)C=C1)=C(OC1OC(C)C(O)C(=O)[C@H]1O)C2=O,C_reviewed_gt_high_similarity
174,rank174_GWHPBECS041332,compound_1,GWHPBECS041332,/home/jnz/AIGT_esmc/Alphafold/neg_fix_v1_top200/compound_1/inputs/yaml/rank174_GWHPBECS041332.yaml,0.6766153573989868,450,CC(C)=CCC1=C(O[C@@H]2O[C@H](CO)C(O)C(O)C2O)C=C(O)C2=C1OC(C1=CC=C(O)C=C1)=C(OC1OC(C)C(O)C(=O)[C@H]1O)C2=O,B_pspg_like_gt_candidate
175,rank175_GWHPBECS012287,compound_1,GWHPBECS012287,/home/jnz/AIGT_esmc/Alphafold/neg_fix_v1_top200/compound_1/inputs/yaml/rank175_GWHPBECS012287.yaml,0.6765387058258057,457,CC(C)=CCC1=C(O[C@@H]2O[C@H](CO)C(O)C(O)C2O)C=C(O)C2=C1OC(C1=CC=C(O)C=C1)=C(OC1OC(C)C(O)C(=O)[C@H]1O)C2=O,A_family1_ugt_high_confidence
176,rank176_GWHPBECS010756,compound_1,GWHPBECS010756,/home/jnz/AIGT_esmc/Alphafold/neg_fix_v1_top200/compound_1/inputs/yaml/rank176_GWHPBECS010756.yaml,0.6764913201332092,422,CC(C)=CCC1=C(O[C@@H]2O[C@H](CO)C(O)C(O)C2O)C=C(O)C2=C1OC(C1=CC=C(O)C=C1)=C(OC1OC(C)C(O)C(=O)[C@H]1O)C2=O,A_family1_ugt_high_confidence
177,rank177_GWHPBECS004454,compound_1,GWHPBECS004454,/home/jnz/AIGT_esmc/Alphafold/neg_fix_v1_top200/compound_1/inputs/yaml/rank177_GWHPBECS004454.yaml,0.6762991547584534,479,CC(C)=CCC1=C(O[C@@H]2O[C@H](CO)C(O)C(O)C2O)C=C(O)C2=C1OC(C1=CC=C(O)C=C1)=C(OC1OC(C)C(O)C(=O)[C@H]1O)C2=O,A_family1_ugt_high_confidence
178,rank178_GWHPBECS025353,compound_1,GWHPBECS025353,/home/jnz/AIGT_esmc/Alphafold/neg_fix_v1_top200/compound_1/inputs/yaml/rank178_GWHPBECS025353.yaml,0.6760863065719604,477,CC(C)=CCC1=C(O[C@@H]2O[C@H](CO)C(O)C(O)C2O)C=C(O)C2=C1OC(C1=CC=C(O)C=C1)=C(OC1OC(C)C(O)C(=O)[C@H]1O)C2=O,A_family1_ugt_high_confidence
179,rank179_GWHPBECS008682,compound_1,GWHPBECS008682,/home/jnz/AIGT_esmc/Alphafold/neg_fix_v1_top200/compound_1/inputs/yaml/rank179_GWHPBECS008682.yaml,0.6760745048522949,479,CC(C)=CCC1=C(O[C@@H]2O[C@H](CO)C(O)C(O)C2O)C=C(O)C2=C1OC(C1=CC=C(O)C=C1)=C(OC1OC(C)C(O)C(=O)[C@H]1O)C2=O,A_family1_ugt_high_confidence
180,rank180_GWHPBECS004661,compound_1,GWHPBECS004661,/home/jnz/AIGT_esmc/Alphafold/neg_fix_v1_top200/compound_1/inputs/yaml/rank180_GWHPBECS004661.yaml,0.6760615706443787,477,CC(C)=CCC1=C(O[C@@H]2O[C@H](CO)C(O)C(O)C2O)C=C(O)C2=C1OC(C1=CC=C(O)C=C1)=C(OC1OC(C)C(O)C(=O)[C@H]1O)C2=O,C_reviewed_gt_high_similarity
181,rank181_GWHPBECS019994,compound_1,GWHPBECS019994,/home/jnz/AIGT_esmc/Alphafold/neg_fix_v1_top200/compound_1/inputs/yaml/rank181_GWHPBECS019994.yaml,0.6759734153747559,480,CC(C)=CCC1=C(O[C@@H]2O[C@H](CO)C(O)C(O)C2O)C=C(O)C2=C1OC(C1=CC=C(O)C=C1)=C(OC1OC(C)C(O)C(=O)[C@H]1O)C2=O,A_family1_ugt_high_confidence
182,rank182_GWHPBECS007003,compound_1,GWHPBECS007003,/home/jnz/AIGT_esmc/Alphafold/neg_fix_v1_top200/compound_1/inputs/yaml/rank182_GWHPBECS007003.yaml,0.6759228110313416,447,CC(C)=CCC1=C(O[C@@H]2O[C@H](CO)C(O)C(O)C2O)C=C(O)C2=C1OC(C1=CC=C(O)C=C1)=C(OC1OC(C)C(O)C(=O)[C@H]1O)C2=O,A_family1_ugt_high_confidence
183,rank183_GWHPBECS019871,compound_1,GWHPBECS019871,/home/jnz/AIGT_esmc/Alphafold/neg_fix_v1_top200/compound_1/inputs/yaml/rank183_GWHPBECS019871.yaml,0.6758350729942322,455,CC(C)=CCC1=C(O[C@@H]2O[C@H](CO)C(O)C(O)C2O)C=C(O)C2=C1OC(C1=CC=C(O)C=C1)=C(OC1OC(C)C(O)C(=O)[C@H]1O)C2=O,A_family1_ugt_high_confidence
184,rank184_ON569258,compound_1,ON569258,/home/jnz/AIGT_esmc/Alphafold/neg_fix_v1_top200/compound_1/inputs/yaml/rank184_ON569258.yaml,0.6757878065109253,433,CC(C)=CCC1=C(O[C@@H]2O[C@H](CO)C(O)C(O)C2O)C=C(O)C2=C1OC(C1=CC=C(O)C=C1)=C(OC1OC(C)C(O)C(=O)[C@H]1O)C2=O,B_pspg_like_gt_candidate
185,rank185_GWHPBECS012325,compound_1,GWHPBECS012325,/home/jnz/AIGT_esmc/Alphafold/neg_fix_v1_top200/compound_1/inputs/yaml/rank185_GWHPBECS012325.yaml,0.6757082343101501,457,CC(C)=CCC1=C(O[C@@H]2O[C@H](CO)C(O)C(O)C2O)C=C(O)C2=C1OC(C1=CC=C(O)C=C1)=C(OC1OC(C)C(O)C(=O)[C@H]1O)C2=O,A_family1_ugt_high_confidence
186,rank186_GWHPBECS002781,compound_1,GWHPBECS002781,/home/jnz/AIGT_esmc/Alphafold/neg_fix_v1_top200/compound_1/inputs/yaml/rank186_GWHPBECS002781.yaml,0.6755326986312866,433,CC(C)=CCC1=C(O[C@@H]2O[C@H](CO)C(O)C(O)C2O)C=C(O)C2=C1OC(C1=CC=C(O)C=C1)=C(OC1OC(C)C(O)C(=O)[C@H]1O)C2=O,B_pspg_like_gt_candidate
187,rank187_GWHPBECS026592,compound_1,GWHPBECS026592,/home/jnz/AIGT_esmc/Alphafold/neg_fix_v1_top200/compound_1/inputs/yaml/rank187_GWHPBECS026592.yaml,0.6755086779594421,484,CC(C)=CCC1=C(O[C@@H]2O[C@H](CO)C(O)C(O)C2O)C=C(O)C2=C1OC(C1=CC=C(O)C=C1)=C(OC1OC(C)C(O)C(=O)[C@H]1O)C2=O,C_reviewed_gt_high_similarity
188,rank188_GWHPBECS020861,compound_1,GWHPBECS020861,/home/jnz/AIGT_esmc/Alphafold/neg_fix_v1_top200/compound_1/inputs/yaml/rank188_GWHPBECS020861.yaml,0.6753857731819153,295,CC(C)=CCC1=C(O[C@@H]2O[C@H](CO)C(O)C(O)C2O)C=C(O)C2=C1OC(C1=CC=C(O)C=C1)=C(OC1OC(C)C(O)C(=O)[C@H]1O)C2=O,C_reviewed_gt_high_similarity
189,rank189_GWHPBECS034592,compound_1,GWHPBECS034592,/home/jnz/AIGT_esmc/Alphafold/neg_fix_v1_top200/compound_1/inputs/yaml/rank189_GWHPBECS034592.yaml,0.6752903461456299,485,CC(C)=CCC1=C(O[C@@H]2O[C@H](CO)C(O)C(O)C2O)C=C(O)C2=C1OC(C1=CC=C(O)C=C1)=C(OC1OC(C)C(O)C(=O)[C@H]1O)C2=O,C_reviewed_gt_high_similarity
190,rank190_GWHPBECS026589,compound_1,GWHPBECS026589,/home/jnz/AIGT_esmc/Alphafold/neg_fix_v1_top200/compound_1/inputs/yaml/rank190_GWHPBECS026589.yaml,0.675086498260498,484,CC(C)=CCC1=C(O[C@@H]2O[C@H](CO)C(O)C(O)C2O)C=C(O)C2=C1OC(C1=CC=C(O)C=C1)=C(OC1OC(C)C(O)C(=O)[C@H]1O)C2=O,C_reviewed_gt_high_similarity
191,rank191_GWHPBECS039809,compound_1,GWHPBECS039809,/home/jnz/AIGT_esmc/Alphafold/neg_fix_v1_top200/compound_1/inputs/yaml/rank191_GWHPBECS039809.yaml,0.6749765872955322,438,CC(C)=CCC1=C(O[C@@H]2O[C@H](CO)C(O)C(O)C2O)C=C(O)C2=C1OC(C1=CC=C(O)C=C1)=C(OC1OC(C)C(O)C(=O)[C@H]1O)C2=O,A_family1_ugt_high_confidence
192,rank192_GWHPBECS039788,compound_1,GWHPBECS039788,/home/jnz/AIGT_esmc/Alphafold/neg_fix_v1_top200/compound_1/inputs/yaml/rank192_GWHPBECS039788.yaml,0.6749398112297058,461,CC(C)=CCC1=C(O[C@@H]2O[C@H](CO)C(O)C(O)C2O)C=C(O)C2=C1OC(C1=CC=C(O)C=C1)=C(OC1OC(C)C(O)C(=O)[C@H]1O)C2=O,A_family1_ugt_high_confidence
193,rank193_GWHPBECS019961,compound_1,GWHPBECS019961,/home/jnz/AIGT_esmc/Alphafold/neg_fix_v1_top200/compound_1/inputs/yaml/rank193_GWHPBECS019961.yaml,0.6747235655784607,480,CC(C)=CCC1=C(O[C@@H]2O[C@H](CO)C(O)C(O)C2O)C=C(O)C2=C1OC(C1=CC=C(O)C=C1)=C(OC1OC(C)C(O)C(=O)[C@H]1O)C2=O,A_family1_ugt_high_confidence
194,rank194_GWHPBECS012328,compound_1,GWHPBECS012328,/home/jnz/AIGT_esmc/Alphafold/neg_fix_v1_top200/compound_1/inputs/yaml/rank194_GWHPBECS012328.yaml,0.6745800375938416,453,CC(C)=CCC1=C(O[C@@H]2O[C@H](CO)C(O)C(O)C2O)C=C(O)C2=C1OC(C1=CC=C(O)C=C1)=C(OC1OC(C)C(O)C(=O)[C@H]1O)C2=O,A_family1_ugt_high_confidence
195,rank195_GWHPBECS004647,compound_1,GWHPBECS004647,/home/jnz/AIGT_esmc/Alphafold/neg_fix_v1_top200/compound_1/inputs/yaml/rank195_GWHPBECS004647.yaml,0.6744492053985596,451,CC(C)=CCC1=C(O[C@@H]2O[C@H](CO)C(O)C(O)C2O)C=C(O)C2=C1OC(C1=CC=C(O)C=C1)=C(OC1OC(C)C(O)C(=O)[C@H]1O)C2=O,C_reviewed_gt_high_similarity
196,rank196_GWHPBECS004456,compound_1,GWHPBECS004456,/home/jnz/AIGT_esmc/Alphafold/neg_fix_v1_top200/compound_1/inputs/yaml/rank196_GWHPBECS004456.yaml,0.6743029952049255,479,CC(C)=CCC1=C(O[C@@H]2O[C@H](CO)C(O)C(O)C2O)C=C(O)C2=C1OC(C1=CC=C(O)C=C1)=C(OC1OC(C)C(O)C(=O)[C@H]1O)C2=O,A_family1_ugt_high_confidence
197,rank197_GWHPBECS006544,compound_1,GWHPBECS006544,/home/jnz/AIGT_esmc/Alphafold/neg_fix_v1_top200/compound_1/inputs/yaml/rank197_GWHPBECS006544.yaml,0.6743003726005554,406,CC(C)=CCC1=C(O[C@@H]2O[C@H](CO)C(O)C(O)C2O)C=C(O)C2=C1OC(C1=CC=C(O)C=C1)=C(OC1OC(C)C(O)C(=O)[C@H]1O)C2=O,A_family1_ugt_high_confidence
198,rank198_GWHPBECS019953,compound_1,GWHPBECS019953,/home/jnz/AIGT_esmc/Alphafold/neg_fix_v1_top200/compound_1/inputs/yaml/rank198_GWHPBECS019953.yaml,0.6742430925369263,467,CC(C)=CCC1=C(O[C@@H]2O[C@H](CO)C(O)C(O)C2O)C=C(O)C2=C1OC(C1=CC=C(O)C=C1)=C(OC1OC(C)C(O)C(=O)[C@H]1O)C2=O,A_family1_ugt_high_confidence
199,rank199_GWHPBECS002782,compound_1,GWHPBECS002782,/home/jnz/AIGT_esmc/Alphafold/neg_fix_v1_top200/compound_1/inputs/yaml/rank199_GWHPBECS002782.yaml,0.6740303039550781,431,CC(C)=CCC1=C(O[C@@H]2O[C@H](CO)C(O)C(O)C2O)C=C(O)C2=C1OC(C1=CC=C(O)C=C1)=C(OC1OC(C)C(O)C(=O)[C@H]1O)C2=O,B_pspg_like_gt_candidate
200,rank200_GWHPBECS041035,compound_1,GWHPBECS041035,/home/jnz/AIGT_esmc/Alphafold/neg_fix_v1_top200/compound_1/inputs/yaml/rank200_GWHPBECS041035.yaml,0.674010694026947,482,CC(C)=CCC1=C(O[C@@H]2O[C@H](CO)C(O)C(O)C2O)C=C(O)C2=C1OC(C1=CC=C(O)C=C1)=C(OC1OC(C)C(O)C(=O)[C@H]1O)C2=O,C_reviewed_gt_high_similarity
