residue,frames_present,occupancy
GLY17,200,1.0
HIS18,200,1.0
PHE117,200,1.0
LEU138,200,1.0
GLY204,200,1.0
TYR207,200,1.0
PHE139,200,1.0
GLU203,200,1.0
GLY386,200,1.0
TRP366,200,1.0
GLU387,200,1.0
PHE385,200,1.0
ASN367,200,1.0
PHE147,199,0.995
GLY365,197,0.985
LEU153,196,0.98
ALA15,193,0.965
SER137,192,0.96
PHE135,185,0.925
ASN190,158,0.79
PHE167,137,0.685
SER368,114,0.57
ILE187,95,0.475
HIS363,76,0.38
GLN388,67,0.335
ARG189,60,0.3
GLU287,18,0.09
PHE182,9,0.045
ILE191,3,0.015
ASN391,1,0.005
ASN140,1,0.005
